Latitude,Longitude,Weather,Light_Condition,Road_Surface,Road_Function,Speed_Limit(MPH),Day,Month,Hour,Number_of_Vehicles,Intersection,Fatalities
36.86253889,-121.6150111,Rain,Daylight,Wet,Other Principal Arterial,65.0,22,January,2:00pm-2:59pm,1,Not an Intersection,1
33.79988056,-117.9153111,Clear,Dusk,Dry,Other Principal Arterial,35.0,5,January,5:00pm-5:59pm,1,Four-Way Intersection,1
33.6191,-117.8854889,Clear,Dark - Lighted,Dry,Other Principal Arterial,55.0,19,January,11:00pm-11:59pm,1,Not an Intersection,1
35.441225,-119.0298611,Clear,Dark - Lighted,Dry,Other Principal Arterial,40.0,4,January,8:00pm-8:59pm,2,Four-Way Intersection,1
35.19660556,-119.5453167,Clear,Dark - Not Lighted,Dry,Minor Arterial,55.0,7,January,11:00pm-11:59pm,1,Not an Intersection,1
38.56158611,-121.8538861,Cloudy,Daylight,Dry,Minor Arterial,55.0,10,January,10:00am-10:59am,2,Not an Intersection,1
38.65181111,-121.3830611,Cloudy,Daylight,Dry,Other Principal Arterial,45.0,22,January,11:00am-11:59am,3,Four-Way Intersection,1
38.92573889,-121.4876833,Clear,Daylight,Dry,Minor Arterial,55.0,5,January,2:00pm-2:59pm,2,Four-Way Intersection,1
34.27583333,-118.5990361,Clear,Daylight,Dry,Other Freeways and Expressways,65.0,8,January,8:00am-8:59am,3,Not an Intersection,1
36.71437778,-120.6576333,Clear,Dark - Not Lighted,Dry,Major Collector,55.0,8,January,8:00pm-8:59pm,1,Not an Intersection,1
39.51098889,-121.4862139,Clear,Dusk,Dry,Minor Arterial,45.0,12,January,4:00pm-4:59pm,1,Not an Intersection,1
36.40845833,-119.2961361,Clear,Dark - Not Lighted,Dry,Minor Arterial,55.0,14,January,10:00pm-10:59pm,2,Not an Intersection,1
35.50799722,-120.6960417,Cloudy,Dark - Not Lighted,Dry,Other Freeways and Expressways,65.0,21,January,10:00pm-10:59pm,1,Not an Intersection,1
36.61286111,-121.5670139,Rain,Daylight,Wet,Other Freeways and Expressways,55.0,22,January,9:00am-9:59am,2,Four-Way Intersection,1
38.84808889,-121.2999861,Cloudy,Dark - Not Lighted,Dry,Other Freeways and Expressways,65.0,23,January,6:00pm-6:59pm,2,Not an Intersection,1
39.48600556,-121.55115,Rain,Dark - Lighted,Wet,Minor Arterial,40.0,24,January,5:00pm-5:59pm,1,T-Intersection,1
36.19620278,-119.1226306,Cloudy,Dark - Not Lighted,Wet,Major Collector,55.0,7,February,Unknown Hours,1,Not an Intersection,1
38.69453333,-121.363525,Clear,Dark - Lighted,Dry,Other Principal Arterial,45.0,25,January,9:00pm-9:59pm,1,Four-Way Intersection,1
34.01603333,-117.3629639,Rain,Daylight,Wet,Other Principal Arterial,50.0,5,February,2:00pm-2:59pm,1,Not an Intersection,1
33.97795833,-117.54065,Cloudy,Dark - Lighted,Wet,Major Collector,45.0,19,January,9:00pm-9:59pm,2,T-Intersection,1
38.62374722,-121.4178944,Clear,Dark - Lighted,Dry,Other Freeways and Expressways,65.0,23,January,11:00pm-11:59pm,1,Not an Intersection,1
35.296025,-118.9494389,Clear,Dark - Not Lighted,Dry,Major Collector,55.0,14,January,5:00am-5:59am,2,Not an Intersection,1
34.85054722,-116.7624722,Clear,Daylight,Dry,Local,50.0,29,January,8:00am-8:59am,1,Not an Intersection,1
33.83671389,-118.3414361,Clear,Daylight,Wet,Other Principal Arterial,35.0,21,January,11:00am-11:59am,1,Not an Intersection,1
34.57866667,-117.9695278,Severe Crosswinds,Dark - Not Lighted,Dry,Minor Arterial,45.0,8,January,7:00pm-7:59pm,1,Not an Intersection,1
36.67108333,-121.6392861,Cloudy,Dark - Not Lighted,Dry,Other Freeways and Expressways,65.0,26,January,6:00am-6:59am,1,Not an Intersection,1
36.58173333,-121.9002528,Rain,Dark - Not Lighted,Wet,Other Freeways and Expressways,65.0,2,February,9:00pm-9:59pm,1,Not an Intersection,1
38.02706944,-121.2581056,Clear,Daylight,Dry,Other Freeways and Expressways,65.0,5,January,7:00am-7:59am,2,Not an Intersection,1
33.93103889,-118.1803917,Clear,Dark - Lighted,Dry,Other Principal Arterial,40.0,13,January,4:00am-4:59am,3,Not an Intersection,1
34.82850278,-114.5996917,Cloudy,Daylight,Wet,Interstate,70.0,21,January,10:00am-10:59am,1,Not an Intersection,1
36.06581389,-119.0808528,Clear,Dark - Not Lighted,Dry,Major Collector,50.0,10,February,6:00pm-6:59pm,1,Not an Intersection,1
34.030275,-118.1956722,Clear,Dark - Lighted,Dry,Other Freeways and Expressways,65.0,1,January,6:00am-6:59am,1,Not an Intersection,1
36.848475,-121.5587583,Rain,Daylight,Wet,Other Principal Arterial,65.0,6,February,1:00pm-1:59pm,1,Not an Intersection,1
40.27938333,-123.8541694,Rain,Daylight,Wet,Major Collector,55.0,5,February,11:00am-11:59am,2,T-Intersection,1
35.32935,-118.7587194,Clear,Daylight,Dry,Local,55.0,31,January,12:00pm-12:59pm,2,Not an Intersection,1
36.32623889,-116.42295,Clear,Dark - Not Lighted,Dry,Minor Arterial,55.0,5,January,11:00pm-11:59pm,1,Not an Intersection,1
38.36884444,-121.4540194,"Fog, Smog, Smoke",Dark - Not Lighted,Dry,Major Collector,55.0,2,January,7:00am-7:59am,1,Not an Intersection,1
33.87672778,-118.131975,Cloudy,Dark - Not Lighted,Dry,Other Freeways and Expressways,65.0,3,January,2:00am-2:59am,1,Not an Intersection,1
35.83455833,-119.2602944,Clear,Dark - Not Lighted,Dry,Other Freeways and Expressways,70.0,10,February,8:00pm-8:59pm,1,Not an Intersection,1
36.75574444,-119.7496472,Clear,Daylight,Dry,Other Freeways and Expressways,65.0,2,January,12:00pm-12:59pm,1,Not an Intersection,1
34.00095,-118.2810194,Clear,Dark - Not Lighted,Dry,Interstate,65.0,26,January,1:00am-1:59am,1,Not an Intersection,1
38.04533611,-121.0731889,Rain,Dark - Not Lighted,Wet,Major Collector,55.0,4,February,Unknown Hours,1,T-Intersection,1
37.96771111,-122.3440111,Clear,Dark - Lighted,Dry,Other Principal Arterial,35.0,6,February,3:00am-3:59am,1,Not an Intersection,1
34.32347222,-118.4503,Clear,Dark - Not Lighted,Dry,Interstate,65.0,13,January,5:00am-5:59am,1,Not an Intersection,1
37.62363889,-120.5641528,"Fog, Smog, Smoke",Dark - Not Lighted,Dry,Major Collector,50.0,1,January,3:00am-3:59am,1,Not an Intersection,2
40.65091389,-122.6025417,Rain,Dark - Not Lighted,Wet,Other Principal Arterial,55.0,14,February,10:00pm-10:59pm,1,Not an Intersection,2
34.38016111,-117.603825,Clear,Daylight,Dry,Minor Arterial,55.0,19,January,10:00am-10:59am,2,T-Intersection,1
34.08941944,-115.0941389,Clear,Daylight,Dry,Minor Arterial,65.0,17,February,11:00am-11:59am,1,Not an Intersection,1
35.38346111,-119.1762194,Cloudy,Dark - Not Lighted,Wet,Other Principal Arterial,55.0,23,January,6:00am-6:59am,1,Not an Intersection,1
37.47793333,-121.9338889,Rain,Dark - Not Lighted,Wet,Interstate,65.0,16,January,Unknown Hours,1,Not an Intersection,1
35.75634444,-119.2407667,Rain,Dark - Lighted,Wet,Minor Arterial,40.0,3,February,8:00pm-8:59pm,2,T-Intersection,1
35.50205278,-119.5376944,Clear,Dark - Lighted,Dry,Interstate,70.0,12,February,3:00am-3:59am,2,Not an Intersection,1
39.46019167,-121.5520611,Clear,Dark - Not Lighted,Dry,Local,55.0,24,February,3:00am-3:59am,1,Not an Intersection,1
34.02131667,-118.1952278,Cloudy,Dark - Lighted,Dry,Interstate,55.0,25,February,2:00am-2:59am,1,Not an Intersection,3
38.61760278,-121.3624944,Rain,Dark - Lighted,Wet,Other Principal Arterial,40.0,31,January,8:00pm-8:59pm,1,Not an Intersection,1
35.24603889,-118.914525,Cloudy,Dark - Not Lighted,Dry,Other Principal Arterial,45.0,3,February,7:00pm-7:59pm,1,Not an Intersection,1
37.44873611,-120.6967028,Rain,Dark - Not Lighted,Wet,Major Collector,55.0,17,January,1:00am-1:59am,1,Not an Intersection,1
35.40621111,-118.8618611,Cloudy,Daylight,Dry,Other Principal Arterial,65.0,4,February,4:00pm-4:59pm,1,Reported as Unknown,1
35.20923889,-119.1817111,Cloudy,Daylight,Dry,Interstate,55.0,8,February,Unknown Hours,1,Not an Intersection,1
35.40818889,-119.0505972,Clear,Dark - Not Lighted,Dry,Other Freeways and Expressways,70.0,13,February,0:00am-0:59am,1,Not an Intersection,1
35.02768333,-118.352375,Clear,Daylight,Dry,Minor Arterial,55.0,18,January,7:00am-7:59am,2,Not an Intersection,1
37.43833889,-121.0061444,Rain,Dark - Not Lighted,Wet,Major Collector,55.0,13,January,7:00pm-7:59pm,2,T-Intersection,1
37.79860833,-121.0214472,Rain,Daylight,Wet,Other Principal Arterial,55.0,16,January,3:00pm-3:59pm,1,Not an Intersection,1
35.36885,-118.9206917,Clear,Dark - Lighted,Dry,Minor Arterial,35.0,17,February,1:00am-1:59am,2,Not an Intersection,1
40.50846944,-122.340225,Cloudy,Dark - Not Lighted,Wet,Interstate,70.0,17,February,4:00am-4:59am,1,Not an Intersection,1
38.60583333,-121.33335,Clear,Daylight,Wet,Other Principal Arterial,40.0,8,February,7:00am-7:59am,3,Not an Intersection,1
34.075,-117.3703861,Rain,Dark - Lighted,Wet,Other Principal Arterial,40.0,1,February,5:00am-5:59am,1,Four-Way Intersection,1
35.38982778,-117.8112361,Clear,Daylight,Dry,Major Collector,55.0,8,January,8:00am-8:59am,2,Not an Intersection,1
39.24337778,-121.5997389,Clear,Dark - Lighted,Dry,Other Principal Arterial,65.0,24,February,10:00pm-10:59pm,1,Not an Intersection,1
38.16763056,-121.1441722,Clear,Dark - Lighted,Dry,Other Principal Arterial,35.0,25,January,10:00pm-10:59pm,1,T-Intersection,1
35.07976944,-116.3869417,Clear,Daylight,Dry,Interstate,70.0,14,February,12:00pm-12:59pm,2,Not an Intersection,1
35.41259722,-118.9006611,Clear,Dark - Lighted,Dry,Minor Arterial,45.0,14,February,11:00pm-11:59pm,1,Not an Intersection,1
36.29819167,-119.2456833,Clear,Dawn,Dry,Major Collector,55.0,28,February,6:00am-6:59am,2,Not an Intersection,1
37.97113611,-122.5284639,Rain,Dark - Lighted,Wet,Other Principal Arterial,30.0,13,January,7:00pm-7:59pm,1,Four-Way Intersection,1
35.76565278,-119.0532917,Clear,Dark - Not Lighted,Dry,Other Principal Arterial,55.0,17,January,6:00pm-6:59pm,2,Not an Intersection,2
38.72162778,-121.5403472,Cloudy,Dark - Not Lighted,Wet,Other Freeways and Expressways,65.0,21,January,3:00am-3:59am,1,Not an Intersection,1
39.15507222,-122.8914167,Clear,Daylight,Dry,Other Principal Arterial,55.0,9,February,1:00pm-1:59pm,1,Not an Intersection,1
33.93442222,-118.0926167,Cloudy,Dark - Lighted,Dry,Interstate,65.0,24,January,4:00am-4:59am,1,Not an Intersection,1
35.24418056,-119.00325,Clear,Dawn,Dry,Major Collector,55.0,23,February,6:00am-6:59am,1,Not an Intersection,3
36.159825,-119.3330722,Rain,Dark - Not Lighted,Wet,Other Freeways and Expressways,70.0,6,February,4:00am-4:59am,1,Not an Intersection,1
35.25712222,-119.0201528,Rain,Dark - Not Lighted,Wet,Other Freeways and Expressways,55.0,3,January,3:00am-3:59am,2,Not an Intersection,1
34.02474167,-117.5413611,Rain,Daylight,Wet,Other Principal Arterial,55.0,20,January,3:00pm-3:59pm,1,Not an Intersection,1
38.86639722,-121.55475,Cloudy,Daylight,Dry,Other Principal Arterial,55.0,17,February,7:00am-7:59am,2,Four-Way Intersection,1
39.79327222,-121.8987417,Clear,Dark - Lighted,Dry,Other Principal Arterial,55.0,25,February,11:00pm-11:59pm,1,T-Intersection,1
40.68746111,-122.2464306,Cloudy,Daylight,Dry,Minor Arterial,55.0,27,January,1:00pm-1:59pm,1,Not an Intersection,1
35.41431667,-119.0570972,"Fog, Smog, Smoke",Dark - Lighted,Not Reported,Other Freeways and Expressways,65.0,2,January,6:00pm-6:59pm,3,Not an Intersection,1
34.252075,-119.2586278,Clear,Dark - Lighted,Dry,Minor Arterial,45.0,3,January,10:00pm-10:59pm,1,Not an Intersection,1
36.77938056,-119.8061056,Clear,Dark - Lighted,Dry,Minor Arterial,40.0,5,January,3:00am-3:59am,1,Not an Intersection,1
38.89698889,-121.4600056,Rain,Dark - Not Lighted,Wet,Major Collector,55.0,7,February,5:00am-5:59am,1,Not an Intersection,1
40.80467778,-124.1262611,Rain,Dark - Not Lighted,Wet,Other Principal Arterial,50.0,2,March,9:00pm-9:59pm,1,Not an Intersection,1
36.99149444,-121.702325,Cloudy,Dark - Not Lighted,Wet,Major Collector,55.0,15,January,5:00pm-5:59pm,1,Not an Intersection,1
34.00486111,-118.4736167,Clear,Dark - Lighted,Dry,Other Principal Arterial,30.0,12,January,1:00am-1:59am,1,T-Intersection,1
39.14999444,-121.0715278,Clear,Daylight,Dry,Local,49.0,8,March,11:00am-11:59am,1,Not an Intersection,1
39.74828889,-121.8531556,Cloudy,Daylight,Dry,Other Principal Arterial,30.0,12,January,7:00am-7:59am,1,Four-Way Intersection,1
37.74085,-121.5615917,Cloudy,Dark - Not Lighted,Dry,Interstate,65.0,27,January,7:00pm-7:59pm,2,Not an Intersection,1
36.34358889,-119.1344917,Cloudy,Daylight,Dry,Major Collector,55.0,3,March,3:00pm-3:59pm,1,Not an Intersection,1
33.28783889,-117.1506194,Clear,Daylight,Dry,Major Collector,70.0,31,January,7:00am-7:59am,2,Four-Way Intersection,1
39.17187778,-123.0112028,Rain,Daylight,Wet,Other Principal Arterial,55.0,3,March,12:00pm-12:59pm,2,Not an Intersection,1
35.32486944,-119.0252917,Clear,Dark - Lighted,Dry,Minor Arterial,45.0,9,February,11:00pm-11:59pm,3,Not an Intersection,2
38.52420278,-121.5216806,Clear,Dark - Not Lighted,Dry,Interstate,65.0,9,March,0:00am-0:59am,1,Not an Intersection,1
33.95081389,-117.2264222,Clear,Dark - Lighted,Dry,Minor Arterial,40.0,16,January,5:00am-5:59am,1,Four-Way Intersection,1
36.76951389,-119.7816111,Cloudy,Dark - Not Lighted,Dry,Major Collector,40.0,27,January,6:00pm-6:59pm,1,Not an Intersection,1
36.79648611,-119.8264694,Clear,Dark - Lighted,Dry,Major Collector,30.0,29,January,7:00pm-7:59pm,1,T-Intersection,1
36.77213056,-119.8031389,Clear,Dark - Lighted,Dry,Major Collector,40.0,10,February,10:00pm-10:59pm,2,Not an Intersection,1
36.75154444,-119.7892917,Clear,Dark - Not Lighted,Dry,Minor Arterial,35.0,21,February,10:00pm-10:59pm,1,Not an Intersection,1
36.80587222,-119.8894556,Clear,Dark - Lighted,Dry,Minor Arterial,35.0,26,February,10:00pm-10:59pm,1,Not an Intersection,1
36.70687778,-119.7977972,Clear,Dark - Lighted,Dry,Minor Arterial,40.0,14,March,4:00am-4:59am,1,Not an Intersection,1
40.52051111,-124.1455111,Rain,Dark - Not Lighted,Wet,Other Principal Arterial,65.0,21,January,10:00pm-10:59pm,2,Not an Intersection,3
36.79039167,-119.7905806,Clear,Dark - Lighted,Dry,Minor Arterial,40.0,6,January,2:00am-2:59am,1,Four-Way Intersection,1
37.63935556,-121.2535917,Cloudy,Dark - Not Lighted,Dry,Other Principal Arterial,55.0,19,January,9:00pm-9:59pm,2,Not an Intersection,1
38.72228889,-121.1747861,Rain,Daylight,Wet,Other Principal Arterial,55.0,1,March,3:00pm-3:59pm,1,Not an Intersection,1
37.62111667,-121.2769194,Clear,Dark - Not Lighted,Dry,Minor Arterial,55.0,7,March,4:00am-4:59am,1,Not an Intersection,1
38.66323611,-121.8156361,Clear,Dark - Not Lighted,Dry,Major Collector,55.0,10,March,0:00am-0:59am,1,Not an Intersection,1
34.06145278,-117.7502944,Clear,Dark - Lighted,Dry,Minor Arterial,30.0,1,January,1:00am-1:59am,1,Not Reported,1
33.91009444,-117.2173528,Rain,Dark - Lighted,Wet,Major Collector,40.0,5,February,10:00pm-10:59pm,3,Four-Way Intersection,2
33.83228889,-116.5033056,Clear,Dark - Lighted,Dry,Other Principal Arterial,50.0,27,February,0:00am-0:59am,4,Not an Intersection,1
34.03366111,-117.3249694,Cloudy,Dark - Lighted,Dry,Interstate,55.0,23,January,2:00am-2:59am,2,Not an Intersection,1
34.005075,-117.524375,Clear,Dark - Lighted,Dry,Major Collector,55.0,15,January,10:00pm-10:59pm,1,Not an Intersection,1
36.75864722,-119.7998611,Cloudy,Dark - Lighted,Non-Trafficway or Driveway Access,Local,49.0,7,February,1:00am-1:59am,1,Not an Intersection,1
34.44891667,-119.9613306,Clear,Dark - Not Lighted,Dry,Other Freeways and Expressways,65.0,5,January,2:00am-2:59am,2,Not an Intersection,1
34.07832778,-118.2885583,Clear,Dark - Lighted,Dry,Interstate,55.0,10,February,11:00pm-11:59pm,1,Not an Intersection,1
35.71793611,-119.1769167,Clear,Dark - Not Lighted,Dry,Minor Collector,55.0,14,March,6:00am-6:59am,1,Not an Intersection,1
35.29664167,-118.8252778,Clear,Dark - Not Lighted,Dry,Major Collector,55.0,28,February,11:00pm-11:59pm,1,Not an Intersection,1
38.65779444,-121.341475,Rain,Dark - Not Lighted,Wet,Major Collector,35.0,1,March,1:00am-1:59am,1,Not an Intersection,1
33.91900833,-116.7955111,Cloudy,Daylight,Dry,Interstate,70.0,24,March,11:00am-11:59am,1,Not an Intersection,1
35.35422778,-119.0460139,Clear,Dark - Lighted,Dry,Other Principal Arterial,40.0,10,January,11:00pm-11:59pm,1,Not Reported,1
37.965875,-121.7398194,Clear,Dark - Lighted,Dry,Other Freeways and Expressways,65.0,10,February,4:00am-4:59am,2,Not an Intersection,2
35.25958889,-118.9852972,Rain,Dark - Not Lighted,Wet,Local,55.0,3,February,9:00pm-9:59pm,1,T-Intersection,2
33.75867778,-116.3563306,Clear,Dark - Not Lighted,Dry,Other Principal Arterial,55.0,12,March,7:00pm-7:59pm,1,Not an Intersection,1
34.50060556,-117.1549583,Clear,Dark - Not Lighted,Dry,Other Principal Arterial,55.0,1,January,0:00am-0:59am,1,Not an Intersection,1
33.73917222,-117.0728278,Rain,Dark - Not Lighted,Wet,Other Principal Arterial,50.0,6,February,6:00pm-6:59pm,1,Not an Intersection,1
33.58145,-116.07895,Clear,Daylight,Dry,Major Collector,55.0,14,February,12:00pm-12:59pm,1,Not an Intersection,1
38.61059167,-121.5099417,Clear,Dark - Lighted,Dry,Interstate,65.0,14,February,4:00am-4:59am,1,Not an Intersection,1
38.34619722,-119.3271389,Clear,Dark - Not Lighted,Dry,Other Principal Arterial,65.0,17,March,8:00pm-8:59pm,3,Not an Intersection,1
41.75724722,-122.0655028,Snow,Dark - Not Lighted,Snow,Other Principal Arterial,65.0,3,March,6:00pm-6:59pm,1,Not an Intersection,1
38.48174444,-121.3616278,Clear,Dark - Not Lighted,Dry,Major Collector,50.0,3,January,10:00pm-10:59pm,1,T-Intersection,1
35.3981,-118.9852917,Cloudy,Dark - Not Lighted,Dry,Minor Arterial,40.0,27,February,9:00pm-9:59pm,2,T-Intersection,1
33.18110556,-117.329475,Cloudy,Daylight,Not Reported,Other Freeways and Expressways,65.0,3,March,4:00pm-4:59pm,2,Not an Intersection,1
33.84724167,-117.8977,Clear,Dark - Lighted,Dry,Other Principal Arterial,35.0,20,March,9:00pm-9:59pm,1,Four-Way Intersection,1
35.33047778,-119.0397194,Clear,Dark - Not Lighted,Dry,Other Freeways and Expressways,65.0,14,January,4:00am-4:59am,1,Not an Intersection,2
37.9633,-122.3458306,Clear,Dark - Lighted,Dry,Major Collector,35.0,22,February,2:00am-2:59am,1,Y-Intersection,1
38.02618056,-121.8861611,Clear,Dark - Lighted,Dry,Other Principal Arterial,35.0,6,January,1:00am-1:59am,2,Not an Intersection,1
34.06772222,-117.7520611,Clear,Dark - Lighted,Dry,Minor Arterial,30.0,12,January,7:00pm-7:59pm,3,Four-Way Intersection,1
37.84935556,-121.28305,Clear,Daylight,Dry,Minor Arterial,45.0,21,January,4:00pm-4:59pm,2,Not an Intersection,2
34.04536111,-117.8027528,Clear,Dark - Lighted,Dry,Other Principal Arterial,45.0,23,January,6:00pm-6:59pm,1,Not an Intersection,1
36.76477222,-119.82795,Cloudy,Dark - Lighted,Wet,Minor Arterial,35.0,18,February,3:00am-3:59am,1,Not an Intersection,1
34.04394444,-117.7583611,Cloudy,Dark - Lighted,Dry,Minor Arterial,35.0,2,March,10:00pm-10:59pm,2,Four-Way Intersection,3
34.02725278,-117.3639722,Cloudy,Dark - Not Lighted,Dry,Other Principal Arterial,50.0,23,March,2:00am-2:59am,2,Not an Intersection,1
33.05031944,-117.0725222,Clear,Daylight,Dry,Interstate,65.0,18,February,5:00pm-5:59pm,1,Not an Intersection,1
37.0163,-121.5630944,Rain,Dark - Not Lighted,Wet,Minor Arterial,65.0,17,February,8:00pm-8:59pm,1,Not an Intersection,1
37.98843889,-122.0629444,Cloudy,Daylight,Dry,Minor Arterial,35.0,6,February,2:00pm-2:59pm,1,Not an Intersection,1
39.08645278,-121.5788861,Clear,Dark - Lighted,Dry,Major Collector,55.0,26,February,7:00pm-7:59pm,4,Not an Intersection,1
41.40792222,-120.1286861,Severe Crosswinds,Daylight,Dry,Major Collector,55.0,27,March,12:00pm-12:59pm,1,Not an Intersection,1
34.05916944,-117.9734972,Clear,Dark - Lighted,Dry,Minor Arterial,40.0,16,February,4:00am-4:59am,2,Not an Intersection,1
34.78870833,-116.4598361,Clear,Daylight,Dry,Interstate,70.0,8,March,4:00pm-4:59pm,1,Not an Intersection,1
33.9598,-118.2812056,Clear,Dark - Lighted,Dry,Interstate,65.0,14,March,9:00pm-9:59pm,2,Not an Intersection,1
33.93658611,-117.5557083,Clear,Dark - Not Lighted,Dry,Interstate,65.0,24,March,1:00am-1:59am,1,Not an Intersection,1
33.79229167,-117.8356833,Clear,Daylight,Dry,Other Principal Arterial,40.0,12,March,11:00am-11:59am,1,Not an Intersection,1
33.70349722,-117.1764944,Rain,Daylight,Wet,Local,35.0,31,March,1:00pm-1:59pm,2,Not an Intersection,1
37.96271667,-122.3454528,Clear,Dark - Lighted,Dry,Other Principal Arterial,35.0,15,March,5:00am-5:59am,1,Not Reported,1
34.88715278,-117.0041806,Clear,Daylight,Dry,Interstate,70.0,2,April,12:00pm-12:59pm,1,Not an Intersection,1
37.63837778,-120.7944333,Clear,Daylight,Dry,Minor Arterial,55.0,9,February,10:00am-10:59am,2,Not an Intersection,1
37.63255278,-120.9625167,Cloudy,Daylight,Dry,Major Collector,30.0,5,March,2:00pm-2:59pm,2,Not an Intersection,1
37.90525278,-121.2865917,"Fog, Smog, Smoke",Dark - Not Lighted,Wet,Interstate,65.0,2,January,5:00am-5:59am,2,Not an Intersection,1
39.21176389,-121.6391056,Rain,Dark - Not Lighted,Wet,Other Principal Arterial,55.0,2,February,0:00am-0:59am,1,Not an Intersection,2
35.56285,-119.8038611,Clear,Daylight,Dry,Minor Arterial,55.0,21,March,6:00pm-6:59pm,1,Not an Intersection,1
39.14137222,-122.8826778,Rain,Dark - Not Lighted,Wet,Other Principal Arterial,55.0,4,February,7:00pm-7:59pm,1,Not an Intersection,1
38.55609444,-121.5521194,Clear,Dark - Not Lighted,Dry,Other Principal Arterial,45.0,16,February,3:00am-3:59am,1,Not an Intersection,1
38.51744722,-120.4575056,Clear,Daylight,Dry,Other Principal Arterial,55.0,21,March,5:00pm-5:59pm,1,Not an Intersection,1
38.02093889,-121.2901833,Cloudy,Daylight,Dry,Other Principal Arterial,40.0,2,January,1:00pm-1:59pm,2,Four-Way Intersection,1
37.96315278,-120.2845111,Clear,Daylight,Dry,Major Collector,35.0,26,January,4:00pm-4:59pm,2,Four-Way Intersection,1
40.79400278,-123.3695333,Clear,Reported as Unknown,Dry,Other Principal Arterial,55.0,23,January,Unknown Hours,1,Not an Intersection,1
40.91881111,-123.7788917,Rain,Daylight,Wet,Local,35.0,15,February,Unknown Hours,1,Not an Intersection,1
37.67475556,-121.0123917,Cloudy,Daylight,Wet,Minor Arterial,35.0,3,January,12:00pm-12:59pm,1,Four-Way Intersection,1
36.77194722,-119.8443417,Other,Dark - Lighted,Dry,Minor Arterial,40.0,28,January,2:00am-2:59am,2,Four-Way Intersection,2
36.62155,-121.6646111,Rain,Daylight,Wet,Major Collector,55.0,4,February,2:00pm-2:59pm,2,Not an Intersection,1
38.41224167,-122.6500111,Cloudy,Dark - Not Lighted,Dry,Major Collector,45.0,16,February,11:00pm-11:59pm,1,Not an Intersection,1
37.32056667,-120.5620583,Clear,Daylight,Dry,Local,55.0,10,February,12:00pm-12:59pm,1,Not an Intersection,1
34.226625,-118.3863222,Rain,Dark - Lighted,Wet,Interstate,65.0,19,February,6:00pm-6:59pm,1,Not an Intersection,1
36.71575833,-121.6616444,Cloudy,Dark - Lighted,Wet,Other Freeways and Expressways,65.0,1,March,10:00pm-10:59pm,2,Not an Intersection,1
35.58788333,-120.6376917,Clear,Dark - Not Lighted,Dry,Major Collector,55.0,10,March,0:00am-0:59am,1,Not an Intersection,1
34.24253333,-119.0100028,Clear,Daylight,Dry,Minor Arterial,45.0,2,January,10:00am-10:59am,1,Not an Intersection,1
34.02659167,-118.0388444,Clear,Daylight,Dry,Interstate,65.0,24,February,10:00am-10:59am,2,Not an Intersection,1
35.25878333,-120.6736472,Rain,Dark - Lighted,Wet,Other Freeways and Expressways,65.0,2,March,11:00pm-11:59pm,1,Not an Intersection,1
39.51494722,-122.2139,Rain,Dark - Not Lighted,Wet,Interstate,70.0,10,March,7:00pm-7:59pm,1,Not an Intersection,1
36.77198333,-119.7363861,Clear,Dark - Lighted,Dry,Minor Arterial,40.0,4,April,0:00am-0:59am,1,Not an Intersection,1
34.08669167,-117.4887667,Clear,Dark - Not Lighted,Dry,Other Principal Arterial,50.0,26,January,4:00am-4:59am,1,Not an Intersection,1
33.90156389,-117.5606,Clear,Dark - Lighted,Dry,Interstate,65.0,27,January,2:00am-2:59am,1,Not an Intersection,1
34.44413889,-116.9191028,Cloudy,Daylight,Dry,Minor Arterial,55.0,1,February,4:00pm-4:59pm,2,Not an Intersection,1
36.8383,-121.6718194,Cloudy,Daylight,Wet,Local,55.0,2,February,4:00pm-4:59pm,2,Not an Intersection,1
39.19579444,-120.0993806,Snow,Daylight,Snow,Minor Arterial,45.0,26,February,2:00pm-2:59pm,1,Not an Intersection,1
36.92452222,-120.6544889,Clear,Dark - Not Lighted,Dry,Major Collector,55.0,4,March,10:00pm-10:59pm,1,Not an Intersection,1
36.21101667,-119.5649694,Clear,Dark - Not Lighted,Dry,Local,55.0,7,March,6:00am-6:59am,2,Four-Way Intersection,1
37.90649722,-121.3330194,Clear,Daylight,Dry,Major Collector,55.0,7,March,2:00pm-2:59pm,2,Not an Intersection,2
35.98938889,-119.4763528,Rain,Dark - Not Lighted,Wet,Minor Arterial,55.0,12,March,6:00am-6:59am,2,Not an Intersection,1
33.16810833,-117.206025,Clear,Dark - Lighted,Dry,Minor Arterial,45.0,13,March,1:00am-1:59am,1,T-Intersection,1
34.04495,-118.9386639,Clear,Dark - Not Lighted,Dry,Other Principal Arterial,55.0,14,March,9:00pm-9:59pm,2,Not an Intersection,1
34.85563889,-114.9321444,Rain,Daylight,Wet,Interstate,70.0,15,March,10:00am-10:59am,2,Not an Intersection,1
38.956125,-121.1279528,Clear,Dark - Not Lighted,Dry,Minor Collector,45.0,16,March,Unknown Hours,1,Not an Intersection,1
34.13091389,-118.7524944,Clear,Dusk,Dry,Major Collector,45.0,20,March,6:00pm-6:59pm,1,Not an Intersection,1
37.569725,-122.0448194,Cloudy,Dark - Lighted,Wet,Interstate,65.0,23,March,8:00pm-8:59pm,2,Not an Intersection,1
37.95289722,-121.2745028,Rain,Dark - Lighted,Wet,Other Freeways and Expressways,65.0,24,March,1:00am-1:59am,1,Not an Intersection,1
35.28009722,-116.0483889,Rain,Daylight,Wet,Interstate,70.0,5,April,1:00pm-1:59pm,2,Not an Intersection,2
35.24713333,-119.0032778,Clear,Daylight,Dry,Major Collector,55.0,8,April,11:00am-11:59am,1,Not an Intersection,1
37.61543056,-120.9816778,Clear,Daylight,Dry,Other Freeways and Expressways,65.0,16,April,3:00pm-3:59pm,1,Not an Intersection,1
39.19981389,-121.2197194,Clear,Daylight,Dry,Other Principal Arterial,55.0,17,April,1:00pm-1:59pm,2,Not an Intersection,1
39.63546944,-121.3925972,Clear,Daylight,Dry,Local,55.0,18,April,5:00pm-5:59pm,2,T-Intersection,1
35.19513333,-116.141925,Clear,Dark - Not Lighted,Dry,Interstate,70.0,20,April,2:00am-2:59am,1,Not an Intersection,1
37.50714444,-120.9215083,Clear,Daylight,Dry,Major Collector,55.0,25,February,3:00pm-3:59pm,2,Four-Way Intersection,1
34.83654444,-118.8628972,Clear,Dark - Not Lighted,Dry,Interstate,65.0,28,January,0:00am-0:59am,1,Not an Intersection,1
35.88844444,-119.8645833,Clear,Daylight,Dry,Interstate,70.0,9,January,4:00pm-4:59pm,1,Not an Intersection,1
33.93180833,-117.2159167,Clear,Dark - Lighted,Dry,Minor Arterial,35.0,6,January,6:00pm-6:59pm,1,T-Intersection,1
33.67793333,-117.1544083,Clear,Dark - Lighted,Dry,Major Collector,45.0,20,April,9:00pm-9:59pm,1,Not an Intersection,1
33.74583611,-116.9586083,Clear,Dark - Not Lighted,Dry,Minor Arterial,30.0,13,January,6:00pm-6:59pm,1,Not an Intersection,1
33.74428889,-117.00675,Clear,Dark - Lighted,Dry,Major Collector,35.0,31,January,6:00pm-6:59pm,1,Not an Intersection,1
37.288175,-120.4832861,Clear,Dark - Lighted,Dry,Minor Arterial,35.0,12,January,10:00pm-10:59pm,1,Not an Intersection,1
34.44123611,-118.5890389,Clear,Dark - Lighted,Dry,Local,50.0,15,January,1:00am-1:59am,1,Not an Intersection,1
33.92178889,-116.7461389,Severe Crosswinds,Dark - Not Lighted,Dry,Interstate,70.0,23,March,4:00am-4:59am,1,Not an Intersection,1
38.04615556,-122.5338639,Cloudy,Daylight,Wet,Other Freeways and Expressways,65.0,24,March,7:00am-7:59am,1,Not an Intersection,1
38.37688611,-120.5558417,Clear,Daylight,Dry,Minor Arterial,55.0,18,March,3:00pm-3:59pm,2,Not an Intersection,2
35.19881389,-118.9145611,Clear,Dark - Not Lighted,Dry,Minor Arterial,55.0,15,March,11:00pm-11:59pm,1,Not an Intersection,1
38.00576667,-121.2856194,"Fog, Smog, Smoke",Daylight,Dry,Major Collector,35.0,9,February,7:00am-7:59am,2,Four-Way Intersection,1
37.95615,-121.3003222,Rain,Dusk,Wet,Major Collector,25.0,17,February,4:00pm-4:59pm,3,Four-Way Intersection,1
38.49741944,-120.7272694,Clear,Daylight,Dry,Major Collector,55.0,7,April,6:00pm-6:59pm,1,Not an Intersection,1
33.74538333,-117.9008861,Cloudy,Dark - Lighted,Dry,Other Principal Arterial,40.0,25,April,4:00am-4:59am,1,Not an Intersection,1
34.38445,-119.4807611,Clear,Daylight,Dry,Minor Arterial,55.0,9,January,8:00am-8:59am,1,Not an Intersection,1
35.4638,-120.6468472,Rain,Dark - Lighted,Wet,Other Principal Arterial,40.0,1,March,8:00pm-8:59pm,1,Not an Intersection,1
34.88239444,-118.1668111,Clear,Daylight,Dry,Minor Arterial,55.0,11,March,8:00am-8:59am,2,Not an Intersection,1
34.07641111,-115.5660444,Clear,Dark - Not Lighted,Dry,Minor Arterial,65.0,22,March,7:00pm-7:59pm,1,Not an Intersection,1
37.62401111,-120.9299306,Clear,Dark - Not Lighted,Dry,Minor Arterial,45.0,4,April,4:00am-4:59am,3,T-Intersection,1
38.99308889,-120.8872611,Clear,Dark - Not Lighted,Dry,Local,35.0,16,March,9:00pm-9:59pm,1,Not an Intersection,1
34.08616944,-117.9077139,Clear,Daylight,Dry,Other Principal Arterial,40.0,29,March,1:00pm-1:59pm,2,Four-Way Intersection,1
35.8919,-119.2591972,Clear,Daylight,Dry,Major Collector,55.0,12,March,4:00pm-4:59pm,3,Four-Way Intersection,1
37.621225,-121.88,Clear,Daylight,Dry,Interstate,55.0,13,March,4:00pm-4:59pm,1,Not an Intersection,1
34.06091389,-118.6940222,Clear,Daylight,Dry,Major Collector,45.0,3,April,5:00pm-5:59pm,1,Not an Intersection,1
37.97233611,-122.3696917,Rain,Dark - Lighted,Wet,Other Principal Arterial,50.0,1,February,10:00pm-10:59pm,1,Not an Intersection,1
36.837375,-119.65065,Clear,Dark - Not Lighted,Dry,Minor Arterial,55.0,13,February,7:00pm-7:59pm,2,Not an Intersection,1
34.88886389,-114.6888167,Clear,Dark - Not Lighted,Dry,Interstate,70.0,10,April,4:00am-4:59am,3,Not an Intersection,1
37.73531389,-120.9435222,Clear,Daylight,Dry,Other Principal Arterial,35.0,17,January,7:00am-7:59am,1,Four-Way Intersection,1
33.97401389,-117.2331583,Clear,Dark - Not Lighted,Dry,Minor Arterial,49.0,11,February,0:00am-0:59am,1,Not an Intersection,1
33.61458611,-117.8743639,Clear,Daylight,Dry,Minor Arterial,49.0,20,April,3:00pm-3:59pm,3,Not an Intersection,1
35.33941944,-119.0126722,Clear,Dark - Not Lighted,Dry,Other Principal Arterial,40.0,13,April,2:00am-2:59am,1,Not an Intersection,1
34.29531944,-119.2995472,Clear,Daylight,Dry,Major Collector,30.0,30,January,11:00am-11:59am,1,Not an Intersection,1
32.80955,-116.9522278,Clear,Daylight,Dry,Local,25.0,28,January,11:00am-11:59am,1,T-Intersection,1
34.05951389,-118.090675,Rain,Dark - Lighted,Wet,Other Principal Arterial,45.0,4,February,4:00pm-4:59pm,1,Not an Intersection,1
37.74639722,-122.1721389,Cloudy,Daylight,Dry,Other Principal Arterial,30.0,5,February,12:00pm-12:59pm,1,T-Intersection,1
37.71962778,-122.475175,Clear,Dark - Lighted,Dry,Other Principal Arterial,35.0,8,February,1:00am-1:59am,2,Not an Intersection,1
34.11670833,-116.4562472,Clear,Daylight,Dry,Other Principal Arterial,40.0,8,February,12:00pm-12:59pm,1,Not an Intersection,1
34.05514167,-118.2696722,Clear,Dark - Lighted,Dry,Other Principal Arterial,35.0,11,February,10:00pm-10:59pm,1,Not an Intersection,1
34.07755,-117.4377944,Clear,Dark - Not Lighted,Dry,Other Principal Arterial,40.0,15,February,7:00pm-7:59pm,1,Not an Intersection,1
38.00615833,-122.5411333,Rain,Daylight,Wet,Other Freeways and Expressways,65.0,29,March,2:00pm-2:59pm,1,Not an Intersection,1
33.82230556,-117.9224667,Clear,Dark - Lighted,Dry,Interstate,65.0,1,January,0:00am-0:59am,1,Not an Intersection,1
36.81498056,-119.9703833,Clear,Daylight,Dry,Local,55.0,5,March,11:00am-11:59am,2,Four-Way Intersection,1
36.64859444,-119.8444861,Clear,Daylight,Dry,Major Collector,55.0,15,March,7:00am-7:59am,2,Four-Way Intersection,1
39.12765556,-121.5826333,Clear,Dark - Not Lighted,Dry,Other Freeways and Expressways,65.0,13,April,1:00am-1:59am,1,Not an Intersection,1
40.01811389,-122.098625,Clear,Daylight,Dry,Other Principal Arterial,35.0,22,March,8:00am-8:59am,2,Not an Intersection,1
33.66113333,-117.7833333,Clear,Dark - Not Lighted,Dry,Interstate,65.0,28,January,0:00am-0:59am,1,Not an Intersection,1
36.79287778,-119.7906111,Cloudy,Dark - Lighted,Wet,Minor Arterial,40.0,13,April,10:00pm-10:59pm,1,Not an Intersection,1
40.44752222,-122.2581806,Clear,Daylight,Dry,Minor Arterial,55.0,18,April,3:00pm-3:59pm,1,Not an Intersection,1
34.14858611,-118.2557694,Clear,Dark - Lighted,Non-Trafficway or Driveway Access,Local,49.0,21,April,2:00am-2:59am,1,Not an Intersection,1
34.45335278,-119.2440833,Clear,Daylight,Dry,Minor Arterial,30.0,27,April,3:00pm-3:59pm,1,T-Intersection,1
36.80218611,-119.8894167,Clear,Dark - Lighted,Dry,Minor Arterial,35.0,30,April,0:00am-0:59am,1,Not an Intersection,1
33.12520278,-117.3241306,Clear,Dark - Not Lighted,Dry,Interstate,65.0,13,January,4:00am-4:59am,3,Not an Intersection,2
36.67829167,-121.7441833,Rain,Dark - Not Lighted,Wet,Major Collector,55.0,1,March,5:00am-5:59am,1,Not an Intersection,1
34.82679444,-114.5987083,Cloudy,Daylight,Dry,Interstate,55.0,15,March,9:00am-9:59am,2,Not an Intersection,1
33.95780278,-118.2810472,Cloudy,Dark - Not Lighted,Dry,Interstate,65.0,6,March,3:00am-3:59am,1,Not an Intersection,1
33.24743333,-117.4185972,Clear,Dark - Not Lighted,Dry,Interstate,65.0,25,April,8:00pm-8:59pm,2,Not an Intersection,2
34.86634722,-114.8455722,Clear,Dark - Not Lighted,Dry,Interstate,70.0,2,February,5:00pm-5:59pm,1,Not an Intersection,1
36.822325,-121.630175,Clear,Dark - Not Lighted,Dry,Other Freeways and Expressways,65.0,9,March,11:00pm-11:59pm,1,Not an Intersection,1
37.25778056,-121.0913889,Cloudy,Dark - Not Lighted,Dry,Interstate,70.0,22,March,8:00pm-8:59pm,1,Not an Intersection,1
33.41136111,-117.0836889,Rain,Dark - Not Lighted,Wet,Major Collector,45.0,7,January,Unknown Hours,1,Not an Intersection,1
33.25951389,-117.15795,Rain,Daylight,Wet,Interstate,65.0,16,March,2:00pm-2:59pm,1,Not an Intersection,1
39.03979167,-120.6735639,Cloudy,Dark - Not Lighted,Wet,Local,35.0,16,February,Unknown Hours,1,Not an Intersection,1
37.95791111,-122.0524278,Clear,Dark - Lighted,Dry,Interstate,65.0,7,April,5:00am-5:59am,1,Not an Intersection,1
38.02751667,-121.8853556,Clear,Dark - Lighted,Dry,Other Principal Arterial,35.0,10,February,7:00pm-7:59pm,2,Four-Way Intersection,1
33.641675,-117.3783861,Clear,Daylight,"Mud, Dirt or Gravel",Minor Arterial,55.0,13,January,11:00am-11:59am,1,Not an Intersection,1
39.0323,-120.798275,Clear,Dark - Not Lighted,Dry,Major Collector,45.0,26,March,1:00am-1:59am,1,Not an Intersection,1
37.68219444,-122.0962722,Clear,Dark - Lighted,Dry,Other Freeways and Expressways,35.0,13,February,7:00pm-7:59pm,1,Not an Intersection,1
38.75073056,-121.5195139,Cloudy,Daylight,Dry,Minor Arterial,55.0,25,April,3:00pm-3:59pm,2,Not an Intersection,1
34.2637,-119.0287611,Clear,Daylight,Dry,Minor Arterial,55.0,25,February,9:00am-9:59am,1,Not an Intersection,1
36.16024722,-116.1419389,Clear,Daylight,Dry,Minor Arterial,65.0,24,February,3:00pm-3:59pm,1,Not an Intersection,1
37.63894722,-121.3425722,Severe Crosswinds,Dusk,Dry,Interstate,70.0,3,April,7:00pm-7:59pm,1,Not an Intersection,1
37.75275833,-120.9956583,Clear,Daylight,Dry,Minor Arterial,45.0,9,April,4:00pm-4:59pm,4,Not an Intersection,4
41.13191111,-121.3413028,Clear,Daylight,Dry,Major Collector,55.0,19,April,6:00pm-6:59pm,1,Not an Intersection,1
33.79298611,-116.3659972,Clear,Dark - Not Lighted,Wet,Interstate,70.0,7,February,0:00am-0:59am,1,Not an Intersection,1
39.02556111,-122.6602306,Clear,Daylight,Dry,Other Principal Arterial,35.0,26,March,11:00am-11:59am,2,Not an Intersection,1
40.68502222,-121.3758028,Clear,Daylight,Dry,Other Principal Arterial,65.0,15,April,2:00pm-2:59pm,1,Not an Intersection,1
38.61978056,-121.8756278,Cloudy,Daylight,Dry,Major Collector,55.0,18,January,10:00am-10:59am,2,Not an Intersection,1
33.77430556,-118.0127583,Cloudy,Dark - Not Lighted,Dry,Other Freeways and Expressways,65.0,19,January,7:00pm-7:59pm,1,Not an Intersection,1
34.51697222,-117.3200472,Clear,Dark - Lighted,Dry,Interstate,70.0,22,February,2:00am-2:59am,1,Not an Intersection,1
33.92005833,-117.4689,Clear,Dusk,Dry,Minor Arterial,40.0,17,April,7:00pm-7:59pm,1,Four-Way Intersection,1
38.34658056,-121.3375889,Clear,Dark - Not Lighted,Dry,Other Freeways and Expressways,65.0,11,March,8:00pm-8:59pm,1,Not an Intersection,1
34.77570278,-118.5753583,Cloudy,Daylight,Wet,Other Principal Arterial,55.0,21,February,6:00am-6:59am,2,T-Intersection,1
38.70038889,-121.2515833,Cloudy,Daylight,Dry,Minor Arterial,25.0,25,April,5:00pm-5:59pm,2,T-Intersection,1
33.16993611,-117.0262778,Clear,Dark - Not Lighted,Dry,Other Principal Arterial,60.0,19,April,11:00pm-11:59pm,2,Not an Intersection,1
33.89973889,-116.9866694,Clear,Dark - Not Lighted,Wet,Other Principal Arterial,65.0,27,April,Unknown Hours,1,Not an Intersection,1
38.60815,-121.4153278,Clear,Dark - Lighted,Dry,Other Principal Arterial,35.0,9,March,6:00pm-6:59pm,1,Not an Intersection,1
33.66135556,-115.829975,Clear,Dark - Not Lighted,Dry,Interstate,70.0,10,February,11:00pm-11:59pm,2,Not an Intersection,1
33.83403889,-117.8363806,Cloudy,Daylight,Wet,Other Principal Arterial,40.0,20,January,3:00pm-3:59pm,1,Not an Intersection,1
33.68616389,-116.0278667,Clear,Daylight,Dry,Interstate,55.0,14,February,6:00am-6:59am,1,Not an Intersection,1
33.59858611,-116.1311556,Clear,Dark - Not Lighted,Dry,Major Collector,55.0,26,January,7:00pm-7:59pm,1,Not an Intersection,1
33.83733889,-117.2674417,Cloudy,Dark - Not Lighted,Dry,Minor Arterial,45.0,8,April,3:00am-3:59am,1,Not an Intersection,1
36.28387778,-119.7091222,Clear,Daylight,Dry,Major Collector,55.0,25,February,1:00pm-1:59pm,2,Four-Way Intersection,1
34.42660556,-117.507675,Clear,Daylight,Dry,Major Collector,55.0,26,January,1:00pm-1:59pm,2,Four-Way Intersection,2
37.36885,-121.4848944,Clear,Daylight,Dry,Minor Collector,40.0,24,February,10:00am-10:59am,1,Not an Intersection,1
37.66114444,-120.4556611,Rain,Dark - Not Lighted,Wet,Minor Arterial,55.0,30,March,1:00am-1:59am,1,Not an Intersection,1
37.56243611,-122.0371639,Clear,Daylight,Dry,Interstate,65.0,6,April,6:00pm-6:59pm,1,Not an Intersection,1
34.52148056,-117.5728083,Clear,Dark - Not Lighted,Dry,Major Collector,55.0,12,March,9:00pm-9:59pm,1,Not an Intersection,1
33.8351,-117.8571306,Clear,Dark - Lighted,Dry,Other Principal Arterial,45.0,23,February,6:00pm-6:59pm,2,T-Intersection,1
38.74023056,-121.3646861,Clear,Daylight,Dry,Minor Arterial,45.0,15,April,6:00pm-6:59pm,2,Four-Way Intersection,1
39.20924722,-121.0895333,Clear,Dark - Not Lighted,Dry,Other Principal Arterial,65.0,11,May,2:00am-2:59am,1,Not an Intersection,1
33.64654167,-116.4080611,Clear,Daylight,Dry,Minor Arterial,55.0,29,February,12:00pm-12:59pm,2,Not an Intersection,1
37.69494167,-122.1042194,Cloudy,Dark - Lighted,Dry,Interstate,65.0,5,February,6:00pm-6:59pm,2,Not an Intersection,1
33.26721111,-117.015525,Clear,Daylight,Dry,Local,45.0,10,April,6:00am-6:59am,1,Not an Intersection,1
35.39878611,-119.3769583,Cloudy,Daylight,Dry,Other Principal Arterial,55.0,23,February,2:00pm-2:59pm,2,T-Intersection,1
33.96247222,-118.2301389,Clear,Daylight,Dry,Other Principal Arterial,35.0,8,March,9:00am-9:59am,4,T-Intersection,1
38.62735,-121.5172889,Rain,Dark - Not Lighted,Wet,Interstate,65.0,13,January,10:00pm-10:59pm,1,Not an Intersection,1
37.96658889,-122.321875,Cloudy,Daylight,Wet,Interstate,65.0,19,February,3:00pm-3:59pm,1,Not an Intersection,1
35.68680278,-118.238,Cloudy,Daylight,Wet,Minor Arterial,55.0,30,March,10:00am-10:59am,2,Not an Intersection,1
37.55696111,-120.9936306,Clear,Daylight,Dry,Major Collector,55.0,5,April,1:00pm-1:59pm,2,Not an Intersection,1
33.85955278,-117.0094222,Clear,Dark - Not Lighted,Dry,Other Principal Arterial,65.0,18,April,5:00am-5:59am,1,Not an Intersection,1
34.06287778,-117.7310917,Clear,Dark - Lighted,Dry,Other Principal Arterial,35.0,30,April,0:00am-0:59am,1,Not an Intersection,1
37.48389444,-120.8654167,Clear,Daylight,Dry,Other Freeways and Expressways,65.0,7,May,9:00am-9:59am,2,Not an Intersection,1
34.88011111,-120.4091667,Clear,Daylight,Dry,Other Freeways and Expressways,65.0,22,May,12:00pm-12:59pm,3,Not an Intersection,1
38.4509,-120.5277222,Cloudy,Daylight,Dry,Other Principal Arterial,45.0,19,April,6:00pm-6:59pm,2,Not an Intersection,1
38.63893056,-121.5237861,Clear,Dark - Lighted,Dry,Interstate,65.0,4,May,3:00am-3:59am,1,Not an Intersection,1
36.58063333,-121.4975639,Clear,Daylight,Dry,Minor Collector,55.0,7,April,3:00pm-3:59pm,1,Not an Intersection,1
36.56200556,-121.9117528,"Fog, Smog, Smoke",Dawn,Dry,Minor Arterial,45.0,12,May,5:00am-5:59am,1,Not an Intersection,1
34.05135,-117.7411889,Clear,Dark - Lighted,Dry,Other Principal Arterial,40.0,21,April,1:00am-1:59am,1,Not an Intersection,1
36.75749444,-119.8356889,Clear,Daylight,Dry,Major Collector,40.0,21,April,6:00pm-6:59pm,1,Four-Way Intersection,1
33.81169167,-118.1763306,Clear,Daylight,Dry,Minor Arterial,40.0,5,May,3:00pm-3:59pm,2,Four-Way Intersection,1
38.74417778,-121.208325,Clear,Daylight,Dry,Minor Arterial,55.0,14,May,6:00pm-6:59pm,2,T-Intersection,1
35.0687,-118.1750778,Clear,Daylight,Dry,Other Principal Arterial,35.0,16,February,3:00pm-3:59pm,2,Not an Intersection,1
35.76318333,-119.2585861,Clear,Daylight,Non-Trafficway or Driveway Access,Minor Arterial,49.0,25,May,8:00am-8:59am,2,Not an Intersection,1
33.82133889,-117.5210194,Cloudy,Dark - Lighted,Dry,Interstate,45.0,19,January,9:00pm-9:59pm,5,T-Intersection,1
38.51661944,-121.4629917,Rain,Dark - Lighted,Wet,Other Freeways and Expressways,65.0,4,February,4:00am-4:59am,1,Not an Intersection,1
37.71600278,-121.5293417,Clear,Dark - Not Lighted,Dry,Interstate,70.0,12,January,7:00pm-7:59pm,1,Not an Intersection,1
34.03839167,-118.2761778,Clear,Daylight,Dry,Interstate,55.0,17,March,3:00pm-3:59pm,3,Not an Intersection,1
34.13507778,-116.2088667,Clear,Dark - Not Lighted,Dry,Other Principal Arterial,65.0,10,January,7:00pm-7:59pm,2,Not an Intersection,1
32.72458611,-117.1521889,Clear,Dark - Lighted,Dry,Interstate,65.0,17,March,5:00am-5:59am,1,Not an Intersection,1
40.52414167,-123.18035,Clear,Dark - Not Lighted,Dry,Minor Arterial,55.0,1,June,Unknown Hours,1,Not an Intersection,1
39.51170278,-121.5723972,Clear,Daylight,Dry,Other Freeways and Expressways,65.0,4,June,10:00am-10:59am,2,Not an Intersection,2
37.90101389,-121.2757944,Rain,Dark - Not Lighted,Wet,Minor Arterial,45.0,5,February,4:00am-4:59am,1,Not an Intersection,1
33.27388056,-116.9537056,Clear,Dark - Not Lighted,Dry,Minor Arterial,25.0,19,April,8:00pm-8:59pm,2,T-Intersection,1
34.64552778,-117.2168972,Clear,Dark - Not Lighted,Dry,Interstate,70.0,6,March,Unknown Hours,1,Not an Intersection,2
35.10042778,-118.1429778,Clear,Daylight,Dry,Other Principal Arterial,65.0,21,February,10:00am-10:59am,2,"Five Point, or More",1
38.67411389,-120.7238222,Clear,Daylight,Dry,Major Collector,55.0,30,April,10:00am-10:59am,2,Not an Intersection,1
36.75560833,-119.7419778,Clear,Daylight,Dry,Other Freeways and Expressways,65.0,11,March,3:00pm-3:59pm,1,Not an Intersection,1
36.61133056,-119.4308278,Clear,Daylight,Dry,Minor Arterial,55.0,25,March,3:00pm-3:59pm,2,Four-Way Intersection,2
35.29338611,-116.0307528,Clear,Dark - Not Lighted,Dry,Interstate,70.0,15,April,5:00am-5:59am,2,Not an Intersection,1
37.67727222,-121.046525,Clear,Dark - Not Lighted,Dry,Other Freeways and Expressways,65.0,25,March,10:00pm-10:59pm,1,Not an Intersection,1
34.426625,-117.4999222,Cloudy,Dark - Not Lighted,Dry,Major Collector,55.0,14,April,8:00pm-8:59pm,2,Not an Intersection,2
36.25679167,-119.2785056,Clear,Daylight,Dry,Major Collector,55.0,30,April,6:00am-6:59am,2,Four-Way Intersection,1
33.92436667,-116.6928167,Rain,Daylight,Wet,Interstate,70.0,31,March,2:00pm-2:59pm,1,Not an Intersection,1
37.86671944,-121.2786056,Cloudy,Daylight,Dry,Interstate,70.0,2,March,3:00pm-3:59pm,1,Not an Intersection,1
34.19229722,-117.36335,Clear,Dark - Not Lighted,Dry,Interstate,65.0,11,January,0:00am-0:59am,2,Not an Intersection,1
35.31718333,-115.9929667,Clear,Dark - Not Lighted,Dry,Interstate,70.0,19,January,4:00am-4:59am,3,Not an Intersection,2
34.06776389,-117.522675,Clear,Daylight,Dry,Interstate,65.0,9,March,3:00pm-3:59pm,2,Not an Intersection,1
36.48726111,-119.33995,Clear,Dark - Not Lighted,Dry,Minor Arterial,55.0,7,April,10:00pm-10:59pm,3,Not an Intersection,1
34.05547222,-118.2401083,Cloudy,Dark - Lighted,Dry,Other Freeways and Expressways,55.0,30,May,11:00pm-11:59pm,1,Not an Intersection,1
36.65388611,-119.7146139,Rain,Dusk,Wet,Other Freeways and Expressways,65.0,23,March,6:00pm-6:59pm,1,Not an Intersection,1
35.76810278,-119.0532917,Cloudy,Daylight,Dry,Other Principal Arterial,55.0,1,March,5:00pm-5:59pm,4,Not an Intersection,1
40.36736389,-122.2937472,Clear,Dark - Not Lighted,Dry,Minor Arterial,55.0,13,May,4:00am-4:59am,2,Not an Intersection,1
35.60291667,-120.6705639,Clear,Daylight,Dry,Minor Arterial,45.0,26,May,4:00pm-4:59pm,1,Not an Intersection,1
34.06594444,-117.9497917,Clear,Dark - Lighted,Dry,Major Collector,35.0,2,May,1:00am-1:59am,2,Not an Intersection,1
36.765,-119.788275,Clear,Daylight,Dry,Minor Arterial,40.0,3,May,12:00pm-12:59pm,2,Four-Way Intersection,1
39.11486667,-121.6345667,Clear,Dark - Not Lighted,Dry,Other Principal Arterial,50.0,20,May,2:00am-2:59am,1,Not an Intersection,1
33.791525,-116.3642944,Clear,Daylight,Dry,Interstate,70.0,6,June,10:00am-10:59am,1,Not an Intersection,1
38.49123056,-122.7924889,Clear,Dark - Not Lighted,Dry,Major Collector,45.0,12,March,10:00pm-10:59pm,1,Not an Intersection,2
37.57872778,-120.9937333,Clear,Daylight,Non-Trafficway or Driveway Access,Major Collector,49.0,9,April,11:00am-11:59am,2,Not an Intersection,1
34.01808056,-117.0977139,Rain,Daylight,Wet,Interstate,65.0,5,February,2:00pm-2:59pm,1,Not an Intersection,1
36.97231667,-121.4310361,Clear,Dark - Not Lighted,Dry,Other Principal Arterial,55.0,1,January,0:00am-0:59am,2,T-Intersection,1
34.20304722,-118.1441833,Clear,Dark - Lighted,Dry,Major Collector,30.0,5,March,0:00am-0:59am,2,Not an Intersection,2
34.88749167,-114.6846528,Clear,Dark - Not Lighted,Dry,Interstate,55.0,30,April,10:00pm-10:59pm,1,Not an Intersection,1
37.49433333,-122.4542694,Clear,Daylight,Dry,Other Principal Arterial,25.0,25,May,5:00pm-5:59pm,2,Four-Way Intersection,1
37.92409444,-122.3607139,Cloudy,Dark - Not Lighted,Dry,Interstate,65.0,23,May,1:00am-1:59am,1,Not an Intersection,1
33.18832778,-117.1203722,Clear,Dawn,Dry,Interstate,65.0,21,May,6:00am-6:59am,2,Not an Intersection,1
35.31604444,-115.9947139,Clear,Dark - Not Lighted,Dry,Interstate,70.0,2,April,3:00am-3:59am,2,Not an Intersection,1
34.32514167,-117.4166194,Clear,Daylight,Dry,Minor Arterial,55.0,15,April,6:00am-6:59am,1,Not an Intersection,1
33.91223889,-118.1049917,Clear,Daylight,Dry,Interstate,65.0,15,April,9:00am-9:59am,2,Not an Intersection,1
37.08805278,-121.6121806,Cloudy,Dark - Not Lighted,Dry,Other Principal Arterial,45.0,23,April,5:00am-5:59am,1,Not an Intersection,1
34.55988611,-115.6606778,Clear,Daylight,Dry,Major Collector,55.0,2,June,4:00pm-4:59pm,1,Not an Intersection,1
35.72856111,-118.1378944,Clear,Daylight,Dry,Minor Arterial,55.0,9,June,2:00pm-2:59pm,1,Not an Intersection,1
39.12906389,-122.8572056,Cloudy,Dark - Not Lighted,Dry,Local,55.0,10,March,10:00pm-10:59pm,1,Not an Intersection,2
34.07048056,-117.3730944,Clear,Daylight,Dry,Minor Arterial,40.0,9,June,5:00pm-5:59pm,2,Not an Intersection,1
37.64191389,-122.4063361,Clear,Dark - Lighted,Dry,Other Freeways and Expressways,65.0,16,January,Unknown Hours,1,Not an Intersection,1
35.61619722,-119.6808333,Clear,Dark - Not Lighted,Dry,Other Principal Arterial,55.0,6,April,5:00am-5:59am,1,Not an Intersection,1
38.69909722,-119.9633972,Clear,Daylight,Dry,Other Principal Arterial,55.0,27,May,4:00pm-4:59pm,2,Not an Intersection,1
35.51588056,-118.682825,Clear,Daylight,Dry,Minor Arterial,55.0,12,May,4:00pm-4:59pm,1,Not an Intersection,2
33.60674444,-114.7102667,Clear,Daylight,Dry,Interstate,70.0,11,March,1:00pm-1:59pm,1,Not an Intersection,1
33.91331389,-118.1215083,Clear,Dark - Lighted,Dry,Interstate,65.0,28,March,8:00pm-8:59pm,2,Not an Intersection,1
39.49419444,-121.7075528,Clear,Daylight,Dry,Local,55.0,10,May,6:00am-6:59am,2,Not an Intersection,1
34.41349167,-117.2357667,Clear,Daylight,Dry,Major Collector,40.0,12,May,3:00pm-3:59pm,2,Not an Intersection,1
35.55475,-121.0873361,Clear,Daylight,Dry,Minor Arterial,55.0,19,May,2:00pm-2:59pm,2,Not an Intersection,1
33.30572778,-117.0126417,Clear,Daylight,Dry,Major Collector,25.0,2,June,6:00pm-6:59pm,1,Not an Intersection,1
38.91039167,-122.6377083,Clear,Dawn,Dry,Other Principal Arterial,55.0,13,February,6:00am-6:59am,1,Not an Intersection,1
33.92676667,-116.9490639,Cloudy,Daylight,Dry,Interstate,70.0,29,February,3:00pm-3:59pm,1,Not an Intersection,1
33.75843056,-117.0362611,Cloudy,Daylight,Dry,Local,55.0,29,May,6:00am-6:59am,2,Not an Intersection,1
36.78744722,-121.7822111,Cloudy,Dark - Not Lighted,Dry,Other Principal Arterial,55.0,14,April,10:00pm-10:59pm,1,Not an Intersection,1
40.74590278,-124.1988,Rain,Daylight,Wet,Other Principal Arterial,65.0,27,March,12:00pm-12:59pm,1,Not an Intersection,1
33.99906389,-117.1637806,Rain,Dark - Lighted,Wet,Major Collector,55.0,22,April,11:00pm-11:59pm,1,Not an Intersection,1
34.22611111,-117.3058806,Clear,Daylight,Dry,Minor Arterial,55.0,20,April,9:00am-9:59am,1,Not an Intersection,1
35.37583611,-118.9464028,Clear,Dark - Lighted,Dry,Other Principal Arterial,50.0,22,April,10:00pm-10:59pm,1,T-Intersection,1
40.61643611,-124.1975889,Cloudy,Daylight,Dry,Other Principal Arterial,65.0,31,March,4:00pm-4:59pm,1,Not an Intersection,1
35.40593889,-119.0209222,Clear,Dark - Not Lighted,Dry,Other Principal Arterial,35.0,25,May,9:00pm-9:59pm,1,Not an Intersection,1
35.65239167,-119.0798417,Clear,Daylight,Dry,Other Principal Arterial,55.0,29,May,6:00pm-6:59pm,3,Not an Intersection,1
39.16896111,-122.9593528,"Fog, Smog, Smoke",Dawn,Wet,Other Principal Arterial,55.0,12,February,6:00am-6:59am,4,Not an Intersection,2
33.54724722,-116.0996444,Clear,Daylight,Dry,Other Principal Arterial,65.0,2,May,4:00pm-4:59pm,1,Not an Intersection,1
36.33551667,-119.2532111,Rain,Dark - Lighted,Wet,Local,40.0,6,February,5:00pm-5:59pm,1,Not an Intersection,1
33.90034444,-118.0826417,Clear,Dark - Lighted,Dry,Other Principal Arterial,40.0,3,February,5:00am-5:59am,2,Four-Way Intersection,1
38.64033333,-121.3829306,Clear,Daylight,Dry,Other Freeways and Expressways,65.0,23,May,2:00pm-2:59pm,1,Not an Intersection,1
33.90120556,-117.4692528,Cloudy,Dark - Not Lighted,Dry,Other Freeways and Expressways,55.0,1,February,0:00am-0:59am,1,Not an Intersection,1
37.9866,-121.2470222,Clear,Dark - Lighted,Dry,Other Principal Arterial,45.0,25,February,11:00pm-11:59pm,1,T-Intersection,1
33.88445556,-117.6371667,Cloudy,Dark - Lighted,Dry,Other Freeways and Expressways,65.0,31,March,10:00pm-10:59pm,2,Not an Intersection,1
35.390625,-118.9848722,Clear,Daylight,Dry,Minor Arterial,40.0,21,April,4:00pm-4:59pm,1,Four-Way Intersection,1
36.72861944,-119.6998222,Clear,Daylight,Dry,Minor Arterial,55.0,19,March,5:00pm-5:59pm,1,Four-Way Intersection,2
39.10576389,-121.0852111,Clear,Dark - Not Lighted,Dry,Other Principal Arterial,55.0,21,April,2:00am-2:59am,1,Not an Intersection,1
34.24426944,-118.4235667,Clear,Dark - Lighted,Dry,Interstate,30.0,24,April,8:00pm-8:59pm,2,Not an Intersection,1
34.04257778,-118.4435667,Clear,Dark - Lighted,Dry,Major Collector,25.0,13,February,11:00pm-11:59pm,2,Not an Intersection,1
34.16685556,-118.6209139,Clear,Daylight,Dry,Other Principal Arterial,35.0,15,February,1:00pm-1:59pm,1,Four-Way Intersection,1
33.62086389,-117.6658861,Cloudy,Daylight,Dry,Other Principal Arterial,45.0,17,February,6:00am-6:59am,1,Not an Intersection,1
36.65235,-121.5830556,Cloudy,Daylight,Dry,Minor Collector,55.0,22,May,6:00am-6:59am,2,Not an Intersection,1
38.81272778,-121.7144083,Clear,Daylight,Dry,Minor Arterial,55.0,9,June,6:00pm-6:59pm,2,Not an Intersection,1
36.92355278,-120.6546139,Clear,Dark - Not Lighted,Dry,Major Collector,55.0,9,May,2:00am-2:59am,1,Not an Intersection,1
36.63110278,-121.6716611,Clear,Daylight,Dry,Interstate,65.0,10,May,4:00pm-4:59pm,3,Not an Intersection,2
39.53366667,-121.5081917,Clear,Daylight,Dry,Major Collector,55.0,17,June,11:00am-11:59am,1,Not an Intersection,1
37.56685833,-122.3917028,Rain,Dark - Lighted,Wet,Interstate,65.0,1,February,6:00am-6:59am,1,Not an Intersection,1
33.759225,-117.2699306,Clear,Dark - Not Lighted,Dry,Minor Arterial,25.0,2,May,9:00pm-9:59pm,2,T-Intersection,1
38.12998611,-121.2575167,Clear,Dark - Not Lighted,Dry,Other Freeways and Expressways,65.0,21,April,1:00am-1:59am,2,Not an Intersection,2
36.61282778,-121.5669806,Clear,Dark - Not Lighted,Dry,Other Freeways and Expressways,65.0,1,April,8:00pm-8:59pm,2,T-Intersection,1
34.02031111,-117.5439722,Clear,Daylight,Dry,Other Freeways and Expressways,65.0,20,June,5:00pm-5:59pm,1,Not an Intersection,1
35.42101944,-115.7396556,Clear,Dark - Not Lighted,Dry,Interstate,70.0,12,May,2:00am-2:59am,1,Not an Intersection,1
35.29464167,-115.4918333,Clear,Daylight,Dry,Minor Collector,55.0,30,April,12:00pm-12:59pm,1,Not an Intersection,1
36.70491111,-121.6663167,Clear,Dark - Not Lighted,Dry,Other Freeways and Expressways,65.0,24,February,4:00am-4:59am,1,Not an Intersection,1
34.20843889,-118.5098611,Rain,Daylight,Wet,Other Principal Arterial,40.0,20,February,9:00am-9:59am,2,Four-Way Intersection,1
33.7826,-118.1850361,Rain,Dark - Lighted,Wet,Minor Arterial,30.0,20,February,11:00pm-11:59pm,2,Four-Way Intersection,1
33.97058611,-118.2098194,Clear,Dark - Lighted,Dry,Minor Arterial,35.0,18,February,7:00pm-7:59pm,2,Not an Intersection,1
33.87959722,-118.2912667,Clear,Dark - Lighted,Dry,Other Principal Arterial,35.0,24,February,4:00am-4:59am,1,Not an Intersection,1
35.36491667,-120.828325,Rain,Dark - Not Lighted,Wet,Other Principal Arterial,65.0,29,March,7:00pm-7:59pm,1,Not an Intersection,1
36.80492778,-119.7793361,Clear,Daylight,Dry,Local,49.0,3,May,8:00pm-8:59pm,1,Not an Intersection,1
36.79403333,-119.7995028,Clear,Dark - Not Lighted,Dry,Major Collector,35.0,11,May,1:00am-1:59am,2,Four-Way Intersection,2
34.05556111,-117.7307222,Clear,Dark - Lighted,Dry,Other Principal Arterial,40.0,22,May,10:00pm-10:59pm,1,Not an Intersection,1
34.03703333,-117.7406306,Clear,Dusk,Dry,Other Principal Arterial,40.0,28,May,8:00pm-8:59pm,1,Not Reported,1
38.48613056,-120.835025,Clear,Dark - Not Lighted,Dry,Major Collector,50.0,9,June,1:00am-1:59am,1,Not an Intersection,1
36.43676111,-121.3449222,Clear,Dark - Not Lighted,Dry,Other Freeways and Expressways,65.0,10,March,4:00am-4:59am,1,Not an Intersection,1
36.62788611,-121.5898222,Cloudy,Dark - Not Lighted,Dry,Major Collector,55.0,4,May,1:00am-1:59am,1,Not an Intersection,1
36.38546944,-116.7447889,Clear,Daylight,Dry,Minor Arterial,65.0,26,May,7:00am-7:59am,1,Not an Intersection,1
38.620975,-121.3459722,Clear,Daylight,Dry,Minor Arterial,45.0,18,May,10:00am-10:59am,2,Four-Way Intersection,1
35.56273611,-119.6027667,Clear,Dark - Not Lighted,Dry,Interstate,70.0,26,May,11:00pm-11:59pm,1,Not an Intersection,1
37.69971111,-121.7834944,Clear,Daylight,Dry,Interstate,65.0,18,April,9:00am-9:59am,5,Not an Intersection,1
37.65258611,-121.0906556,Clear,Dark - Not Lighted,Dry,Minor Collector,55.0,25,May,11:00pm-11:59pm,1,Not an Intersection,1
34.25691389,-118.4346444,Clear,Dark - Lighted,Dry,Other Principal Arterial,35.0,24,February,10:00pm-10:59pm,2,Not an Intersection,1
37.73098889,-122.4295139,Clear,Dark - Lighted,Dry,Other Principal Arterial,35.0,25,February,6:00pm-6:59pm,1,T-Intersection,1
34.2596,-118.3071583,Clear,Dark - Lighted,Dry,Other Principal Arterial,35.0,25,February,8:00pm-8:59pm,1,Four-Way Intersection,1
36.32645,-119.2794444,Clear,Dark - Lighted,Dry,Minor Arterial,45.0,28,February,11:00pm-11:59pm,1,Not an Intersection,1
32.79969444,-117.2563972,Cloudy,Dark - Unknown Lighting,Dry,Other Principal Arterial,30.0,2,March,8:00pm-8:59pm,1,Not an Intersection,1
34.70566389,-118.1480917,Clear,Dark - Lighted,Dry,Minor Arterial,50.0,2,March,11:00pm-11:59pm,1,Four-Way Intersection,1
34.02541389,-118.2839583,Clear,Dark - Not Lighted,Dry,Other Principal Arterial,35.0,3,March,8:00pm-8:59pm,2,Four-Way Intersection,1
33.96574722,-118.2651861,Clear,Dark - Unknown Lighting,Dry,Other Principal Arterial,35.0,3,March,10:00pm-10:59pm,1,Not an Intersection,1
38.691675,-121.3829944,"Fog, Smog, Smoke",Dark - Lighted,Dry,Other Principal Arterial,45.0,6,January,6:00am-6:59am,1,Not an Intersection,1
38.61763611,-121.365525,Clear,Dark - Lighted,Dry,Other Principal Arterial,40.0,22,March,2:00am-2:59am,4,Not an Intersection,1
33.82049167,-117.8619806,Clear,Dark - Lighted,Dry,Minor Arterial,40.0,15,June,9:00pm-9:59pm,1,Not an Intersection,1
34.67499167,-118.0990583,Clear,Daylight,Dry,Other Principal Arterial,50.0,9,March,2:00pm-2:59pm,2,Four-Way Intersection,1
34.44046944,-119.7490778,Clear,Daylight,Dry,Other Principal Arterial,35.0,8,March,6:00pm-6:59pm,1,Four-Way Intersection,1
36.69452778,-119.572925,Clear,Dusk,Dry,Local,25.0,7,March,6:00pm-6:59pm,1,Not an Intersection,1
33.88194722,-118.1639306,Clear,Dark - Not Lighted,Dry,Local,15.0,7,March,0:00am-0:59am,1,Not an Intersection,1
34.01808889,-118.3555806,Clear,Daylight,Dry,Other Principal Arterial,35.0,9,March,2:00pm-2:59pm,4,Four-Way Intersection,2
33.77538611,-118.1764,Cloudy,Dark - Lighted,Dry,Other Principal Arterial,25.0,8,March,1:00am-1:59am,7,Four-Way Intersection,1
34.44032222,-117.3702417,Clear,Dark - Not Lighted,Dry,Minor Arterial,55.0,9,March,8:00pm-8:59pm,2,Not an Intersection,1
33.93112222,-118.0727639,Clear,Dark - Lighted,Dry,Other Principal Arterial,45.0,11,March,5:00am-5:59am,1,Not an Intersection,1
33.79104722,-118.2870056,Clear,Dark - Unknown Lighting,Dry,Other Principal Arterial,45.0,11,March,9:00pm-9:59pm,1,Not an Intersection,1
34.25212778,-118.5360361,Clear,Dark - Lighted,Dry,Minor Arterial,35.0,12,March,4:00am-4:59am,1,Not an Intersection,1
34.30786944,-118.4124667,Clear,Daylight,Dry,Local,35.0,12,March,10:00am-10:59am,1,Not an Intersection,1
35.01086111,-120.4712389,Cloudy,Dark - Not Lighted,Dry,Minor Arterial,55.0,27,March,Unknown Hours,1,Not an Intersection,1
33.92890833,-118.290375,Clear,Dark - Lighted,Dry,Interstate,65.0,26,January,2:00am-2:59am,1,Not an Intersection,1
37.72039167,-121.5341722,Clear,Daylight,Dry,Minor Arterial,45.0,11,April,4:00pm-4:59pm,3,Not an Intersection,1
34.06200278,-117.1835972,Clear,Dark - Lighted,Dry,Interstate,65.0,2,June,2:00am-2:59am,1,Not an Intersection,1
34.0775,-117.2264028,Clear,Dark - Lighted,Dry,Minor Arterial,50.0,13,March,4:00am-4:59am,1,Four-Way Intersection,1
32.73664722,-117.1437083,Clear,Daylight,Dry,Major Collector,40.0,13,March,2:00pm-2:59pm,2,Not an Intersection,1
33.92783611,-118.1093028,Clear,Dark - Lighted,Dry,Other Principal Arterial,40.0,13,March,10:00pm-10:59pm,1,Not an Intersection,1
34.18061667,-118.4399556,Clear,Daylight,Dry,Minor Arterial,35.0,15,March,10:00am-10:59am,2,Four-Way Intersection,1
32.94147222,-117.2423056,Clear,Dark - Not Lighted,Dry,Interstate,65.0,25,January,4:00am-4:59am,2,Not an Intersection,1
38.47650278,-121.4250833,Clear,Daylight,Dry,Interstate,55.0,29,January,8:00am-8:59am,3,Not an Intersection,1
38.12875556,-119.1824306,Clear,Daylight,Dry,Other Principal Arterial,65.0,1,June,10:00am-10:59am,2,Not an Intersection,1
32.75877778,-117.211325,Cloudy,Dark - Not Lighted,Dry,Other Principal Arterial,65.0,25,April,Unknown Hours,1,Not an Intersection,1
36.93999444,-120.0560722,Clear,Daylight,Dry,Other Principal Arterial,45.0,6,April,7:00pm-7:59pm,1,Not an Intersection,1
33.12673056,-117.0653194,Clear,Dark - Not Lighted,Dry,Other Principal Arterial,35.0,26,March,11:00pm-11:59pm,1,Not an Intersection,1
33.57296944,-117.1705194,Clear,Dark - Lighted,Dry,Major Collector,40.0,11,March,2:00am-2:59am,1,Not an Intersection,1
38.44559722,-122.7137694,Clear,Dark - Lighted,Dry,Other Principal Arterial,35.0,26,March,6:00am-6:59am,1,Four-Way Intersection,1
37.84675,-122.2981333,Clear,Daylight,Dry,Interstate,55.0,1,May,7:00am-7:59am,1,Not an Intersection,1
34.04060556,-118.1532972,Clear,Daylight,Dry,Other Principal Arterial,35.0,3,May,4:00pm-4:59pm,1,T-Intersection,1
34.19269167,-118.35335,Cloudy,Dark - Lighted,Dry,Minor Arterial,40.0,18,May,11:00pm-11:59pm,3,Not an Intersection,1
35.36741944,-119.0187778,Clear,Daylight,Dry,Local,40.0,9,June,3:00pm-3:59pm,1,Four-Way Intersection,1
34.055275,-118.1225833,Clear,Dark - Lighted,Dry,Minor Arterial,30.0,28,June,0:00am-0:59am,4,Not an Intersection,3
33.77575833,-116.9588861,Clear,Dark - Lighted,Dry,Other Principal Arterial,40.0,27,June,2:00am-2:59am,1,Not an Intersection,1
33.88144167,-118.2825556,Clear,Daylight,Dry,Other Principal Arterial,40.0,13,February,1:00pm-1:59pm,2,Not an Intersection,1
40.80536389,-124.1997833,Clear,Daylight,Dry,Major Collector,55.0,5,April,6:00pm-6:59pm,3,Not an Intersection,1
34.01523056,-117.9449583,Rain,Dark - Lighted,Wet,Other Principal Arterial,50.0,20,February,10:00pm-10:59pm,2,Not an Intersection,1
39.36313889,-121.688,Clear,Dark - Lighted,Dry,Other Principal Arterial,35.0,24,February,6:00pm-6:59pm,1,Not an Intersection,1
34.19924167,-118.4837361,Clear,Dark - Lighted,Dry,Other Principal Arterial,40.0,28,February,7:00pm-7:59pm,4,Not an Intersection,1
34.01083333,-118.3154694,Clear,Dark - Lighted,Dry,Other Principal Arterial,35.0,18,March,8:00pm-8:59pm,1,Not an Intersection,1
37.48656111,-122.2353056,Rain,Dark - Not Lighted,Wet,Other Principal Arterial,35.0,2,March,2:00am-2:59am,1,Not an Intersection,1
33.9397,-118.2827778,Rain,Dark - Lighted,Wet,Other Principal Arterial,35.0,2,March,5:00am-5:59am,1,Not an Intersection,1
34.03250833,-118.3518528,Clear,Dark - Lighted,Dry,Other Principal Arterial,35.0,16,March,1:00am-1:59am,1,T-Intersection,1
34.00526944,-118.3337694,Cloudy,Dark - Lighted,Dry,Other Principal Arterial,35.0,29,February,10:00pm-10:59pm,1,Four-Way Intersection,1
37.78165556,-122.4159806,Rain,Dark - Lighted,Wet,Minor Arterial,20.0,2,March,0:00am-0:59am,1,Not an Intersection,1
34.68739444,-118.134875,Clear,Dark - Lighted,Dry,Other Principal Arterial,50.0,15,March,10:00pm-10:59pm,1,Not an Intersection,1
34.2012,-118.3790444,Clear,Dark - Lighted,Dry,Other Principal Arterial,35.0,16,March,0:00am-0:59am,2,Four-Way Intersection,1
32.96490833,-117.1281389,Clear,Daylight,Dry,Minor Arterial,40.0,29,March,12:00pm-12:59pm,1,Not an Intersection,1
37.96284444,-122.0506611,Clear,Daylight,Dry,Other Freeways and Expressways,65.0,11,February,7:00am-7:59am,2,Not an Intersection,1
33.313825,-117.208525,Clear,Daylight,Dry,Local,25.0,19,May,8:00pm-8:59pm,1,Not an Intersection,1
33.88145278,-117.6485833,Clear,Daylight,Dry,Other Freeways and Expressways,65.0,25,June,1:00pm-1:59pm,2,Not an Intersection,1
38.72656389,-121.8063306,Clear,Daylight,Dry,Interstate,70.0,28,June,4:00pm-4:59pm,1,Not an Intersection,1
34.13596389,-117.86845,Cloudy,Daylight,Dry,Other Principal Arterial,40.0,31,March,3:00pm-3:59pm,2,Not an Intersection,1
36.337675,-119.6370861,Clear,Dark - Lighted,Dry,Other Principal Arterial,40.0,10,April,8:00pm-8:59pm,1,Not an Intersection,1
37.98628889,-122.0667972,Clear,Dark - Not Lighted,Dry,Interstate,65.0,5,January,9:00pm-9:59pm,2,Not an Intersection,1
34.13611944,-117.4080028,Clear,Dark - Lighted,Dry,Other Freeways and Expressways,65.0,23,January,6:00pm-6:59pm,1,Not an Intersection,1
38.67043611,-121.1573861,Clear,Daylight,Non-Trafficway or Driveway Access,Minor Arterial,49.0,4,April,5:00pm-5:59pm,1,Not an Intersection,1
33.94419722,-118.2063389,Clear,Dark - Lighted,Dry,Minor Arterial,35.0,12,April,2:00am-2:59am,1,Four-Way Intersection,1
33.92986667,-118.1690417,Clear,Daylight,Dry,Other Principal Arterial,40.0,15,April,12:00pm-12:59pm,1,Not an Intersection,1
34.05193611,-117.7325194,Clear,Daylight,Dry,Minor Arterial,35.0,21,April,6:00pm-6:59pm,4,Four-Way Intersection,2
36.54291111,-121.6668083,Cloudy,Dark - Not Lighted,Wet,Minor Collector,45.0,5,May,2:00am-2:59am,1,Not an Intersection,1
36.79566111,-121.7204083,Cloudy,Dark - Not Lighted,Dry,Major Collector,55.0,15,May,5:00am-5:59am,2,Four-Way Intersection,1
33.94412222,-118.2052833,Clear,Dark - Lighted,Dry,Minor Arterial,35.0,16,February,7:00pm-7:59pm,1,Four-Way Intersection,1
38.67208889,-121.1436444,Clear,Daylight,Dry,Local,35.0,23,May,4:00pm-4:59pm,2,Not an Intersection,1
36.77906389,-119.8533722,Clear,Daylight,Dry,Major Collector,40.0,24,May,4:00pm-4:59pm,2,Four-Way Intersection,1
36.73961389,-119.7945889,Clear,Daylight,Dry,Major Collector,30.0,2,June,1:00pm-1:59pm,1,Four-Way Intersection,1
37.61725,-120.9935611,Clear,Daylight,Dry,Minor Arterial,45.0,7,June,8:00pm-8:59pm,1,Not an Intersection,1
35.35436944,-119.1456444,Clear,Daylight,Dry,Other Principal Arterial,55.0,25,June,6:00pm-6:59pm,1,Four-Way Intersection,1
36.14549722,-119.0001722,Clear,Dusk,Dry,Major Collector,55.0,25,June,7:00pm-7:59pm,2,Four-Way Intersection,1
38.27679167,-121.4990583,Clear,Dark - Not Lighted,Non-Trafficway or Driveway Access,Major Collector,49.0,4,July,10:00pm-10:59pm,2,Not an Intersection,1
39.12249444,-122.842275,Rain,Dark - Not Lighted,Wet,Other Principal Arterial,40.0,14,February,7:00pm-7:59pm,1,Not an Intersection,1
37.73208889,-122.4302639,Clear,Dark - Lighted,Dry,Interstate,65.0,9,March,2:00am-2:59am,1,Not an Intersection,1
33.22837778,-116.9998167,Clear,Daylight,Dry,Minor Arterial,45.0,26,May,7:00pm-7:59pm,1,Not an Intersection,1
38.68695,-121.3427056,Cloudy,Daylight,Dry,Other Principal Arterial,45.0,4,February,3:00pm-3:59pm,3,Not an Intersection,2
35.56413333,-115.4094306,Clear,Dark - Not Lighted,Dry,Interstate,70.0,8,March,2:00am-2:59am,3,Not an Intersection,1
34.42369722,-117.5549833,Clear,Dark - Not Lighted,Dry,Local,55.0,1,May,8:00pm-8:59pm,1,Not an Intersection,1
34.06624722,-118.1102694,Clear,Dusk,Dry,Minor Arterial,30.0,10,May,8:00pm-8:59pm,1,Not an Intersection,1
34.06077778,-117.7415056,Clear,Dark - Lighted,Dry,Other Principal Arterial,35.0,22,April,8:00pm-8:59pm,1,Four-Way Intersection,1
38.27255,-121.9781722,Clear,Dark - Not Lighted,Dry,Other Principal Arterial,55.0,23,April,0:00am-0:59am,1,Not an Intersection,1
33.16088889,-117.0929417,Clear,Dark - Lighted,Dry,Minor Arterial,45.0,27,April,9:00pm-9:59pm,2,Four-Way Intersection,1
34.16935833,-118.3207944,Clear,Dark - Lighted,Dry,Minor Arterial,35.0,8,May,10:00pm-10:59pm,3,Not an Intersection,1
33.84947222,-118.3622444,Clear,Dark - Lighted,Non-Trafficway or Driveway Access,Minor Arterial,49.0,8,May,9:00pm-9:59pm,2,Not an Intersection,1
33.60248889,-117.9008889,Clear,Dusk,Dry,Minor Arterial,25.0,25,May,6:00pm-6:59pm,1,Four-Way Intersection,1
33.84140833,-118.3286083,Clear,Daylight,Dry,Other Principal Arterial,45.0,10,June,6:00pm-6:59pm,1,Not an Intersection,1
38.89632222,-121.1252833,Clear,Daylight,Dry,Minor Collector,25.0,18,March,10:00am-10:59am,1,Not an Intersection,1
41.46823333,-122.3532889,Clear,Daylight,Dry,Other Principal Arterial,55.0,8,May,1:00pm-1:59pm,2,Not an Intersection,1
35.66099167,-119.2228167,Clear,Dark - Not Lighted,Dry,Other Freeways and Expressways,70.0,11,May,8:00pm-8:59pm,1,Not an Intersection,1
38.23993611,-121.4173806,Rain,Dark - Not Lighted,Wet,Major Collector,55.0,4,February,1:00am-1:59am,1,Not an Intersection,1
38.61049722,-121.3830972,Clear,Daylight,Dry,Other Principal Arterial,40.0,1,May,8:00am-8:59am,2,Four-Way Intersection,1
33.38681389,-117.1744194,Clear,Dark - Not Lighted,Dry,Interstate,70.0,13,January,4:00am-4:59am,2,Not an Intersection,1
41.16914167,-122.2976,Cloudy,Dark - Not Lighted,Dry,Interstate,65.0,22,March,5:00am-5:59am,1,Not an Intersection,1
34.49732222,-117.5728889,Clear,Daylight,Dry,Major Collector,55.0,8,June,11:00am-11:59am,1,Not an Intersection,1
34.14567222,-117.2771778,Clear,Daylight,Dry,Minor Arterial,65.0,8,June,7:00pm-7:59pm,3,Not an Intersection,1
36.58941667,-119.3950139,Clear,Daylight,Dry,Major Collector,55.0,22,May,11:00am-11:59am,2,Four-Way Intersection,1
36.54674167,-119.4806444,Clear,Dawn,Dry,Other Principal Arterial,65.0,23,May,5:00am-5:59am,2,Not an Intersection,1
36.34178056,-119.4574278,Clear,Daylight,Dry,Major Collector,55.0,3,June,6:00am-6:59am,2,Four-Way Intersection,1
34.17005833,-118.6022611,Clear,Daylight,Dry,Other Freeways and Expressways,65.0,4,June,5:00pm-5:59pm,3,Not an Intersection,1
34.91108889,-116.8166972,Clear,Daylight,Dry,Interstate,55.0,5,June,5:00pm-5:59pm,4,Not an Intersection,1
35.65129722,-118.421675,Clear,Daylight,Dry,Minor Arterial,55.0,2,July,7:00am-7:59am,1,Not an Intersection,1
37.97478056,-121.2972556,Cloudy,Daylight,Dry,Other Principal Arterial,35.0,22,March,5:00pm-5:59pm,2,T-Intersection,1
33.14292222,-117.1897167,Clear,Daylight,Dry,Other Freeways and Expressways,65.0,13,May,8:00am-8:59am,1,Not an Intersection,1
39.08277778,-121.5519389,Clear,Dark - Lighted,Dry,Local,25.0,4,July,0:00am-0:59am,1,T-Intersection,1
34.86325278,-117.0954722,Clear,Dark - Not Lighted,Wet,Minor Arterial,50.0,20,January,6:00pm-6:59pm,1,Not an Intersection,1
34.88799444,-117.0715028,Rain,Dark - Not Lighted,Wet,Other Principal Arterial,45.0,22,January,6:00pm-6:59pm,1,Not an Intersection,1
38.60505,-121.521625,Rain,Dark - Not Lighted,Wet,Major Collector,35.0,24,January,7:00pm-7:59pm,1,Not an Intersection,1
38.62170556,-121.4230639,Clear,Dark - Lighted,Wet,Local,25.0,9,February,2:00am-2:59am,2,T-Intersection,1
38.60603889,-121.4407167,Clear,Dark - Lighted,Dry,Other Principal Arterial,40.0,10,February,11:00pm-11:59pm,2,Not an Intersection,1
33.98304444,-118.0965722,Clear,Dark - Lighted,Dry,Other Principal Arterial,40.0,14,February,1:00am-1:59am,1,Not an Intersection,1
33.89994167,-117.9571389,Clear,Dark - Lighted,Dry,Minor Arterial,50.0,14,March,1:00am-1:59am,1,Not an Intersection,1
38.547075,-121.3948167,Clear,Dark - Lighted,Dry,Other Principal Arterial,40.0,16,March,9:00pm-9:59pm,1,Not an Intersection,1
37.50735833,-120.8489944,Clear,Dark - Lighted,Dry,Other Principal Arterial,35.0,21,March,9:00pm-9:59pm,2,Four-Way Intersection,1
33.07531667,-117.295625,Clear,Dark - Not Lighted,Dry,Interstate,65.0,23,February,6:00pm-6:59pm,1,Not an Intersection,1
35.74431667,-119.0551111,Clear,Daylight,Dry,Other Principal Arterial,55.0,14,June,9:00am-9:59am,2,Not an Intersection,1
33.75854722,-116.296625,Clear,Dark - Lighted,Dry,Interstate,70.0,15,March,10:00pm-10:59pm,1,Not an Intersection,1
38.61084167,-121.412375,Cloudy,Dark - Lighted,Wet,Other Principal Arterial,40.0,3,March,9:00pm-9:59pm,2,Four-Way Intersection,1
35.73846111,-119.0584556,Rain,Daylight,Wet,Other Principal Arterial,55.0,13,April,4:00pm-4:59pm,3,Not an Intersection,1
33.64083611,-116.2333778,Clear,Dark - Not Lighted,Dry,Major Collector,50.0,11,May,2:00am-2:59am,1,Not an Intersection,1
36.60550278,-119.646675,Clear,Dark - Not Lighted,Dry,Major Collector,65.0,7,March,4:00am-4:59am,2,T-Intersection,1
37.40722778,-121.0817722,Clear,Dark - Not Lighted,Dry,Minor Arterial,55.0,7,April,4:00am-4:59am,1,Not an Intersection,1
34.54266944,-118.0303194,Clear,Dark - Lighted,Dry,Other Principal Arterial,60.0,12,January,11:00pm-11:59pm,3,Four-Way Intersection,1
35.00531667,-117.8154444,Clear,Daylight,Dry,Other Freeways and Expressways,70.0,14,January,8:00am-8:59am,1,Not an Intersection,1
33.55611111,-117.7222222,Clear,Dark - Lighted,Dry,Other Principal Arterial,50.0,15,January,4:00am-4:59am,1,T-Intersection,1
33.71403333,-117.3607861,Rain,Daylight,Wet,Interstate,70.0,22,January,9:00am-9:59am,1,Not an Intersection,1
37.99776111,-122.1592222,Clear,Daylight,Dry,Major Collector,45.0,17,March,Unknown Hours,1,Not an Intersection,1
38.49633333,-121.4443944,Rain,Dark - Lighted,Wet,Other Freeways and Expressways,65.0,29,February,7:00pm-7:59pm,1,Other Intersection Type,1
33.86758056,-116.4894611,Clear,Dark - Not Lighted,Dry,Interstate,70.0,11,April,1:00am-1:59am,2,Not an Intersection,1
38.25397222,-122.8528861,Clear,Daylight,Dry,Major Collector,55.0,20,April,2:00pm-2:59pm,1,Not an Intersection,1
36.96129722,-121.5366806,Clear,Daylight,Dry,Other Principal Arterial,50.0,29,April,12:00pm-12:59pm,2,T-Intersection,1
37.23951111,-121.7877833,Clear,Daylight,Dry,Other Freeways and Expressways,65.0,1,May,7:00pm-7:59pm,1,Not an Intersection,1
33.91672222,-117.30085,Clear,Dark - Not Lighted,Dry,Minor Arterial,55.0,10,June,8:00pm-8:59pm,1,Not an Intersection,1
34.28250556,-118.7340222,Clear,Dark - Not Lighted,Dry,Other Freeways and Expressways,65.0,20,April,2:00am-2:59am,1,Not an Intersection,1
39.52746389,-121.1419722,Reported as Unknown,Dark - Not Lighted,Dry,Local,49.0,28,June,Unknown Hours,1,Not an Intersection,1
37.64455556,-120.6131306,Clear,Daylight,Dry,Minor Arterial,55.0,8,June,2:00pm-2:59pm,1,Y-Intersection,1
34.72611389,-116.1518139,Clear,Daylight,Dry,Interstate,70.0,2,July,10:00am-10:59am,1,Not an Intersection,1
33.81251111,-117.2379528,Clear,Dark - Not Lighted,Dry,Interstate,65.0,27,May,2:00am-2:59am,1,Not an Intersection,1
38.48110833,-121.4298222,Cloudy,Daylight,Dry,Other Freeways and Expressways,65.0,23,March,3:00pm-3:59pm,2,Not an Intersection,1
36.73588889,-119.2637194,Clear,Dark - Not Lighted,Wet,Other Principal Arterial,55.0,18,February,5:00am-5:59am,2,Not an Intersection,1
33.94118889,-117.2332639,Clear,Dark - Not Lighted,Dry,Other Freeways and Expressways,65.0,6,June,3:00am-3:59am,1,Not an Intersection,1
36.73955278,-119.8158472,Clear,Dark - Lighted,Dry,Interstate,65.0,7,April,2:00am-2:59am,1,Not an Intersection,1
34.072375,-117.9237611,Clear,Dark - Lighted,Dry,Interstate,65.0,15,April,10:00pm-10:59pm,1,Not an Intersection,1
33.65466111,-117.6590194,Clear,Dark - Lighted,Dry,Other Principal Arterial,55.0,26,January,7:00pm-7:59pm,1,Four-Way Intersection,1
36.79423611,-119.7180917,Clear,Dark - Lighted,Dry,Minor Arterial,40.0,1,March,7:00pm-7:59pm,1,Four-Way Intersection,1
34.06180556,-118.3178,Clear,Daylight,Dry,Local,25.0,20,March,4:00pm-4:59pm,1,T-Intersection,1
33.77706944,-118.1893222,Clear,Daylight,Dry,Other Principal Arterial,25.0,20,March,5:00pm-5:59pm,2,Four-Way Intersection,1
34.48050556,-117.1726306,Clear,Dark - Not Lighted,Dry,Minor Arterial,55.0,27,March,0:00am-0:59am,2,Not an Intersection,1
36.83768889,-119.7253722,Clear,Daylight,Dry,Other Principal Arterial,50.0,27,March,2:00pm-2:59pm,3,Not an Intersection,1
34.02898333,-118.3177333,Clear,Daylight,Dry,Minor Arterial,35.0,28,March,11:00am-11:59am,6,T-Intersection,2
37.74846944,-122.4360528,Clear,Daylight,Dry,Local,25.0,30,March,10:00am-10:59am,5,Not an Intersection,1
34.03694167,-117.8672167,Rain,Daylight,Wet,Other Principal Arterial,45.0,31,March,12:00pm-12:59pm,1,Not an Intersection,1
33.74129167,-117.4320861,Rain,Dark - Not Lighted,Wet,Interstate,70.0,6,March,10:00pm-10:59pm,4,Not an Intersection,2
37.38055556,-121.9960333,Clear,Dawn,Dry,Other Principal Arterial,50.0,17,March,6:00am-6:59am,2,Four-Way Intersection,1
33.75388056,-116.9717222,Clear,Dark - Lighted,Dry,Minor Arterial,40.0,18,April,11:00pm-11:59pm,1,Not an Intersection,1
33.99229167,-117.4235222,Clear,Dark - Lighted,Dry,Other Principal Arterial,45.0,30,May,3:00am-3:59am,3,Not an Intersection,1
33.94548333,-118.3526333,Clear,Dark - Lighted,Dry,Other Principal Arterial,35.0,17,January,6:00pm-6:59pm,1,Four-Way Intersection,1
33.95225833,-118.3532722,Clear,Daylight,Dry,Other Principal Arterial,35.0,14,February,2:00pm-2:59pm,1,Not an Intersection,1
34.03372778,-117.7317611,Clear,Dark - Lighted,Dry,Minor Arterial,35.0,9,June,2:00am-2:59am,1,Four-Way Intersection,1
33.92726389,-117.4197417,Clear,Dark - Lighted,Dry,Other Freeways and Expressways,55.0,19,January,8:00pm-8:59pm,1,Not an Intersection,1
38.25608056,-122.6811833,Clear,Dark - Not Lighted,Dry,Major Collector,45.0,25,March,8:00pm-8:59pm,1,Not an Intersection,1
38.17098333,-122.5193778,Clear,Daylight,Dry,Minor Arterial,55.0,16,April,2:00pm-2:59pm,4,Not an Intersection,1
35.68666111,-118.4675472,Clear,Dark - Not Lighted,Dry,Major Collector,55.0,25,June,10:00pm-10:59pm,2,Not an Intersection,1
34.01840556,-117.5098028,Clear,Dark - Lighted,Dry,Other Freeways and Expressways,65.0,27,June,8:00pm-8:59pm,1,Not an Intersection,1
36.69254722,-119.6459583,Clear,Daylight,Dry,Minor Collector,55.0,16,May,2:00pm-2:59pm,2,Four-Way Intersection,2
33.8245,-118.2904639,Cloudy,Dawn,Wet,Minor Arterial,40.0,31,March,6:00am-6:59am,1,Four-Way Intersection,1
33.66948056,-115.6404389,Clear,Daylight,Dry,Interstate,70.0,26,May,3:00pm-3:59pm,1,Not an Intersection,1
33.78988889,-118.1678056,Clear,Dark - Lighted,Dry,Other Principal Arterial,40.0,7,January,8:00pm-8:59pm,1,Four-Way Intersection,1
33.2125,-117.3690222,Clear,Dark - Not Lighted,Dry,Other Freeways and Expressways,55.0,7,January,6:00pm-6:59pm,1,Not an Intersection,1
37.38453611,-122.1238556,Cloudy,Daylight,Dry,Other Principal Arterial,45.0,13,February,9:00am-9:59am,1,Not an Intersection,1
34.02728611,-118.3350944,Cloudy,Dark - Lighted,Dry,Other Principal Arterial,35.0,18,February,7:00pm-7:59pm,1,Not an Intersection,1
34.13960833,-118.3801583,Rain,Dark - Lighted,Not Reported,Other Principal Arterial,35.0,18,February,6:00pm-6:59pm,2,Not an Intersection,1
33.85698056,-118.1602389,Clear,Daylight,Dry,Local,25.0,22,March,6:00pm-6:59pm,1,Not an Intersection,1
33.48496667,-116.8339444,Clear,Dark - Not Lighted,Dry,Minor Arterial,55.0,18,February,Unknown Hours,1,Not an Intersection,1
32.74488056,-116.9647028,Clear,Dark - Not Lighted,Dry,Other Freeways and Expressways,65.0,11,March,3:00am-3:59am,1,Not an Intersection,1
33.70303333,-117.1886194,Clear,Dark - Lighted,Dry,Minor Arterial,35.0,29,May,9:00pm-9:59pm,1,Not an Intersection,1
34.10094167,-117.2087167,Clear,Dark - Lighted,Dry,Other Principal Arterial,55.0,3,April,8:00pm-8:59pm,1,Not an Intersection,1
32.71961389,-117.1469083,Clear,Dark - Not Lighted,Dry,Minor Arterial,50.0,3,April,8:00pm-8:59pm,1,Not an Intersection,1
33.97266111,-118.1371444,Clear,Dusk,Dry,Minor Arterial,35.0,4,April,7:00pm-7:59pm,1,Not Reported,1
34.40915833,-118.5704889,Clear,Dark - Lighted,Dry,Other Principal Arterial,45.0,4,January,9:00pm-9:59pm,1,Not an Intersection,1
34.68223056,-118.1657722,Clear,Daylight,Dry,Minor Arterial,50.0,16,March,9:00am-9:59am,2,Four-Way Intersection,1
34.0967,-118.3134139,Clear,Dark - Lighted,Dry,Interstate,55.0,27,March,0:00am-0:59am,1,Not an Intersection,1
38.57757222,-121.4016611,Clear,Dark - Lighted,Dry,Other Principal Arterial,35.0,16,June,0:00am-0:59am,1,Y-Intersection,1
35.096925,-119.4118333,Clear,Dark - Not Lighted,Dry,Minor Arterial,55.0,28,March,5:00am-5:59am,3,Not an Intersection,1
33.75782222,-118.2983306,Clear,Daylight,Dry,Major Collector,35.0,9,April,9:00am-9:59am,1,Not an Intersection,1
34.00366667,-118.2816361,Clear,Daylight,Dry,Minor Arterial,35.0,11,April,9:00am-9:59am,1,Four-Way Intersection,1
34.03256944,-118.3460111,Clear,Dark - Lighted,Dry,Other Principal Arterial,35.0,11,April,11:00pm-11:59pm,4,Four-Way Intersection,1
34.26999722,-118.5869306,Clear,Daylight,Non-Trafficway or Driveway Access,Local,49.0,22,March,3:00pm-3:59pm,2,Not an Intersection,1
39.13656944,-121.6119472,Cloudy,Dark - Lighted,Dry,Minor Arterial,35.0,12,April,11:00pm-11:59pm,1,Not an Intersection,1
32.72020556,-117.0850417,Clear,Dark - Lighted,Dry,Minor Arterial,35.0,6,April,7:00pm-7:59pm,2,T-Intersection,1
34.20845,-118.467425,Clear,Dark - Lighted,Dry,Minor Arterial,35.0,7,April,1:00am-1:59am,1,T-Intersection,1
34.01127222,-117.8602778,Clear,Dark - Lighted,Dry,Minor Arterial,45.0,8,April,4:00am-4:59am,1,Not an Intersection,1
36.84313056,-119.6638333,Clear,Daylight,Dry,Other Freeways and Expressways,65.0,12,June,10:00am-10:59am,1,Not an Intersection,1
40.44763611,-122.2578056,Clear,Daylight,Dry,Minor Arterial,55.0,19,June,9:00am-9:59am,1,Not an Intersection,1
36.25507778,-117.9930361,Severe Crosswinds,Daylight,Dry,Other Principal Arterial,55.0,25,June,3:00pm-3:59pm,2,T-Intersection,3
38.63568333,-121.5396806,Clear,Dark - Not Lighted,Dry,Major Collector,50.0,4,July,4:00am-4:59am,1,Not an Intersection,1
38.5294,-121.5185722,Clear,Daylight,Dry,Interstate,65.0,8,July,7:00am-7:59am,1,Not an Intersection,1
36.45406944,-118.8879833,Clear,Dark - Not Lighted,Dry,Other Principal Arterial,40.0,23,May,0:00am-0:59am,1,Not an Intersection,1
36.03049722,-119.5360583,Clear,Daylight,Dry,Local,55.0,21,June,12:00pm-12:59pm,1,Not an Intersection,1
34.44576389,-115.7389861,Clear,Daylight,Dry,Major Collector,55.0,9,July,2:00pm-2:59pm,1,Not an Intersection,1
33.940925,-117.2683944,Clear,Dark - Not Lighted,Dry,Other Freeways and Expressways,65.0,17,July,9:00pm-9:59pm,1,Not an Intersection,1
35.16458056,-120.6343806,Clear,Dark - Not Lighted,Dry,Minor Arterial,55.0,3,June,9:00pm-9:59pm,1,Not an Intersection,1
32.74877778,-117.0796389,Clear,Dark - Lighted,Dry,Minor Arterial,40.0,7,April,8:00pm-8:59pm,1,Four-Way Intersection,1
34.00390833,-118.2588806,Clear,Daylight,Dry,Minor Arterial,25.0,18,April,3:00pm-3:59pm,1,Not an Intersection,1
34.29575556,-118.5437972,Clear,Dark - Lighted,Dry,Minor Arterial,45.0,29,April,4:00am-4:59am,3,T-Intersection,1
34.67471944,-118.1480472,Clear,Dark - Lighted,Dry,Minor Arterial,45.0,29,April,8:00pm-8:59pm,1,Four-Way Intersection,1
33.78276389,-118.2103778,Clear,Daylight,Dry,Minor Arterial,35.0,30,April,8:00am-8:59am,2,Four-Way Intersection,1
34.19388889,-118.5335917,Clear,Dark - Lighted,Dry,Minor Arterial,35.0,1,May,7:00pm-7:59pm,1,Four-Way Intersection,1
32.75675833,-117.0870194,Clear,Dark - Lighted,Dry,Other Principal Arterial,35.0,2,May,9:00pm-9:59pm,1,Four-Way Intersection,1
32.91466944,-117.1922306,Cloudy,Daylight,Dry,Minor Arterial,45.0,11,May,6:00am-6:59am,1,Not an Intersection,1
33.86241111,-118.1772806,Clear,Dark - Lighted,Dry,Minor Arterial,35.0,12,May,0:00am-0:59am,1,Not an Intersection,1
34.426875,-117.3462778,Clear,Dark - Lighted,Dry,Other Principal Arterial,50.0,13,May,11:00pm-11:59pm,1,Four-Way Intersection,1
34.674775,-118.2051083,Clear,Dark - Not Lighted,Dry,Minor Arterial,45.0,15,April,8:00pm-8:59pm,1,Not an Intersection,1
37.33211389,-120.4762028,Clear,Daylight,Dry,Minor Arterial,40.0,18,April,4:00pm-4:59pm,1,Not an Intersection,1
34.16500278,-117.2651806,Clear,Dark - Not Lighted,Dry,Minor Arterial,40.0,9,April,4:00am-4:59am,1,Not an Intersection,1
37.25984722,-121.7993028,Clear,Daylight,Dry,Interstate,65.0,3,April,11:00am-11:59am,1,Not an Intersection,1
33.96868889,-118.0823694,Cloudy,Dark - Lighted,Dry,Interstate,65.0,1,March,2:00am-2:59am,1,Not an Intersection,1
34.01029444,-118.28075,Clear,Dark - Lighted,Dry,Interstate,65.0,8,May,2:00am-2:59am,2,Not an Intersection,1
39.12859167,-122.2820306,Clear,Daylight,Dry,Other Principal Arterial,55.0,12,June,1:00pm-1:59pm,1,Not an Intersection,1
38.75162778,-121.4451778,Clear,Daylight,Dry,Major Collector,55.0,17,June,12:00pm-12:59pm,2,Not an Intersection,1
38.06198889,-122.533225,Rain,Daylight,Wet,Other Freeways and Expressways,65.0,20,January,4:00pm-4:59pm,1,Not an Intersection,1
34.739725,-118.1432389,Clear,Dark - Not Lighted,Dry,Minor Arterial,55.0,26,January,8:00pm-8:59pm,2,Not an Intersection,1
32.56615278,-117.0039306,Rain,Daylight,Wet,Other Freeways and Expressways,65.0,9,February,12:00pm-12:59pm,1,Not an Intersection,1
33.97172222,-118.3428278,Clear,Daylight,Non-Trafficway or Driveway Access,Other Principal Arterial,49.0,7,March,8:00am-8:59am,2,Not an Intersection,1
37.70203056,-121.5067,Clear,Dark - Not Lighted,Dry,Interstate,70.0,28,April,0:00am-0:59am,1,Not an Intersection,1
34.51965556,-117.9358583,Clear,Dark - Not Lighted,Dry,Other Principal Arterial,55.0,29,April,5:00am-5:59am,2,Not an Intersection,1
38.65690833,-121.38415,Clear,Dark - Lighted,Dry,Minor Arterial,50.0,20,June,10:00pm-10:59pm,1,Not an Intersection,1
32.76089444,-117.2216417,Clear,Dark - Not Lighted,Dry,Other Principal Arterial,55.0,2,April,8:00pm-8:59pm,3,Not an Intersection,1
37.63164722,-121.3899056,Clear,Dark - Not Lighted,Dry,Interstate,70.0,19,May,1:00am-1:59am,1,Not an Intersection,2
37.73964167,-121.4045333,Clear,Dark - Not Lighted,Dry,Other Principal Arterial,45.0,28,May,1:00am-1:59am,1,Not an Intersection,1
36.05121667,-119.107525,Clear,Dawn,Dry,Other Principal Arterial,55.0,15,July,5:00am-5:59am,2,Four-Way Intersection,1
36.94008889,-121.7961667,Clear,Daylight,Dry,Major Collector,35.0,14,March,6:00pm-6:59pm,1,Not an Intersection,1
37.92755278,-120.5971583,Clear,Daylight,Dry,Major Collector,55.0,8,June,2:00pm-2:59pm,1,Not an Intersection,1
37.36266111,-121.891775,Clear,Dark - Lighted,Dry,Interstate,65.0,9,January,2:00am-2:59am,1,Four-Way Intersection,1
37.81369722,-120.1216083,Clear,Daylight,Dry,Other Principal Arterial,55.0,29,May,12:00pm-12:59pm,2,Not an Intersection,1
38.71436111,-121.4134444,Clear,Dark - Lighted,Dry,Minor Arterial,45.0,7,May,9:00pm-9:59pm,3,T-Intersection,1
41.80949444,-124.0874694,Clear,Daylight,Dry,Other Principal Arterial,55.0,1,July,5:00pm-5:59pm,1,Not an Intersection,1
34.19383056,-118.5299667,Clear,Daylight,Dry,Minor Arterial,35.0,25,February,11:00am-11:59am,6,Not an Intersection,1
33.99328056,-118.2826861,Clear,Dark - Lighted,Dry,Other Principal Arterial,35.0,11,April,9:00pm-9:59pm,2,Four-Way Intersection,1
34.157825,-118.1325194,Clear,Daylight,Dry,Minor Arterial,35.0,5,April,6:00pm-6:59pm,2,Four-Way Intersection,1
32.66828889,-117.0994139,Clear,Dark - Lighted,Dry,Major Collector,30.0,5,April,10:00pm-10:59pm,3,Four-Way Intersection,2
36.59694722,-119.4391778,Clear,Dark - Lighted,Dry,Major Collector,25.0,9,April,7:00pm-7:59pm,1,Not an Intersection,1
34.35073889,-118.5432944,Clear,Dark - Not Lighted,Dry,Interstate,65.0,26,May,1:00am-1:59am,3,Not an Intersection,1
34.72981111,-115.8408528,Clear,Dark - Not Lighted,Dry,Interstate,70.0,1,June,2:00am-2:59am,2,Not an Intersection,1
33.76218056,-117.864525,Clear,Dark - Lighted,Dry,Interstate,65.0,27,June,3:00am-3:59am,1,Not an Intersection,1
34.06547778,-118.2300222,Clear,Dark - Not Lighted,Dry,Minor Arterial,35.0,25,February,7:00pm-7:59pm,2,Not an Intersection,1
34.190725,-118.6233639,Clear,Dark - Lighted,Dry,Other Principal Arterial,45.0,6,April,9:00pm-9:59pm,1,Four-Way Intersection,1
37.77505556,-122.2704361,Clear,Daylight,Dry,Other Principal Arterial,25.0,11,February,12:00pm-12:59pm,2,Four-Way Intersection,1
37.60929444,-120.9349833,Clear,Dark - Not Lighted,Dry,Major Collector,50.0,22,February,6:00pm-6:59pm,1,Not an Intersection,1
38.42505833,-122.7532139,Clear,Dark - Lighted,Dry,Minor Arterial,40.0,6,April,9:00pm-9:59pm,1,T-Intersection,1
38.45245,-122.4168417,Clear,Daylight,Dry,Minor Arterial,50.0,17,April,3:00pm-3:59pm,1,Not an Intersection,1
33.93101389,-118.3356472,Clear,Dark - Lighted,Dry,Other Principal Arterial,35.0,3,May,8:00pm-8:59pm,2,Not an Intersection,1
38.35774167,-122.7136,Clear,Dark - Lighted,Dry,Minor Arterial,40.0,8,May,10:00pm-10:59pm,2,T-Intersection,1
34.26458889,-118.1829167,Clear,Daylight,Dry,Minor Arterial,40.0,29,May,1:00pm-1:59pm,1,Not an Intersection,1
33.81158889,-117.2261833,Clear,Dark - Not Lighted,Dry,Other Principal Arterial,45.0,31,May,8:00pm-8:59pm,1,Not an Intersection,1
34.50452778,-118.2458333,Clear,Dark - Not Lighted,Dry,Other Principal Arterial,65.0,1,June,3:00am-3:59am,1,Not an Intersection,1
37.60724167,-121.0303722,Clear,Dark - Lighted,Dry,Other Principal Arterial,35.0,16,June,1:00am-1:59am,1,Four-Way Intersection,2
40.39704167,-122.2534194,Clear,Dark - Not Lighted,Dry,Minor Arterial,55.0,19,June,1:00am-1:59am,1,Not an Intersection,1
33.61979722,-117.8845111,Clear,Dark - Lighted,Dry,Other Principal Arterial,55.0,16,July,9:00pm-9:59pm,1,Not an Intersection,1
32.74108889,-114.6467722,Clear,Dark - Not Lighted,Dry,Major Collector,55.0,5,July,2:00am-2:59am,2,Not an Intersection,3
37.38887222,-121.8577778,Clear,Daylight,Dry,Minor Arterial,35.0,27,April,4:00pm-4:59pm,2,Not an Intersection,1
37.31988056,-122.0686889,Clear,Daylight,Dry,Minor Arterial,30.0,27,April,6:00pm-6:59pm,2,T-Intersection,1
34.121325,-117.4602472,Clear,Daylight,Dry,Minor Arterial,45.0,30,April,4:00pm-4:59pm,2,Four-Way Intersection,1
32.74139722,-117.0500972,Clear,Dark - Lighted,Dry,Other Principal Arterial,35.0,24,April,0:00am-0:59am,1,Not an Intersection,1
33.92976667,-118.1122361,Clear,Dark - Lighted,Dry,Other Principal Arterial,40.0,21,April,9:00pm-9:59pm,1,Not an Intersection,1
33.68791111,-117.9031556,Clear,Daylight,Dry,Interstate,65.0,2,July,2:00pm-2:59pm,2,Not an Intersection,1
37.67335833,-121.4588556,Cloudy,Dark - Not Lighted,Dry,Interstate,70.0,31,March,2:00am-2:59am,2,Not an Intersection,3
35.35215556,-119.0061139,Clear,Daylight,Dry,Other Freeways and Expressways,65.0,27,April,1:00pm-1:59pm,1,Not an Intersection,1
34.1529,-118.2839472,Clear,Dark - Lighted,Dry,Interstate,65.0,7,April,5:00am-5:59am,1,Not an Intersection,1
37.72141667,-122.4010361,Rain,Dark - Lighted,Wet,Local,25.0,3,May,11:00pm-11:59pm,2,T-Intersection,1
33.96022778,-118.2563139,Cloudy,Dark - Lighted,Dry,Other Principal Arterial,35.0,4,May,0:00am-0:59am,1,Four-Way Intersection,1
34.71841944,-118.1483417,Clear,Dark - Lighted,Dry,Minor Arterial,50.0,8,May,3:00am-3:59am,2,Four-Way Intersection,1
38.56164722,-121.5145,Clear,Dark - Lighted,Dry,Interstate,65.0,19,May,0:00am-0:59am,1,Not an Intersection,1
39.49241389,-121.4568972,Clear,Dark - Not Lighted,Dry,Major Collector,45.0,14,May,11:00pm-11:59pm,1,Not an Intersection,1
33.78021389,-118.25745,Clear,Dark - Lighted,Dry,Other Principal Arterial,35.0,12,May,10:00pm-10:59pm,1,Four-Way Intersection,1
34.06436389,-118.3371972,Clear,Daylight,Dry,Local,25.0,8,May,11:00am-11:59am,2,Not an Intersection,1
33.95393889,-118.1632889,Clear,Dark - Lighted,Dry,Other Principal Arterial,35.0,9,May,7:00pm-7:59pm,1,Not an Intersection,1
33.74466667,-118.2968139,Clear,Dark - Lighted,Dry,Local,25.0,11,May,1:00am-1:59am,1,T-Intersection,1
33.7893,-117.9753167,Clear,Dark - Lighted,Dry,Other Principal Arterial,35.0,12,May,1:00am-1:59am,1,Four-Way Intersection,1
34.02120833,-118.3724528,Clear,Dark - Not Lighted,Dry,Other Principal Arterial,55.0,1,January,0:00am-0:59am,1,Not an Intersection,1
33.83175,-118.25315,Cloudy,Dark - Lighted,Wet,Minor Arterial,40.0,23,January,0:00am-0:59am,1,Not an Intersection,1
36.35643611,-119.3785917,Cloudy,Dark - Lighted,Dry,Other Principal Arterial,55.0,20,January,8:00pm-8:59pm,1,Not an Intersection,1
34.03368056,-118.3702306,Rain,Dark - Lighted,Wet,Other Principal Arterial,35.0,3,February,10:00pm-10:59pm,1,Not an Intersection,1
37.66881667,-122.1198972,Clear,Daylight,Dry,Other Principal Arterial,35.0,8,February,7:00am-7:59am,1,T-Intersection,1
37.89161389,-122.2701639,Clear,Daylight,Dry,Major Collector,20.0,12,February,1:00pm-1:59pm,1,Four-Way Intersection,1
34.64591389,-118.060775,Clear,Dark - Not Lighted,Dry,Other Principal Arterial,60.0,25,April,1:00am-1:59am,1,Not an Intersection,1
33.66672222,-117.9192,Cloudy,Dawn,Dry,Other Principal Arterial,40.0,22,April,6:00am-6:59am,1,T-Intersection,1
37.97838333,-120.3387278,Clear,Dark - Not Lighted,Dry,Minor Arterial,45.0,28,January,7:00pm-7:59pm,1,Not an Intersection,1
37.82851111,-122.2778472,Rain,Dark - Lighted,Wet,Interstate,45.0,1,February,8:00pm-8:59pm,2,Not an Intersection,1
33.71381389,-116.2933583,Clear,Dark - Not Lighted,Dry,Other Principal Arterial,45.0,14,May,9:00pm-9:59pm,2,Not an Intersection,2
37.71485556,-120.4427472,Clear,Daylight,Dry,Major Collector,55.0,31,May,5:00pm-5:59pm,2,Not an Intersection,4
38.645525,-121.3459333,Clear,Dark - Lighted,Dry,Minor Arterial,40.0,10,June,10:00pm-10:59pm,1,T-Intersection,1
34.04828889,-117.2363194,Cloudy,Dark - Lighted,Dry,Other Principal Arterial,55.0,1,January,6:00am-6:59am,1,Not an Intersection,1
37.70901667,-122.4710722,Clear,Dark - Lighted,Dry,Other Principal Arterial,45.0,1,January,8:00pm-8:59pm,1,Not an Intersection,1
34.27468889,-119.1362806,Cloudy,Daylight,Dry,Other Principal Arterial,40.0,29,February,12:00pm-12:59pm,2,Not an Intersection,1
37.86376389,-121.2800833,Clear,Daylight,Dry,Interstate,70.0,1,April,9:00am-9:59am,4,Not an Intersection,1
37.29408889,-121.0082778,Clear,Daylight,Dry,Local,55.0,4,July,4:00pm-4:59pm,2,Not an Intersection,1
35.09040833,-119.4054889,Clear,Dark - Not Lighted,Dry,Minor Arterial,55.0,15,July,0:00am-0:59am,1,Not an Intersection,1
38.93668333,-122.6223444,Clear,Dark - Not Lighted,Dry,Other Principal Arterial,55.0,4,January,8:00pm-8:59pm,1,Four-Way Intersection,1
34.20851944,-118.4488778,Clear,Daylight,Dry,Other Principal Arterial,35.0,5,January,3:00pm-3:59pm,2,Four-Way Intersection,1
34.21055556,-118.6059417,Clear,Dark - Lighted,Dry,Other Principal Arterial,40.0,7,January,0:00am-0:59am,4,Not an Intersection,2
34.50046389,-117.1861722,Clear,Dark - Not Lighted,Dry,Other Principal Arterial,50.0,11,January,6:00pm-6:59pm,2,Four-Way Intersection,1
34.25078611,-118.4052361,Clear,Dark - Lighted,Dry,Local,35.0,12,January,11:00pm-11:59pm,3,Not an Intersection,1
34.20468611,-118.4488444,Clear,Dark - Not Lighted,Dry,Other Principal Arterial,35.0,13,January,0:00am-0:59am,1,Four-Way Intersection,1
34.04413056,-118.0818194,Clear,Dark - Lighted,Dry,Minor Arterial,45.0,13,January,5:00pm-5:59pm,1,T-Intersection,1
34.54052222,-117.2665611,Clear,Dark - Lighted,Dry,Other Principal Arterial,55.0,4,January,6:00pm-6:59pm,1,Traffic Circle,1
41.41696944,-120.5448389,Not Reported,Daylight,Dry,Other Principal Arterial,65.0,4,June,Unknown Hours,1,Not an Intersection,1
38.203775,-121.5568528,Clear,Daylight,Dry,Minor Collector,55.0,29,February,10:00am-10:59am,1,T-Intersection,1
34.09533889,-118.1543,Clear,Daylight,Dry,Local,30.0,18,March,2:00pm-2:59pm,1,Not Reported,1
34.01158056,-118.4950194,Clear,Dark - Lighted,Dry,Other Principal Arterial,30.0,1,April,5:00am-5:59am,1,Four-Way Intersection,1
37.67443333,-120.9942694,Clear,Dark - Lighted,Dry,Other Principal Arterial,30.0,6,April,5:00am-5:59am,1,T-Intersection,1
38.65766389,-120.9837833,Clear,Daylight,Dry,Other Freeways and Expressways,65.0,3,June,6:00pm-6:59pm,1,Not an Intersection,1
33.98196111,-117.8416694,Clear,Dark - Lighted,Dry,Other Freeways and Expressways,65.0,8,June,4:00am-4:59am,1,Not an Intersection,1
39.9241,-121.5325861,Clear,Daylight,Dry,Minor Collector,55.0,27,June,6:00pm-6:59pm,2,Not an Intersection,1
34.18296389,-118.3056111,Clear,Daylight,Dry,Trafficway Not in State Inventory,15.0,28,June,4:00pm-4:59pm,1,Not an Intersection,1
38.48145,-121.37185,Clear,Dark - Lighted,Dry,Other Principal Arterial,45.0,9,July,10:00pm-10:59pm,1,Four-Way Intersection,1
36.79876111,-119.7722444,Clear,Dark - Lighted,Dry,Minor Arterial,40.0,28,July,0:00am-0:59am,1,Not Reported,1
37.74669722,-118.4504056,Clear,Dark - Not Lighted,Dry,Other Principal Arterial,65.0,12,April,1:00am-1:59am,1,Not an Intersection,2
34.51798611,-118.04515,Clear,Daylight,Dry,Local,55.0,17,February,4:00pm-4:59pm,1,Not an Intersection,1
33.80343889,-117.8796944,Cloudy,Daylight,Dry,Other Freeways and Expressways,65.0,20,May,9:00am-9:59am,2,Not an Intersection,1
34.38597778,-118.0946333,Clear,Dark - Not Lighted,Dry,Minor Collector,55.0,3,April,6:00am-6:59am,1,Not an Intersection,1
35.38720278,-118.9843889,Clear,Dark - Not Lighted,Dry,Other Freeways and Expressways,65.0,4,July,9:00pm-9:59pm,1,Not an Intersection,1
35.54818056,-119.3322444,Clear,Dark - Not Lighted,Dry,Minor Arterial,65.0,15,June,9:00pm-9:59pm,1,Not an Intersection,1
39.13586389,-121.0718972,Clear,Daylight,Dry,Other Principal Arterial,55.0,22,July,2:00pm-2:59pm,3,T-Intersection,1
39.05433889,-122.9312917,Clear,Daylight,Dry,Other Principal Arterial,65.0,5,June,4:00pm-4:59pm,1,Not an Intersection,1
34.24052778,-118.4245278,Cloudy,Dusk,Dry,Minor Arterial,40.0,22,January,5:00pm-5:59pm,1,Not an Intersection,1
33.98070833,-118.282625,Clear,Dark - Lighted,Dry,Other Principal Arterial,35.0,23,January,2:00am-2:59am,1,Four-Way Intersection,1
34.01571944,-117.0409639,Clear,Dusk,Dry,Minor Arterial,40.0,23,January,5:00pm-5:59pm,2,Not an Intersection,1
32.75471389,-117.2192778,Clear,Dark - Lighted,Wet,Minor Arterial,30.0,2,January,6:00pm-6:59pm,1,Four-Way Intersection,1
37.89678889,-122.3004333,Clear,Daylight,Dry,Major Collector,15.0,25,January,2:00pm-2:59pm,1,Not an Intersection,1
34.25729167,-118.3009222,Clear,Dark - Lighted,Dry,Other Principal Arterial,40.0,27,January,5:00pm-5:59pm,1,Not an Intersection,1
36.68350833,-121.791175,Clear,Dark - Lighted,Dry,Other Principal Arterial,35.0,28,January,6:00pm-6:59pm,1,Not an Intersection,1
34.19404167,-118.6059611,Clear,Dark - Lighted,Dry,Other Principal Arterial,40.0,31,January,1:00am-1:59am,2,Four-Way Intersection,1
37.77432778,-122.4585333,Clear,Dark - Lighted,Dry,Other Principal Arterial,25.0,31,January,5:00am-5:59am,1,Four-Way Intersection,1
33.60989444,-114.626825,Clear,Daylight,Dry,Major Collector,45.0,31,January,7:00am-7:59am,1,T-Intersection,1
35.615975,-119.4024222,Cloudy,Daylight,Dry,Local,55.0,1,February,12:00pm-12:59pm,2,Four-Way Intersection,1
33.96653889,-118.2564111,Clear,Dark - Lighted,Dry,Other Principal Arterial,25.0,1,January,0:00am-0:59am,2,Four-Way Intersection,1
34.29648889,-118.4184611,Rain,Dark - Unknown Lighting,Wet,Other Principal Arterial,35.0,1,February,6:00pm-6:59pm,1,Not an Intersection,1
34.24723333,-118.4482389,Clear,Daylight,Dry,Other Principal Arterial,35.0,2,February,3:00pm-3:59pm,1,Four-Way Intersection,1
33.97021944,-118.0697694,Clear,Dark - Not Lighted,Dry,Minor Arterial,35.0,2,February,6:00pm-6:59pm,1,Not an Intersection,1
34.19555833,-118.5928694,Clear,Dark - Lighted,Dry,Major Collector,25.0,2,February,7:00pm-7:59pm,1,T-Intersection,1
34.58653611,-119.2773889,Clear,Daylight,Dry,Minor Arterial,55.0,17,March,12:00pm-12:59pm,2,Not an Intersection,1
34.10388889,-118.7262111,Clear,Daylight,Dry,Major Collector,45.0,6,June,1:00pm-1:59pm,1,Not an Intersection,1
39.182975,-120.9710306,Clear,Dusk,Dry,Minor Arterial,45.0,11,July,8:00pm-8:59pm,1,Not an Intersection,1
33.60723056,-114.5935194,Clear,Daylight,Dry,Interstate,70.0,4,March,3:00pm-3:59pm,1,Not an Intersection,1
33.959725,-116.5450306,Clear,Dark - Not Lighted,Dry,Local,55.0,9,August,10:00pm-10:59pm,1,Not an Intersection,1
38.95336667,-122.640775,Clear,Daylight,Dry,Major Collector,25.0,3,February,11:00am-11:59am,2,T-Intersection,1
35.13691667,-119.4427778,Rain,Dark - Not Lighted,Wet,Minor Arterial,35.0,4,February,7:00am-7:59am,1,Not an Intersection,1
37.48535833,-122.234075,Rain,Dark - Unknown Lighting,Wet,Other Principal Arterial,35.0,4,February,5:00pm-5:59pm,1,Not an Intersection,1
34.06704167,-117.4510222,Rain,Daylight,Wet,Interstate,65.0,5,February,5:00am-5:59am,2,Not an Intersection,1
35.04256111,-114.8261889,Clear,Daylight,Dry,Other Principal Arterial,65.0,23,June,5:00am-5:59am,2,Not an Intersection,1
38.63248056,-121.3957889,Clear,Dark - Lighted,Dry,Other Freeways and Expressways,65.0,25,June,4:00am-4:59am,1,Not an Intersection,1
33.918925,-116.7782194,Clear,Daylight,Dry,Interstate,70.0,13,March,6:00pm-6:59pm,2,Not an Intersection,1
34.03241944,-118.0206389,Cloudy,Dark - Lighted,Dry,Minor Arterial,45.0,15,April,1:00am-1:59am,2,Four-Way Intersection,1
34.72815,-118.1485639,Rain,Dark - Lighted,Wet,Minor Arterial,55.0,7,February,7:00pm-7:59pm,1,Not an Intersection,1
37.77605,-122.4026278,Clear,Dark - Lighted,Dry,Minor Arterial,25.0,8,February,4:00am-4:59am,1,Four-Way Intersection,1
34.47904444,-117.3643472,Clear,Dark - Lighted,Dry,Local,45.0,9,February,7:00pm-7:59pm,1,T-Intersection,1
37.31334722,-121.9773083,Clear,Daylight,Non-Trafficway or Driveway Access,Other Principal Arterial,49.0,10,February,2:00pm-2:59pm,1,Not an Intersection,1
32.86104722,-117.209275,Clear,Dark - Lighted,Dry,Other Principal Arterial,45.0,11,February,4:00am-4:59am,1,Not an Intersection,1
34.03196389,-118.31765,Clear,Dark - Unknown Lighting,Dry,Minor Arterial,35.0,1,January,11:00pm-11:59pm,1,Not an Intersection,1
33.95105556,-118.2915556,Clear,Dark - Lighted,Dry,Other Principal Arterial,35.0,14,January,10:00pm-10:59pm,1,Four-Way Intersection,1
37.565325,-120.847,Clear,Daylight,Dry,Minor Arterial,55.0,8,June,4:00pm-4:59pm,2,Not an Intersection,2
34.67621667,-118.4442139,Clear,Dark - Lighted,Dry,Major Collector,55.0,14,June,11:00pm-11:59pm,1,Not an Intersection,1
34.83341111,-115.0136972,Clear,Daylight,Dry,Interstate,55.0,10,July,2:00pm-2:59pm,1,Not an Intersection,1
38.70258611,-121.3460389,Clear,Daylight,Dry,Minor Arterial,35.0,28,July,5:00pm-5:59pm,2,Not an Intersection,1
41.70551111,-122.5396056,Clear,Dark - Not Lighted,Dry,Local,55.0,27,April,9:00pm-9:59pm,1,Four-Way Intersection,1
38.72840278,-120.4931556,Clear,Daylight,Dry,Major Collector,55.0,27,May,2:00pm-2:59pm,1,Not an Intersection,1
38.57514167,-121.5382,Clear,Dark - Not Lighted,Dry,Interstate,55.0,5,July,9:00pm-9:59pm,2,Not an Intersection,1
35.33304444,-119.0030528,Clear,Dark - Not Lighted,Dry,Other Principal Arterial,45.0,17,June,3:00am-3:59am,1,Not an Intersection,1
33.61490556,-117.6785056,Clear,Dark - Lighted,Dry,Other Principal Arterial,45.0,5,January,10:00pm-10:59pm,2,Not an Intersection,1
38.69286944,-121.4476389,Clear,Dark - Lighted,Dry,Local,25.0,25,February,2:00am-2:59am,2,Four-Way Intersection,1
34.03171667,-117.4308083,Clear,Dark - Not Lighted,Dry,Other Principal Arterial,50.0,7,April,11:00pm-11:59pm,1,Not an Intersection,2
34.14708333,-118.1606528,Cloudy,Dark - Not Lighted,Dry,Other Freeways and Expressways,65.0,26,March,5:00am-5:59am,1,Not an Intersection,1
35.36861111,-118.9742917,Clear,Dark - Lighted,Dry,Other Principal Arterial,45.0,23,June,11:00pm-11:59pm,1,Not an Intersection,1
33.98515556,-118.2783,Clear,Dark - Lighted,Dry,Other Principal Arterial,35.0,6,January,9:00pm-9:59pm,6,Four-Way Intersection,1
32.72224722,-117.0402306,Rain,Dark - Lighted,Wet,Minor Arterial,45.0,22,January,5:00pm-5:59pm,2,Not an Intersection,1
34.18201389,-118.431325,Clear,Daylight,Dry,Other Principal Arterial,35.0,6,January,12:00pm-12:59pm,4,Not an Intersection,1
33.76558056,-118.1033361,Cloudy,Dark - Not Lighted,Dry,Other Principal Arterial,40.0,21,January,6:00pm-6:59pm,1,Not an Intersection,2
33.07381111,-117.0383722,Rain,Daylight,Wet,Minor Arterial,45.0,21,January,1:00pm-1:59pm,2,Not an Intersection,1
38.52509167,-121.5756806,Rain,Dark - Lighted,Wet,Other Principal Arterial,35.0,20,January,0:00am-0:59am,1,Four-Way Intersection,1
34.22162222,-118.4434222,Clear,Dark - Lighted,Dry,Other Principal Arterial,35.0,19,January,6:00pm-6:59pm,1,Four-Way Intersection,1
33.78980278,-118.1598056,Rain,Dark - Lighted,Wet,Other Principal Arterial,35.0,3,January,5:00am-5:59am,1,Not an Intersection,1
34.16928333,-118.3702944,Clear,Dark - Lighted,Dry,Other Principal Arterial,35.0,17,January,9:00pm-9:59pm,1,Not an Intersection,1
33.94005278,-118.1457833,Clear,Dark - Lighted,Dry,Major Collector,35.0,16,January,11:00pm-11:59pm,2,T-Intersection,1
38.56070833,-121.4852972,Cloudy,Daylight,Dry,Other Principal Arterial,25.0,16,January,7:00am-7:59am,1,Not an Intersection,1
34.41984167,-119.6945278,Clear,Dark - Lighted,Dry,Minor Arterial,25.0,24,February,2:00am-2:59am,2,Four-Way Intersection,1
33.76978333,-116.9718333,Clear,Daylight,Dry,Minor Arterial,40.0,27,July,5:00pm-5:59pm,1,Not an Intersection,1
34.07594444,-118.1418861,Clear,Dark - Not Lighted,Dry,Major Collector,25.0,8,March,8:00pm-8:59pm,1,Not an Intersection,1
33.82006389,-117.9759167,Clear,Dark - Lighted,Dry,Other Principal Arterial,35.0,6,August,10:00pm-10:59pm,1,Not an Intersection,1
38.46484444,-121.4145306,Cloudy,Dark - Not Lighted,Dry,Other Freeways and Expressways,65.0,11,March,11:00pm-11:59pm,1,Not an Intersection,1
36.96395,-120.0562861,Clear,Dark - Lighted,Dry,Local,35.0,13,February,8:00pm-8:59pm,1,Four-Way Intersection,1
34.39610278,-117.4018278,Rain,Daylight,Wet,Local,50.0,20,February,3:00pm-3:59pm,2,Not an Intersection,3
33.93054167,-117.9961583,Clear,Dark - Not Lighted,Dry,Minor Arterial,40.0,21,February,9:00pm-9:59pm,1,Not an Intersection,1
33.64141667,-117.9186278,Rain,Dark - Lighted,Wet,Other Freeways and Expressways,40.0,3,March,0:00am-0:59am,1,T-Intersection,1
34.15066667,-117.5768167,Clear,Daylight,Dry,Minor Arterial,45.0,8,March,4:00pm-4:59pm,1,Four-Way Intersection,2
34.11839444,-117.6159917,Clear,Dark - Lighted,Dry,Minor Arterial,45.0,14,March,8:00pm-8:59pm,2,Not an Intersection,1
36.91506667,-121.7631861,Clear,Daylight,Dry,Other Principal Arterial,25.0,15,March,1:00pm-1:59pm,1,Not an Intersection,1
38.93848889,-122.6286167,Rain,Dark - Not Lighted,Wet,Minor Arterial,35.0,29,March,7:00pm-7:59pm,1,Not an Intersection,1
32.72313056,-117.1076611,Rain,Daylight,Wet,Minor Arterial,35.0,31,March,4:00pm-4:59pm,1,Four-Way Intersection,1
32.91736389,-117.1203917,Clear,Dark - Lighted,Dry,Other Principal Arterial,35.0,1,April,7:00pm-7:59pm,1,Four-Way Intersection,1
34.09013056,-117.5461361,Clear,Dark - Lighted,Dry,Local,45.0,11,April,9:00pm-9:59pm,1,T-Intersection,1
33.94552778,-118.3091667,Cloudy,Dark - Lighted,Dry,Other Principal Arterial,35.0,18,April,2:00am-2:59am,1,Four-Way Intersection,1
36.52520278,-119.5665278,Clear,Dark - Not Lighted,Dry,Minor Arterial,35.0,18,April,9:00pm-9:59pm,1,Not an Intersection,1
35.18779722,-117.5961833,Clear,Dark - Not Lighted,Dry,Other Principal Arterial,65.0,29,March,5:00am-5:59am,2,Not an Intersection,2
35.55800833,-119.330175,Clear,Dark - Not Lighted,Dry,Major Collector,55.0,21,April,2:00am-2:59am,1,Not an Intersection,3
38.35621389,-119.8741639,Clear,Daylight,Dry,Other Freeways and Expressways,55.0,6,June,2:00pm-2:59pm,1,Not an Intersection,1
34.38452222,-118.5717361,Clear,Dark - Lighted,Dry,Major Collector,40.0,12,April,0:00am-0:59am,1,Four-Way Intersection,1
37.78063056,-120.775575,Clear,Daylight,Dry,Major Collector,55.0,6,June,5:00pm-5:59pm,2,Not an Intersection,1
38.67668889,-121.6610306,Clear,Dark - Not Lighted,Dry,Local,55.0,6,June,11:00pm-11:59pm,2,Not an Intersection,2
37.70049444,-121.7773889,Clear,Dawn,Dry,Interstate,65.0,13,June,5:00am-5:59am,2,Not an Intersection,1
35.38321944,-115.8632278,Clear,Dark - Not Lighted,Dry,Interstate,70.0,17,June,10:00pm-10:59pm,2,Not an Intersection,1
38.76123611,-121.5436083,Clear,Dark - Not Lighted,Dry,Other Freeways and Expressways,65.0,30,June,2:00am-2:59am,1,Not an Intersection,2
35.165525,-116.1826222,Clear,Daylight,Dry,Interstate,70.0,24,July,6:00am-6:59am,1,Not an Intersection,1
41.97543333,-121.9576,Clear,Daylight,Dry,Local,55.0,24,July,2:00pm-2:59pm,1,Not an Intersection,1
34.71803333,-114.49825,Clear,Daylight,Dry,Interstate,70.0,18,August,8:00am-8:59am,1,Not an Intersection,1
33.50755556,-117.1224028,Clear,Daylight,Non-Trafficway or Driveway Access,Minor Arterial,49.0,16,February,4:00pm-4:59pm,2,Not an Intersection,1
38.70640833,-120.830825,Clear,Daylight,Dry,Minor Arterial,45.0,16,May,2:00pm-2:59pm,2,Four-Way Intersection,1
33.76768889,-117.7279972,Clear,Daylight,Dry,Other Principal Arterial,55.0,27,May,5:00pm-5:59pm,2,Not an Intersection,1
34.15526944,-118.2405583,Clear,Dark - Lighted,Dry,Other Freeways and Expressways,55.0,2,April,4:00am-4:59am,2,Not an Intersection,1
33.83470833,-117.9358111,Clear,Daylight,Dry,Local,35.0,22,June,7:00pm-7:59pm,1,Not an Intersection,1
34.00368333,-118.2962694,Cloudy,Dark - Lighted,Dry,Minor Arterial,30.0,23,April,10:00pm-10:59pm,5,Not an Intersection,1
34.48539722,-117.3086944,Clear,Dark - Lighted,Dry,Minor Arterial,50.0,23,April,11:00pm-11:59pm,2,Not an Intersection,1
33.76343889,-118.1415639,Clear,Daylight,Dry,Minor Arterial,25.0,4,May,6:00am-6:59am,1,Four-Way Intersection,1
37.38403889,-119.7345111,Clear,Daylight,Dry,Minor Arterial,55.0,22,June,3:00pm-3:59pm,2,Not an Intersection,1
34.0004,-117.0632306,Clear,Daylight,Dry,Interstate,70.0,2,July,12:00pm-12:59pm,5,Not an Intersection,1
41.78082778,-124.1986028,Clear,Daylight,Dry,Major Collector,40.0,16,July,11:00am-11:59am,2,Not an Intersection,1
37.46795,-121.1938111,Clear,Daylight,Dry,Major Collector,55.0,24,July,Unknown Hours,1,Not an Intersection,1
33.75233611,-117.6908722,Clear,Dark - Not Lighted,Dry,Other Principal Arterial,55.0,9,March,9:00pm-9:59pm,2,Not an Intersection,2
33.84857778,-116.5057361,Severe Crosswinds,Dark - Lighted,Dry,Minor Arterial,55.0,28,April,8:00pm-8:59pm,2,Four-Way Intersection,1
33.77750556,-117.87485,Clear,Dark - Not Lighted,Dry,Interstate,65.0,8,June,3:00am-3:59am,1,Not an Intersection,1
34.19699167,-118.3702833,Cloudy,Daylight,Dry,Other Principal Arterial,35.0,18,January,1:00pm-1:59pm,1,Not an Intersection,1
33.990625,-117.8410278,Clear,Dark - Lighted,Dry,Other Principal Arterial,25.0,11,May,10:00pm-10:59pm,1,Not an Intersection,1
33.75714444,-118.2010722,Clear,Daylight,Dry,Other Principal Arterial,50.0,15,January,7:00am-7:59am,1,Not an Intersection,1
33.92638611,-116.8855083,Clear,Dark - Lighted,Dry,Major Collector,35.0,6,January,5:00pm-5:59pm,2,Not an Intersection,1
33.77656389,-116.958875,Clear,Dark - Lighted,Dry,Other Principal Arterial,45.0,27,March,7:00pm-7:59pm,1,Not an Intersection,1
33.75815556,-117.0065444,Clear,Dawn,Dry,Minor Arterial,45.0,31,July,5:00am-5:59am,2,Four-Way Intersection,1
32.73643611,-117.113425,Rain,Dark - Not Lighted,Wet,Other Freeways and Expressways,65.0,21,January,9:00pm-9:59pm,1,Not an Intersection,1
36.88023889,-119.9599472,Clear,Dusk,Dry,Minor Arterial,55.0,13,February,5:00pm-5:59pm,2,Not an Intersection,1
33.99391667,-117.356775,Clear,Dark - Lighted,Dry,Other Principal Arterial,65.0,16,July,2:00am-2:59am,3,Not an Intersection,1
38.53198333,-120.7801,Clear,Dark - Not Lighted,Dry,Major Collector,50.0,22,June,Unknown Hours,1,Not an Intersection,1
33.704525,-117.8063083,Clear,Daylight,Dry,Other Principal Arterial,55.0,15,July,4:00pm-4:59pm,2,Four-Way Intersection,1
39.76848889,-121.8531583,Clear,Daylight,Dry,Major Collector,35.0,26,July,3:00pm-3:59pm,2,Not an Intersection,1
36.76716944,-119.7362833,Clear,Dark - Lighted,Dry,Minor Arterial,40.0,19,August,0:00am-0:59am,3,Not Reported,1
36.326875,-119.2385833,Clear,Daylight,Dry,Other Freeways and Expressways,65.0,24,May,4:00pm-4:59pm,3,Not an Intersection,1
37.36410278,-120.8531806,Clear,Dark - Not Lighted,Dry,Minor Arterial,55.0,28,April,9:00pm-9:59pm,2,Not an Intersection,1
38.9639,-121.1041222,Clear,Daylight,Dry,Other Principal Arterial,40.0,10,June,3:00pm-3:59pm,2,T-Intersection,1
34.00485,-117.3979639,Clear,Daylight,Dry,Interstate,65.0,31,July,6:00am-6:59am,4,Not an Intersection,1
36.07333889,-120.2284583,Clear,Dark - Not Lighted,Dry,Minor Arterial,55.0,6,June,2:00am-2:59am,1,Not an Intersection,1
36.85770556,-120.3371722,Clear,Dark - Not Lighted,Dry,Major Collector,55.0,7,January,6:00pm-6:59pm,1,Not an Intersection,1
32.72342222,-115.5775389,Clear,Daylight,Dry,Major Collector,55.0,7,August,9:00am-9:59am,2,Four-Way Intersection,1
38.59550278,-121.4440667,Clear,Dusk,Dry,Other Freeways and Expressways,65.0,2,June,9:00pm-9:59pm,2,Not an Intersection,1
33.98608611,-118.1361083,Rain,Dark - Lighted,Wet,Interstate,65.0,21,January,5:00am-5:59am,1,Not an Intersection,1
33.65441389,-117.7809639,Cloudy,Dark - Lighted,Dry,Minor Arterial,50.0,1,February,2:00am-2:59am,1,Roundabout,1
33.70367222,-117.8855083,Cloudy,Dark - Lighted,Dry,Other Principal Arterial,40.0,17,February,3:00am-3:59am,1,Four-Way Intersection,1
33.83773056,-117.873925,Clear,Dark - Lighted,Dry,Other Principal Arterial,65.0,26,February,0:00am-0:59am,1,Not an Intersection,1
33.9241,-116.8812417,Clear,Dark - Not Lighted,Dry,Interstate,70.0,13,March,0:00am-0:59am,1,Not an Intersection,1
37.15263611,-121.6520111,Clear,Dark - Not Lighted,Dry,Other Freeways and Expressways,65.0,11,June,9:00pm-9:59pm,4,Not an Intersection,1
34.70426667,-118.0859833,Clear,Daylight,Dry,Other Principal Arterial,50.0,10,February,2:00pm-2:59pm,3,Four-Way Intersection,1
34.42664722,-117.3640667,Clear,Dark - Lighted,Dry,Other Principal Arterial,50.0,24,February,1:00am-1:59am,2,Not an Intersection,1
32.81694722,-116.9728111,Clear,Dark - Lighted,Dry,Minor Arterial,45.0,25,February,1:00am-1:59am,2,Not an Intersection,1
34.12150833,-117.5952556,Clear,Dark - Lighted,Dry,Minor Arterial,40.0,9,March,9:00pm-9:59pm,1,Not an Intersection,1
34.03023056,-118.3572889,Clear,Dark - Lighted,Dry,Minor Arterial,25.0,15,March,7:00pm-7:59pm,1,Not an Intersection,1
33.473,-117.5974306,Clear,Dark - Lighted,Dry,Local,40.0,23,March,0:00am-0:59am,1,Not an Intersection,1
34.23454167,-118.3785167,Cloudy,Daylight,Dry,Local,25.0,5,April,12:00pm-12:59pm,1,Not an Intersection,1
34.20109722,-118.5315917,Clear,Dark - Not Lighted,Dry,Other Principal Arterial,35.0,14,April,9:00pm-9:59pm,1,Four-Way Intersection,1
34.23129722,-118.5534722,Clear,Dark - Lighted,Dry,Minor Arterial,35.0,15,April,2:00am-2:59am,1,Not an Intersection,1
34.24788333,-118.4179694,Clear,Dark - Lighted,Dry,Other Principal Arterial,35.0,21,April,5:00am-5:59am,2,Not an Intersection,1
34.01903889,-118.3249833,Clear,Dark - Lighted,Dry,Minor Arterial,35.0,27,April,2:00am-2:59am,7,Not an Intersection,1
34.20572222,-118.39275,Clear,Daylight,Dry,Major Collector,25.0,28,April,11:00am-11:59am,2,Not an Intersection,1
34.033075,-118.2864306,Clear,Daylight,Non-Trafficway or Driveway Access,Local,49.0,2,May,1:00pm-1:59pm,1,Not an Intersection,1
34.18642222,-118.4836611,Clear,Dark - Not Lighted,Dry,Other Principal Arterial,45.0,3,May,8:00pm-8:59pm,1,Four-Way Intersection,1
33.74523889,-117.9171472,Clear,Dark - Lighted,Dry,Other Principal Arterial,40.0,28,January,6:00pm-6:59pm,1,Not an Intersection,1
33.75863333,-117.834125,Cloudy,Dark - Lighted,Dry,Other Principal Arterial,40.0,21,May,4:00am-4:59am,2,Four-Way Intersection,1
37.96575,-122.0493389,Cloudy,Dawn,Dry,Other Freeways and Expressways,65.0,9,June,5:00am-5:59am,1,Not an Intersection,1
34.275125,-118.3957111,Clear,Dark - Unknown Lighting,Dry,Other Principal Arterial,40.0,8,May,9:00pm-9:59pm,1,Not an Intersection,1
34.17936667,-118.4249,Clear,Daylight,Dry,Minor Arterial,35.0,11,May,4:00pm-4:59pm,2,Four-Way Intersection,1
32.79571389,-116.9354111,Clear,Dark - Lighted,Dry,Minor Arterial,40.0,11,May,11:00pm-11:59pm,3,Four-Way Intersection,2
34.68933889,-118.2366722,Clear,Daylight,Dry,Minor Arterial,50.0,17,May,10:00am-10:59am,2,Four-Way Intersection,1
35.60803889,-117.6613917,Clear,Daylight,Dry,Minor Arterial,35.0,17,May,5:00pm-5:59pm,2,Four-Way Intersection,1
34.22473889,-118.467675,Clear,Dark - Lighted,Dry,Other Principal Arterial,40.0,17,May,9:00pm-9:59pm,2,Four-Way Intersection,1
34.45230556,-117.3598611,Clear,Dark - Not Lighted,Dry,Minor Arterial,55.0,17,May,10:00pm-10:59pm,1,Not an Intersection,1
34.03155,-117.8756472,Clear,Dark - Lighted,Dry,Minor Arterial,40.0,19,May,1:00am-1:59am,1,Not an Intersection,1
33.98671389,-118.13145,Clear,Dark - Lighted,Dry,Local,25.0,19,May,8:00pm-8:59pm,1,T-Intersection,1
33.94963333,-118.0601222,Clear,Daylight,Dry,Minor Arterial,40.0,21,May,1:00pm-1:59pm,2,Four-Way Intersection,1
32.75198333,-117.2464667,Clear,Daylight,Dry,Major Collector,25.0,21,May,4:00pm-4:59pm,2,Four-Way Intersection,1
34.51343889,-118.6263889,Clear,Daylight,Dry,Major Collector,55.0,10,June,12:00pm-12:59pm,1,Not an Intersection,1
33.90258889,-118.2560694,Clear,Dark - Not Lighted,Dry,Other Principal Arterial,40.0,2,July,9:00pm-9:59pm,1,Not an Intersection,1
34.03729167,-118.2214528,Clear,Dark - Lighted,Dry,Other Freeways and Expressways,55.0,8,August,4:00am-4:59am,1,Not an Intersection,1
39.40701944,-121.3093444,Clear,Daylight,Dry,Major Collector,55.0,17,August,Unknown Hours,1,Not an Intersection,1
33.68674444,-117.8984389,Clear,Daylight,Dry,Interstate,65.0,24,August,6:00pm-6:59pm,1,Not an Intersection,1
34.47055556,-117.3266111,Clear,Daylight,Dry,Other Principal Arterial,45.0,24,May,8:00am-8:59am,1,Not an Intersection,1
37.78489722,-122.4126444,Clear,Daylight,Dry,Major Collector,25.0,23,May,12:00pm-12:59pm,1,Not an Intersection,1
34.09711944,-117.4270139,Cloudy,Daylight,Dry,Major Collector,35.0,22,May,8:00am-8:59am,1,Not an Intersection,1
34.237075,-119.1693139,Clear,Dark - Lighted,Dry,Other Principal Arterial,35.0,23,January,7:00pm-7:59pm,1,Four-Way Intersection,1
36.27982222,-119.8078583,Clear,Dark - Lighted,Dry,Other Principal Arterial,65.0,10,February,0:00am-0:59am,2,Not Reported,1
34.71319722,-120.4891944,Clear,Daylight,Dry,Other Principal Arterial,45.0,21,February,8:00am-8:59am,2,T-Intersection,1
36.54715833,-119.6468222,Clear,Dark - Not Lighted,Dry,Major Collector,55.0,24,February,6:00pm-6:59pm,1,Four-Way Intersection,1
34.32386111,-118.50135,Clear,Dark - Lighted,Dry,Interstate,65.0,18,February,2:00am-2:59am,2,Not an Intersection,1
38.11609722,-121.4224194,Clear,Daylight,Dry,Other Principal Arterial,55.0,28,April,8:00pm-8:59pm,2,Four-Way Intersection,1
36.34288611,-119.9060806,Clear,Dark - Lighted,Wet,Local,55.0,13,April,10:00pm-10:59pm,1,Not an Intersection,2
36.423025,-119.6862889,Clear,Dark - Not Lighted,Dry,Major Collector,55.0,24,April,7:00pm-7:59pm,2,Four-Way Intersection,1
36.74248889,-121.7327167,Clear,Dark - Not Lighted,Dry,Minor Collector,55.0,9,June,4:00am-4:59am,1,Not an Intersection,1
34.17526944,-118.2953194,Clear,Dark - Lighted,Dry,Minor Arterial,40.0,1,January,8:00pm-8:59pm,2,T-Intersection,1
33.94015833,-118.3963139,Clear,Dark - Lighted,Dry,Other Principal Arterial,45.0,4,January,0:00am-0:59am,1,Not an Intersection,1
33.57351944,-117.2325889,Clear,Dark - Not Lighted,Dry,Local,40.0,4,January,5:00am-5:59am,1,Not an Intersection,1
34.08588889,-117.2504083,Cloudy,Daylight,Dry,Local,45.0,4,January,9:00am-9:59am,2,Not an Intersection,1
33.24535,-117.3170556,Clear,Dark - Lighted,Dry,Minor Arterial,45.0,4,January,5:00pm-5:59pm,2,T-Intersection,1
37.981825,-121.3190389,Clear,Dark - Lighted,Dry,Other Principal Arterial,35.0,7,January,3:00am-3:59am,1,Four-Way Intersection,1
34.88783611,-116.9940389,Clear,Dark - Lighted,Dry,Major Collector,40.0,11,May,10:00pm-10:59pm,1,Not an Intersection,1
33.945575,-118.3273194,Clear,Dark - Lighted,Dry,Other Principal Arterial,40.0,5,July,9:00pm-9:59pm,1,Not an Intersection,1
33.80179167,-116.9611667,Cloudy,Daylight,Dry,Minor Arterial,55.0,4,April,7:00am-7:59am,4,Not an Intersection,1
33.56320278,-117.1825306,Clear,Dark - Lighted,Dry,Local,45.0,15,May,11:00pm-11:59pm,2,Not an Intersection,1
38.850325,-122.2071722,Clear,Daylight,Dry,Minor Arterial,55.0,11,May,1:00pm-1:59pm,2,T-Intersection,1
34.26970278,-118.4464306,Clear,Dark - Not Lighted,Dry,Interstate,65.0,9,July,1:00am-1:59am,1,Not an Intersection,1
37.80264722,-122.2396417,Clear,Daylight,Dry,Other Principal Arterial,30.0,28,February,5:00pm-5:59pm,1,T-Intersection,1
33.9746,-118.2815222,Clear,Dark - Lighted,Dry,Other Principal Arterial,35.0,25,May,8:00pm-8:59pm,1,Not an Intersection,1
32.75991944,-117.2280056,Cloudy,Daylight,Dry,Other Principal Arterial,45.0,27,May,3:00pm-3:59pm,3,Not an Intersection,1
38.03394444,-121.365175,Clear,Dark - Not Lighted,Dry,Interstate,70.0,14,May,3:00am-3:59am,1,Not an Intersection,1
36.57306667,-119.2601361,Clear,Daylight,Dry,Minor Collector,55.0,31,May,6:00pm-6:59pm,2,Four-Way Intersection,1
40.49450833,-122.36565,Cloudy,Dark - Lighted,Dry,Other Principal Arterial,60.0,11,July,1:00am-1:59am,1,T-Intersection,2
36.77730833,-119.7408167,Clear,Dark - Lighted,Dry,Local,25.0,12,July,8:00pm-8:59pm,1,Not an Intersection,1
36.84231111,-119.7903583,Clear,Dark - Lighted,Dry,Minor Arterial,40.0,24,July,3:00am-3:59am,1,Not an Intersection,1
39.72365833,-121.8310194,Clear,Daylight,Dry,Other Principal Arterial,30.0,24,July,12:00pm-12:59pm,2,Four-Way Intersection,1
38.65614167,-121.6073472,Clear,Dark - Not Lighted,Dry,Major Collector,55.0,29,July,0:00am-0:59am,1,Not an Intersection,1
36.853,-120.7760278,Clear,Dusk,Dry,Interstate,70.0,29,July,8:00pm-8:59pm,2,Not an Intersection,1
33.65773333,-117.9710778,Clear,Daylight,Dry,Other Principal Arterial,45.0,3,August,6:00am-6:59am,1,Four-Way Intersection,1
37.41253889,-120.7956306,Clear,Dark - Not Lighted,Dry,Major Collector,55.0,6,August,9:00pm-9:59pm,1,Not an Intersection,1
39.4629,-121.4822417,Clear,Dark - Not Lighted,Dry,Major Collector,40.0,10,August,1:00am-1:59am,1,Not an Intersection,1
39.31606111,-123.3005528,Rain,Daylight,Wet,Other Principal Arterial,55.0,17,August,12:00pm-12:59pm,1,Not an Intersection,1
34.06202778,-118.1342722,Clear,Daylight,Dry,Other Principal Arterial,30.0,20,August,11:00am-11:59am,1,Not an Intersection,1
37.34651111,-121.8585806,Clear,Dark - Not Lighted,Dry,Other Freeways and Expressways,65.0,19,March,9:00pm-9:59pm,1,Not an Intersection,1
33.71256389,-117.8853222,Clear,Dark - Lighted,Dry,Other Principal Arterial,40.0,9,April,10:00pm-10:59pm,2,Four-Way Intersection,1
34.52114722,-117.9638444,Clear,Daylight,Dry,Other Principal Arterial,55.0,3,April,8:00am-8:59am,2,Not an Intersection,2
38.66017778,-120.9744722,Clear,Daylight,Dry,Major Collector,35.0,18,July,9:00pm-9:59pm,1,Not an Intersection,1
33.87469167,-118.1395194,Clear,Dark - Lighted,Dry,Minor Arterial,40.0,28,May,2:00am-2:59am,1,Not an Intersection,1
32.66978333,-117.0943361,Cloudy,Daylight,Dry,Minor Arterial,25.0,28,May,8:00am-8:59am,1,T-Intersection,1
34.00167778,-118.300075,Clear,Daylight,Dry,Minor Arterial,35.0,28,May,4:00pm-4:59pm,1,T-Intersection,1
38.76325556,-121.3117778,Clear,Dusk,Dry,Other Principal Arterial,45.0,28,May,8:00pm-8:59pm,1,Not an Intersection,1
38.56545833,-121.4907167,Clear,Dark - Lighted,Dry,Other Principal Arterial,30.0,31,May,0:00am-0:59am,1,Four-Way Intersection,1
32.76638611,-117.1850278,Clear,Daylight,Dry,Other Principal Arterial,25.0,31,May,5:00pm-5:59pm,2,T-Intersection,1
37.32311111,-122.0321222,Clear,Dark - Lighted,Dry,Other Principal Arterial,40.0,1,June,10:00pm-10:59pm,1,Four-Way Intersection,1
34.06013056,-117.3116528,Clear,Dark - Lighted,Dry,Other Principal Arterial,35.0,2,June,0:00am-0:59am,1,Not an Intersection,1
38.11740278,-122.2994417,Clear,Dark - Not Lighted,Dry,Other Freeways and Expressways,55.0,9,March,2:00am-2:59am,2,Not an Intersection,1
36.69975556,-119.7363917,"Fog, Smog, Smoke",Daylight,Dry,Minor Arterial,50.0,29,January,7:00am-7:59am,2,T-Intersection,2
33.6879,-117.9132611,Clear,Dark - Lighted,Dry,Interstate,65.0,2,March,8:00pm-8:59pm,1,Not an Intersection,1
36.89599722,-119.727175,Clear,Dark - Not Lighted,Dry,Minor Arterial,55.0,18,March,1:00am-1:59am,1,Not an Intersection,2
36.51827222,-119.7910611,Cloudy,Daylight,Dry,Local,55.0,28,March,1:00pm-1:59pm,2,Four-Way Intersection,1
34.6902,-117.7648056,Clear,Daylight,Dry,Major Collector,55.0,28,April,3:00pm-3:59pm,1,Not an Intersection,1
37.89678611,-122.1032556,Clear,Daylight,Dry,Other Freeways and Expressways,65.0,6,July,7:00am-7:59am,1,Not an Intersection,1
33.72933333,-117.0018778,Clear,Dark - Lighted,Dry,Minor Arterial,45.0,6,June,10:00pm-10:59pm,2,Not an Intersection,1
40.68060278,-122.3653167,Clear,Daylight,Not Reported,Minor Arterial,49.0,3,June,1:00pm-1:59pm,1,T-Intersection,1
34.00790278,-118.3350472,Clear,Dark - Lighted,Dry,Local,35.0,17,January,7:00pm-7:59pm,1,Not an Intersection,1
32.83452222,-117.1866028,Clear,Daylight,Dry,Other Principal Arterial,35.0,5,June,12:00pm-12:59pm,1,Not an Intersection,1
34.77645,-118.2902583,Clear,Daylight,Dry,Other Principal Arterial,55.0,30,April,7:00am-7:59am,2,Four-Way Intersection,1
34.88239722,-120.4989194,Clear,Daylight,Dry,Minor Arterial,55.0,24,April,5:00pm-5:59pm,1,Not an Intersection,1
32.76130278,-117.2041861,Clear,Daylight,Dry,Interstate,65.0,17,June,12:00pm-12:59pm,1,Not an Intersection,1
35.36851667,-118.9994,Clear,Dark - Lighted,Dry,Other Principal Arterial,40.0,27,July,10:00pm-10:59pm,1,Not Reported,1
34.03275833,-118.2868667,Clear,Dark - Lighted,Dry,Other Principal Arterial,35.0,14,June,10:00pm-10:59pm,1,Not an Intersection,1
33.8591,-117.9682472,Clear,Dark - Lighted,Dry,Other Principal Arterial,45.0,12,June,9:00pm-9:59pm,2,Four-Way Intersection,1
33.77435278,-118.1102722,Clear,Dark - Lighted,Dry,Other Principal Arterial,40.0,14,June,5:00am-5:59am,1,Not an Intersection,1
36.19653611,-119.339875,Clear,Dark - Lighted,Dry,Minor Arterial,45.0,15,June,4:00am-4:59am,2,Four-Way Intersection,2
34.50060833,-117.1727778,Clear,Daylight,Dry,Other Principal Arterial,50.0,15,June,7:00pm-7:59pm,2,Four-Way Intersection,1
38.86584167,-122.62385,Clear,Dark - Not Lighted,Dry,Minor Arterial,55.0,7,April,4:00am-4:59am,1,Not an Intersection,1
38.09425,-122.2406333,Clear,Dusk,Dry,Other Principal Arterial,40.0,19,May,7:00pm-7:59pm,2,Not an Intersection,1
38.10887778,-122.2485222,Cloudy,Dark - Lighted,Dry,Local,30.0,8,July,10:00pm-10:59pm,1,Four-Way Intersection,1
37.98801667,-121.2512194,Cloudy,Dark - Lighted,Dry,Other Freeways and Expressways,55.0,17,May,4:00am-4:59am,1,Not an Intersection,1
33.90045833,-118.0617139,Cloudy,Dark - Lighted,Dry,Local,40.0,30,May,9:00pm-9:59pm,1,Not an Intersection,1
33.90883889,-118.0761639,Cloudy,Daylight,Dry,Other Principal Arterial,35.0,8,June,7:00am-7:59am,1,Not an Intersection,1
33.93995278,-118.4395861,Cloudy,Dark - Lighted,Dry,Other Principal Arterial,40.0,4,June,7:00pm-7:59pm,3,Not an Intersection,2
34.50639722,-117.8648944,Cloudy,Dark - Not Lighted,Dry,Other Principal Arterial,55.0,23,January,9:00pm-9:59pm,1,Not an Intersection,1
33.54441389,-116.1526694,Clear,Daylight,Dry,Major Collector,55.0,2,April,11:00am-11:59am,1,Not an Intersection,1
33.66938889,-115.6361889,Clear,Dark - Not Lighted,Dry,Interstate,70.0,6,July,2:00am-2:59am,2,Not an Intersection,2
37.36228056,-121.8832417,Cloudy,Dark - Not Lighted,Wet,Other Freeways and Expressways,65.0,28,March,3:00am-3:59am,1,Not an Intersection,1
35.936575,-117.9060028,Clear,Dusk,Dry,Other Principal Arterial,65.0,9,August,7:00pm-7:59pm,1,Not an Intersection,1
32.67926944,-115.5525611,Clear,Dark - Not Lighted,Dry,Minor Arterial,65.0,13,August,Unknown Hours,1,Not an Intersection,1
39.45754722,-121.6398361,Clear,Dark - Not Lighted,Dry,Major Collector,55.0,18,August,0:00am-0:59am,1,Not an Intersection,1
38.51217222,-122.7766417,Rain,Dark - Not Lighted,Wet,Other Freeways and Expressways,65.0,1,March,2:00am-2:59am,1,Not an Intersection,1
36.35023611,-119.9053278,Clear,Daylight,Dry,Major Collector,55.0,9,May,12:00pm-12:59pm,1,Not an Intersection,1
38.44518889,-122.4101806,Clear,Dawn,Dry,Minor Arterial,55.0,20,June,5:00am-5:59am,2,Not an Intersection,1
38.84118889,-122.7478583,Clear,Daylight,Dry,Minor Arterial,45.0,10,July,1:00pm-1:59pm,1,Not an Intersection,1
34.84763889,-117.0143444,Clear,Dark - Not Lighted,Dry,Local,55.0,13,August,4:00am-4:59am,1,Not an Intersection,1
33.74711111,-116.8696139,Clear,Dark - Not Lighted,Dry,Other Principal Arterial,55.0,23,February,9:00pm-9:59pm,1,Not an Intersection,1
34.37119167,-119.0187667,Rain,Daylight,Wet,Other Principal Arterial,55.0,22,January,2:00pm-2:59pm,3,Not an Intersection,1
33.99268056,-117.5157917,Clear,Daylight,Dry,Minor Arterial,40.0,28,April,11:00am-11:59am,1,Not an Intersection,1
37.34288889,-121.9012639,Clear,Dark - Not Lighted,Dry,Other Freeways and Expressways,65.0,14,June,2:00am-2:59am,1,Not an Intersection,1
36.20017222,-119.3310028,Clear,Dark - Lighted,Dry,Minor Arterial,45.0,20,June,9:00pm-9:59pm,2,Not an Intersection,1
33.78198333,-118.2300472,Clear,Dark - Lighted,Dry,Other Principal Arterial,45.0,21,June,2:00am-2:59am,3,Not an Intersection,1
34.20726944,-118.5185778,Clear,Dark - Lighted,Dry,Minor Arterial,40.0,22,June,0:00am-0:59am,2,Not an Intersection,1
34.07934444,-118.3092306,Clear,Dark - Lighted,Dry,Other Principal Arterial,35.0,22,June,3:00am-3:59am,1,Four-Way Intersection,1
34.64939444,-118.1299944,Clear,Dark - Lighted,Dry,Minor Arterial,50.0,22,June,9:00pm-9:59pm,2,T-Intersection,2
32.77883333,-117.1687167,Clear,Dark - Lighted,Dry,Minor Arterial,40.0,23,June,11:00pm-11:59pm,1,Not an Intersection,1
37.19760556,-121.7349083,Clear,Daylight,Dry,Minor Arterial,45.0,24,June,8:00am-8:59am,1,Not an Intersection,1
38.58032778,-121.1873167,Clear,Dark - Not Lighted,Dry,Other Principal Arterial,55.0,23,February,4:00am-4:59am,1,Not an Intersection,1
36.75045,-119.7768,Clear,Dark - Not Lighted,Dry,Major Collector,35.0,16,August,0:00am-0:59am,1,Not an Intersection,1
37.95308056,-122.3474306,Clear,Dusk,Dry,Local,25.0,24,August,6:00pm-6:59pm,1,Not an Intersection,1
32.7239,-117.0759194,Clear,Dark - Lighted,Dry,Other Freeways and Expressways,65.0,5,January,10:00pm-10:59pm,2,Not an Intersection,1
38.10506667,-121.7016611,Clear,Dark - Lighted,Dry,Other Principal Arterial,55.0,11,May,0:00am-0:59am,2,T-Intersection,2
34.48755556,-118.6184861,Clear,Dark - Lighted,Dry,Major Collector,55.0,3,July,0:00am-0:59am,1,Not an Intersection,3
33.67430556,-117.2061167,Clear,Dusk,Dry,Major Collector,50.0,29,August,6:00pm-6:59pm,3,Not Reported,1
33.875225,-117.6619222,Clear,Dark - Lighted,Dry,Other Freeways and Expressways,65.0,14,August,3:00am-3:59am,1,Not an Intersection,1
34.13463889,-117.6802694,Cloudy,Dark - Lighted,Dry,Minor Arterial,40.0,19,January,9:00pm-9:59pm,1,T-Intersection,1
34.41433611,-117.2457,Clear,Daylight,Dry,Local,55.0,19,June,3:00pm-3:59pm,1,Not an Intersection,2
36.02226667,-119.0533917,Clear,Daylight,Dry,Major Collector,55.0,16,June,7:00pm-7:59pm,2,Four-Way Intersection,2
32.70114444,-117.03045,Clear,Dark - Lighted,Dry,Major Collector,35.0,20,June,8:00pm-8:59pm,1,T-Intersection,1
34.18847222,-118.4663611,Clear,Dark - Lighted,Dry,Local,35.0,30,June,8:00pm-8:59pm,1,Not an Intersection,1
33.80075278,-118.1676806,Clear,Daylight,Dry,Minor Arterial,40.0,18,June,7:00pm-7:59pm,1,Four-Way Intersection,1
33.97610278,-118.2089833,Clear,Dark - Lighted,Dry,Major Collector,25.0,30,June,1:00am-1:59am,2,Not an Intersection,1
36.09105278,-119.0393722,Clear,Dark - Not Lighted,Dry,Other Principal Arterial,65.0,16,June,8:00pm-8:59pm,2,T-Intersection,1
34.40670556,-119.7009306,Clear,Dark - Lighted,Dry,Other Principal Arterial,35.0,29,June,11:00pm-11:59pm,1,Not an Intersection,1
36.31733611,-119.6991556,Clear,Dark - Not Lighted,Dry,Local,55.0,8,March,10:00pm-10:59pm,1,Not an Intersection,1
38.48897778,-121.0849833,Clear,Daylight,Dry,Other Principal Arterial,55.0,14,May,4:00pm-4:59pm,3,Not an Intersection,1
33.98868333,-117.357225,Clear,Dark - Lighted,Dry,Major Collector,35.0,25,May,11:00pm-11:59pm,1,Not an Intersection,1
33.99334167,-118.2788722,Clear,Dark - Lighted,Dry,Major Collector,25.0,1,January,2:00am-2:59am,3,Not an Intersection,1
33.734425,-118.0001028,Clear,Dark - Lighted,Dry,Minor Arterial,40.0,8,January,8:00pm-8:59pm,2,Not an Intersection,1
34.02569444,-118.3350639,Clear,Daylight,Dry,Other Principal Arterial,55.0,26,June,11:00am-11:59am,1,Four-Way Intersection,1
37.92867778,-122.3430389,Clear,Daylight,Dry,Other Principal Arterial,35.0,12,January,7:00am-7:59am,1,Not an Intersection,2
33.71555,-118.0012222,Clear,Dark - Lighted,Dry,Other Principal Arterial,45.0,18,January,6:00pm-6:59pm,1,Not an Intersection,1
33.71607778,-117.965125,Clear,Daylight,Dry,Other Principal Arterial,45.0,27,January,11:00am-11:59am,3,Not an Intersection,1
33.22076667,-117.3377472,Clear,Dark - Lighted,Dry,Other Principal Arterial,45.0,15,April,8:00pm-8:59pm,2,Not an Intersection,1
33.93147222,-118.3804028,Clear,Dark - Not Lighted,Dry,Local,25.0,17,April,5:00am-5:59am,2,Not an Intersection,1
33.20673333,-117.2869833,Rain,Dusk,Wet,Other Principal Arterial,55.0,14,April,7:00pm-7:59pm,1,Not an Intersection,1
32.71917222,-117.0822417,Clear,Dark - Lighted,Dry,Other Freeways and Expressways,65.0,18,March,7:00pm-7:59pm,1,Not an Intersection,1
32.78104167,-117.086325,Rain,Daylight,Wet,Interstate,65.0,20,January,2:00pm-2:59pm,2,Not an Intersection,1
37.93882222,-120.60525,Clear,Daylight,Dry,Major Collector,45.0,18,May,2:00pm-2:59pm,1,Not an Intersection,1
33.91785278,-116.6025583,Clear,Daylight,Dry,Interstate,65.0,26,May,7:00pm-7:59pm,1,Not an Intersection,2
33.83971667,-117.1085806,Clear,Dark - Not Lighted,Dry,Minor Arterial,55.0,24,July,8:00pm-8:59pm,2,T-Intersection,1
35.296225,-118.8955139,Clear,Daylight,Dry,Major Collector,55.0,11,July,5:00pm-5:59pm,2,Not an Intersection,1
35.09529444,-119.0119583,Clear,Daylight,Dry,Major Collector,55.0,17,July,6:00am-6:59am,1,Not an Intersection,1
38.2125,-120.7485111,Clear,Dark - Not Lighted,Dry,Minor Arterial,55.0,1,September,9:00pm-9:59pm,2,Not an Intersection,2
33.74886111,-117.9894694,Cloudy,Dark - Lighted,Wet,Other Principal Arterial,45.0,23,January,2:00am-2:59am,1,Not an Intersection,1
34.03996389,-117.5813778,Clear,Daylight,Dry,Other Principal Arterial,55.0,29,January,6:00am-6:59am,2,T-Intersection,1
34.45340278,-117.2656583,Clear,Daylight,Dry,Major Collector,45.0,24,June,4:00pm-4:59pm,1,Not an Intersection,1
34.70428611,-118.1066472,Clear,Dark - Lighted,Dry,Other Principal Arterial,50.0,25,June,2:00am-2:59am,1,Not an Intersection,1
38.53011944,-121.4955583,Clear,Dark - Lighted,Dry,Other Principal Arterial,35.0,9,January,5:00pm-5:59pm,1,Four-Way Intersection,1
33.78985,-118.161125,Cloudy,Dark - Lighted,Wet,Other Principal Arterial,35.0,9,June,2:00am-2:59am,1,Not an Intersection,1
34.1651,-116.0236361,Clear,Dark - Not Lighted,Dry,Other Principal Arterial,49.0,5,January,8:00pm-8:59pm,1,Not an Intersection,1
33.72369167,-117.8349083,Clear,Dark - Lighted,Dry,Local,35.0,6,January,0:00am-0:59am,1,Not an Intersection,1
33.89847778,-116.621525,Clear,Dusk,Dry,Other Principal Arterial,65.0,9,June,8:00pm-8:59pm,1,Not an Intersection,1
34.17088611,-118.8203194,Clear,Dark - Lighted,Dry,Minor Arterial,45.0,14,June,11:00pm-11:59pm,2,Four-Way Intersection,1
37.33338056,-118.5230889,Clear,Daylight,Dry,Minor Collector,55.0,12,July,4:00pm-4:59pm,1,Not an Intersection,1
37.801575,-121.1926889,Cloudy,Dark - Not Lighted,Dry,Other Freeways and Expressways,65.0,14,January,9:00pm-9:59pm,2,Not an Intersection,1
34.03744444,-118.2730056,Clear,Dark - Lighted,Dry,Interstate,55.0,31,January,11:00pm-11:59pm,2,Not an Intersection,1
34.69014167,-117.7999278,Rain,Dark - Not Lighted,Wet,Major Collector,55.0,3,February,11:00pm-11:59pm,2,Not an Intersection,2
37.301,-121.8760444,Clear,Daylight,Dry,Interstate,65.0,20,July,7:00pm-7:59pm,1,Not an Intersection,1
36.45431667,-121.9240722,Cloudy,Daylight,Dry,Minor Arterial,55.0,13,July,5:00pm-5:59pm,1,Not an Intersection,1
34.11610833,-117.9339111,Clear,Dark - Lighted,Dry,Other Principal Arterial,35.0,19,January,9:00pm-9:59pm,1,Four-Way Intersection,1
34.134475,-116.3849444,Clear,Dark - Lighted,Dry,Other Principal Arterial,50.0,26,January,8:00pm-8:59pm,1,Not an Intersection,1
38.49574444,-121.4791444,Clear,Dark - Lighted,Dry,Other Principal Arterial,40.0,26,January,6:00pm-6:59pm,1,T-Intersection,1
38.87994167,-121.2952889,Rain,Dark - Lighted,Wet,Minor Arterial,40.0,1,February,4:00am-4:59am,2,Four-Way Intersection,1
37.27242222,-121.8287556,Cloudy,Dark - Lighted,Dry,Other Principal Arterial,49.0,15,January,1:00am-1:59am,1,Not an Intersection,1
38.72943889,-121.273075,Cloudy,Daylight,Non-Trafficway or Driveway Access,Other Principal Arterial,49.0,16,January,12:00pm-12:59pm,2,Not an Intersection,1
33.71767222,-116.2339,Clear,Dark - Lighted,Dry,Minor Arterial,25.0,4,February,2:00am-2:59am,2,Four-Way Intersection,1
38.35610556,-122.3851139,Clear,Daylight,Dry,Local,25.0,31,May,Unknown Hours,1,Not an Intersection,1
41.02490833,-123.6532806,Clear,Dark - Not Lighted,Dry,Minor Arterial,55.0,19,July,11:00pm-11:59pm,1,Not an Intersection,1
41.54078889,-120.2345611,Clear,Daylight,Dry,Major Collector,55.0,22,July,7:00pm-7:59pm,1,Not an Intersection,1
36.05130278,-119.3126667,Clear,Dusk,Dry,Minor Collector,55.0,18,June,8:00pm-8:59pm,2,Four-Way Intersection,1
36.74931111,-120.3959889,Clear,Daylight,Dry,Major Collector,55.0,30,July,11:00am-11:59am,1,Not an Intersection,1
34.09938333,-117.8795056,Cloudy,Dark - Lighted,Dry,Local,40.0,27,February,6:00pm-6:59pm,2,T-Intersection,1
38.627875,-121.5146861,Clear,Dark - Lighted,Dry,Major Collector,40.0,26,February,6:00pm-6:59pm,1,Not an Intersection,1
34.1978,-119.159675,Clear,Dusk,Dry,Minor Arterial,40.0,4,March,6:00pm-6:59pm,1,Not an Intersection,1
38.64243611,-121.44775,Clear,Dark - Lighted,Dry,Minor Arterial,40.0,9,March,9:00pm-9:59pm,1,Not Reported,1
38.52527778,-121.4276222,Rain,Dark - Lighted,Wet,Other Principal Arterial,45.0,23,March,11:00pm-11:59pm,1,Not Reported,1
33.89641389,-117.9656806,Clear,Dark - Lighted,Dry,Minor Arterial,50.0,24,March,0:00am-0:59am,1,Not an Intersection,1
33.91738611,-117.9232722,Clear,Daylight,Dry,Other Principal Arterial,45.0,26,March,12:00pm-12:59pm,2,Not an Intersection,1
37.66281667,-122.0841778,Clear,Daylight,Dry,Other Principal Arterial,40.0,1,April,6:00pm-6:59pm,2,Not Reported,1
33.86869444,-117.8896111,Clear,Dark - Lighted,Dry,Other Principal Arterial,40.0,4,April,4:00am-4:59am,2,T-Intersection,1
37.34935278,-121.8290972,Clear,Daylight,Dry,Other Principal Arterial,25.0,10,February,12:00pm-12:59pm,1,Four-Way Intersection,1
34.20111389,-118.5492944,Clear,Dark - Lighted,Dry,Other Principal Arterial,35.0,6,April,5:00am-5:59am,6,Four-Way Intersection,1
36.36151667,-119.3286361,Clear,Dark - Lighted,Dry,Local,35.0,7,April,0:00am-0:59am,1,Not an Intersection,1
33.84381111,-118.3866972,Clear,Dark - Lighted,Dry,Other Principal Arterial,35.0,8,April,4:00am-4:59am,1,Four-Way Intersection,1
38.52490833,-121.4518917,Clear,Dark - Lighted,Dry,Other Principal Arterial,40.0,9,April,4:00am-4:59am,1,Not an Intersection,1
33.68843611,-117.9079944,Cloudy,Daylight,Dry,Other Principal Arterial,40.0,12,April,9:00am-9:59am,1,Four-Way Intersection,1
33.02986389,-117.2772722,Cloudy,Daylight,Dry,Interstate,65.0,22,July,2:00pm-2:59pm,1,Not an Intersection,1
37.69955,-120.907625,Clear,Dark - Not Lighted,Dry,Local,55.0,1,August,10:00pm-10:59pm,1,Not an Intersection,1
32.75589722,-115.8728444,Clear,Daylight,Dry,Interstate,70.0,5,August,9:00am-9:59am,2,Not an Intersection,1
34.60785278,-118.1506389,Clear,Dark - Not Lighted,Dry,Interstate,55.0,4,September,8:00pm-8:59pm,1,Not an Intersection,1
35.77627222,-119.1236722,Clear,Dark - Not Lighted,Dry,Major Collector,45.0,21,June,3:00am-3:59am,2,Four-Way Intersection,1
33.66031111,-115.7781972,Clear,Daylight,Dry,Interstate,70.0,19,July,10:00am-10:59am,1,Not an Intersection,1
38.04462778,-121.1085694,Clear,Dawn,Dry,Major Collector,55.0,15,May,5:00am-5:59am,2,Not an Intersection,1
36.60406944,-119.4129861,Clear,Daylight,Dry,Major Collector,55.0,29,June,6:00pm-6:59pm,2,Four-Way Intersection,2
36.53208333,-119.9895972,Clear,Daylight,Dry,Major Collector,55.0,17,June,1:00pm-1:59pm,2,Four-Way Intersection,1
34.13693333,-118.276275,Clear,Dark - Lighted,Dry,Interstate,65.0,17,July,3:00am-3:59am,1,Not an Intersection,1
33.859775,-117.924225,Cloudy,Dark - Lighted,Dry,Other Principal Arterial,40.0,15,April,0:00am-0:59am,3,Not Reported,1
34.45162222,-117.3604222,Clear,Dark - Lighted,Dry,Minor Arterial,55.0,15,April,10:00pm-10:59pm,3,Not an Intersection,2
33.986,-118.0565056,Clear,Dark - Lighted,Dry,Minor Arterial,25.0,19,April,4:00am-4:59am,3,Four-Way Intersection,1
37.63401389,-122.0637472,Clear,Dark - Not Lighted,Dry,Other Principal Arterial,25.0,19,April,10:00pm-10:59pm,1,Not an Intersection,1
34.23978333,-119.1807389,Clear,Dark - Lighted,Dry,Other Freeways and Expressways,65.0,21,April,9:00pm-9:59pm,1,Four-Way Intersection,1
36.30873056,-119.331625,Clear,Daylight,Dry,Minor Arterial,45.0,25,April,5:00pm-5:59pm,2,Not Reported,1
33.85900278,-117.9804111,Clear,Dark - Lighted,Dry,Other Principal Arterial,45.0,25,April,9:00pm-9:59pm,1,Not an Intersection,1
33.68844167,-115.5144833,Clear,Dark - Not Lighted,Dry,Interstate,70.0,18,June,0:00am-0:59am,2,Not an Intersection,1
35.36852778,-118.9992722,Clear,Dark - Lighted,Dry,Other Principal Arterial,40.0,11,August,10:00pm-10:59pm,1,T-Intersection,1
36.20411944,-121.1362222,Clear,Dawn,Dry,Other Freeways and Expressways,65.0,21,August,7:00am-7:59am,1,Not an Intersection,1
34.03419722,-117.650675,Clear,Dark - Lighted,Dry,Other Principal Arterial,45.0,13,March,0:00am-0:59am,1,Not an Intersection,1
34.05762778,-117.5756861,Clear,Dark - Lighted,Dry,Other Principal Arterial,55.0,23,April,1:00am-1:59am,1,Not an Intersection,1
33.892875,-116.6131111,Clear,Daylight,Dry,Other Principal Arterial,65.0,29,June,6:00am-6:59am,1,Not an Intersection,1
38.11605556,-121.4262472,Clear,Daylight,Dry,Other Principal Arterial,55.0,28,May,4:00pm-4:59pm,3,Not an Intersection,1
41.79217778,-122.0041917,Cloudy,Dusk,Dry,Minor Collector,55.0,2,August,8:00pm-8:59pm,1,Not an Intersection,1
34.26837222,-118.4356333,Clear,Daylight,Dry,Other Freeways and Expressways,65.0,3,July,4:00pm-4:59pm,2,Not an Intersection,1
40.39650556,-122.0052944,Clear,Daylight,Dry,Major Collector,55.0,2,September,4:00pm-4:59pm,1,Not an Intersection,1
33.71681389,-116.893275,Clear,Daylight,Dry,Major Collector,55.0,18,June,7:00pm-7:59pm,2,Not an Intersection,1
33.85913333,-117.9468333,Clear,Dark - Lighted,Dry,Local,45.0,13,February,6:00pm-6:59pm,1,Not Reported,1
37.89895556,-122.3091694,Clear,Dark - Not Lighted,Wet,Major Collector,25.0,20,February,5:00am-5:59am,2,Not an Intersection,1
38.6149,-121.4015583,Clear,Daylight,Dry,Other Principal Arterial,35.0,18,May,5:00pm-5:59pm,3,Not an Intersection,1
35.50560833,-119.1718389,Clear,Dark - Not Lighted,Dry,Other Freeways and Expressways,70.0,31,May,1:00am-1:59am,1,Not an Intersection,1
33.98301667,-117.0523778,Clear,Dark - Not Lighted,Dry,Interstate,70.0,20,June,3:00am-3:59am,1,Not an Intersection,1
38.00288333,-121.2573722,Clear,Dusk,Dry,Other Freeways and Expressways,65.0,23,May,8:00pm-8:59pm,1,Not an Intersection,1
38.18014167,-120.8297667,Clear,Daylight,Dry,Minor Arterial,45.0,5,September,1:00pm-1:59pm,1,Not an Intersection,1
34.12765278,-117.235,Cloudy,Dark - Lighted,Not Reported,Minor Arterial,40.0,3,February,9:00pm-9:59pm,1,Four-Way Intersection,1
34.15508611,-119.1776778,Cloudy,Daylight,Dry,Other Principal Arterial,40.0,3,May,6:00pm-6:59pm,1,Not an Intersection,1
35.12598056,-117.9599778,Clear,Daylight,Dry,Other Principal Arterial,45.0,8,May,1:00pm-1:59pm,2,Four-Way Intersection,1
37.66044722,-122.0738389,Clear,Daylight,Dry,Minor Arterial,30.0,8,May,4:00pm-4:59pm,1,Four-Way Intersection,1
34.04795278,-118.4246194,Clear,Dark - Lighted,Dry,Other Principal Arterial,35.0,16,June,3:00am-3:59am,1,Four-Way Intersection,1
38.61288889,-122.8776167,Clear,Daylight,Dry,Other Freeways and Expressways,65.0,2,May,3:00pm-3:59pm,1,Not an Intersection,1
36.61979444,-119.7858639,Clear,Dark - Lighted,Dry,Other Principal Arterial,65.0,9,May,9:00pm-9:59pm,2,Four-Way Intersection,1
33.780925,-118.2074667,Clear,Dark - Lighted,Dry,Interstate,55.0,13,May,10:00pm-10:59pm,2,Not an Intersection,1
34.13339444,-118.2293111,Clear,Dark - Not Lighted,Dry,Other Freeways and Expressways,65.0,13,June,10:00pm-10:59pm,2,Not an Intersection,1
36.597575,-119.7368278,Clear,Dark - Not Lighted,Dry,Local,55.0,1,August,8:00pm-8:59pm,1,Not an Intersection,1
37.46344722,-120.8308417,Clear,Daylight,Dry,Minor Collector,55.0,9,August,10:00am-10:59am,2,Four-Way Intersection,1
34.15226667,-117.4759861,Clear,Daylight,Dry,Interstate,65.0,12,August,1:00pm-1:59pm,2,Not an Intersection,1
39.11315833,-121.5603444,Clear,Daylight,Dry,Local,35.0,21,August,11:00am-11:59am,2,Four-Way Intersection,1
32.66060278,-116.0995556,Clear,Dark - Not Lighted,Dry,Interstate,65.0,21,August,8:00pm-8:59pm,1,Not an Intersection,1
36.16724167,-119.1707667,Cloudy,Dark - Not Lighted,Dry,Minor Collector,55.0,21,February,6:00pm-6:59pm,2,Four-Way Intersection,1
33.52850278,-117.1549639,Clear,Dark - Lighted,Dry,Other Principal Arterial,40.0,26,April,10:00pm-10:59pm,1,Not an Intersection,1
36.94288889,-121.4438778,Clear,Dark - Not Lighted,Dry,Minor Arterial,55.0,19,June,3:00am-3:59am,2,Not an Intersection,1
38.67176111,-121.455125,Clear,Daylight,Dry,Minor Arterial,45.0,10,August,6:00pm-6:59pm,1,Not an Intersection,1
38.61773333,-121.3824194,Clear,Daylight,Dry,Other Principal Arterial,40.0,29,August,2:00pm-2:59pm,2,Not an Intersection,1
33.77817222,-118.2741333,Cloudy,Dark - Lighted,Dry,Minor Arterial,35.0,11,April,8:00pm-8:59pm,2,Not an Intersection,1
34.13613611,-117.3240222,Cloudy,Dark - Lighted,Dry,Minor Arterial,55.0,17,February,5:00pm-5:59pm,1,Not an Intersection,1
37.56023611,-122.0110917,Clear,Dark - Lighted,Dry,Other Principal Arterial,30.0,21,May,0:00am-0:59am,1,Not an Intersection,1
34.14138611,-118.007425,Clear,Dark - Lighted,Dry,Major Collector,25.0,5,June,4:00am-4:59am,1,T-Intersection,1
34.01880278,-118.423375,Cloudy,Dark - Not Lighted,Dry,Interstate,65.0,31,May,2:00am-2:59am,1,Not an Intersection,2
33.75190833,-117.2754556,Clear,Daylight,Dry,Minor Arterial,60.0,6,April,5:00pm-5:59pm,1,Not an Intersection,1
33.6358,-117.2797417,Clear,Dark - Not Lighted,Dry,Interstate,70.0,27,May,0:00am-0:59am,1,Not an Intersection,2
34.03771111,-117.6329083,Clear,Dusk,Dry,Major Collector,45.0,23,January,5:00pm-5:59pm,1,Four-Way Intersection,1
33.17591944,-117.2053111,Clear,Daylight,Dry,Minor Arterial,35.0,2,August,7:00pm-7:59pm,1,Not an Intersection,1
37.94916111,-121.20185,Clear,Daylight,Dry,Other Principal Arterial,55.0,28,June,5:00pm-5:59pm,2,T-Intersection,1
40.32465556,-121.9409083,Clear,Daylight,Dry,Minor Arterial,65.0,6,September,2:00pm-2:59pm,2,Not an Intersection,1
36.51711111,-119.4136889,Clear,Daylight,Dry,Minor Arterial,55.0,30,July,7:00am-7:59am,2,Not an Intersection,1
37.37243889,-121.8392722,Clear,Dark - Lighted,Dry,Other Principal Arterial,40.0,29,June,2:00am-2:59am,1,Not Reported,1
34.45898333,-117.3555833,Clear,Daylight,Dry,Minor Arterial,55.0,27,June,1:00pm-1:59pm,3,Not an Intersection,1
34.58135,-117.3381,Clear,Daylight,Non-Trafficway or Driveway Access,Trafficway Not in State Inventory,49.0,23,June,6:00pm-6:59pm,1,Not an Intersection,1
37.74419167,-122.3986417,Clear,Dark - Lighted,Dry,Local,25.0,17,June,9:00pm-9:59pm,1,Four-Way Intersection,1
37.79574167,-122.4236361,Clear,Dark - Lighted,Dry,Other Principal Arterial,25.0,15,June,11:00pm-11:59pm,1,Four-Way Intersection,1
33.83241111,-118.17485,Clear,Dark - Lighted,Dry,Minor Arterial,40.0,14,June,10:00pm-10:59pm,1,Not an Intersection,1
34.57649444,-118.1383722,Clear,Dusk,Dry,Minor Arterial,45.0,30,June,8:00pm-8:59pm,2,Four-Way Intersection,1
34.23565278,-117.2979611,Cloudy,Dark - Not Lighted,Dry,Major Collector,55.0,10,February,Unknown Hours,1,Not an Intersection,1
37.74130278,-122.4226444,Clear,Dark - Lighted,Dry,Other Principal Arterial,25.0,10,June,3:00am-3:59am,1,Not an Intersection,1
38.67080833,-121.5107222,Clear,Daylight,Dry,Major Collector,35.0,11,June,7:00am-7:59am,1,Four-Way Intersection,1
38.52527778,-121.3755306,Clear,Dark - Not Lighted,Dry,Other Principal Arterial,45.0,10,June,10:00pm-10:59pm,1,Not an Intersection,1
33.53995833,-116.1157667,Clear,Dark - Not Lighted,Dry,Local,25.0,9,April,9:00pm-9:59pm,1,Not an Intersection,1
33.85405833,-118.2138778,Clear,Dark - Not Lighted,Dry,Minor Arterial,45.0,28,March,5:00am-5:59am,1,Not an Intersection,1
38.70036111,-121.3665528,Clear,Daylight,Dry,Local,25.0,18,August,8:00pm-8:59pm,3,T-Intersection,1
34.03269722,-118.3053111,Clear,Dark - Lighted,Dry,Other Principal Arterial,35.0,3,July,1:00am-1:59am,1,T-Intersection,1
34.03845278,-118.6522472,Clear,Dark - Lighted,Dry,Other Principal Arterial,45.0,4,July,10:00pm-10:59pm,2,Not an Intersection,1
34.09210833,-117.9856861,Clear,Daylight,Dry,Minor Arterial,45.0,1,July,10:00am-10:59am,1,Not an Intersection,1
33.87311111,-117.924475,Clear,Dark - Lighted,Dry,Other Principal Arterial,25.0,13,May,2:00am-2:59am,1,Not an Intersection,1
34.60186111,-118.1582083,Clear,Dark - Not Lighted,Dry,Other Principal Arterial,60.0,16,May,9:00pm-9:59pm,1,Not an Intersection,1
34.20446667,-119.1743278,Clear,Dark - Lighted,Dry,Local,25.0,13,May,5:00am-5:59am,1,Four-Way Intersection,1
34.01086667,-118.3024472,Clear,Dark - Lighted,Dry,Other Principal Arterial,35.0,1,July,11:00pm-11:59pm,1,Four-Way Intersection,1
37.76513333,-122.4175528,Clear,Dark - Lighted,Dry,Other Principal Arterial,25.0,5,July,1:00am-1:59am,2,Four-Way Intersection,1
34.06340556,-117.6492389,Rain,Dark - Lighted,Wet,Other Principal Arterial,40.0,13,April,8:00pm-8:59pm,1,Not an Intersection,1
34.03403056,-117.6295222,Clear,Daylight,Dry,Minor Arterial,40.0,4,May,11:00am-11:59am,3,Not an Intersection,1
34.07799444,-117.6414583,Clear,Dark - Lighted,Dry,Minor Arterial,35.0,16,May,11:00pm-11:59pm,2,Four-Way Intersection,1
34.06976944,-118.1081,Clear,Daylight,Dry,Other Principal Arterial,35.0,1,July,1:00pm-1:59pm,1,Not an Intersection,1
34.04824444,-117.5587833,Clear,Dark - Lighted,Dry,Other Principal Arterial,50.0,15,July,11:00pm-11:59pm,1,Not an Intersection,1
33.80309444,-117.9484222,Cloudy,Dark - Lighted,Dry,Other Principal Arterial,35.0,15,September,4:00am-4:59am,1,Not an Intersection,1
33.90475833,-116.5543861,Clear,Dark - Not Lighted,Dry,Interstate,70.0,28,April,0:00am-0:59am,3,Not an Intersection,1
36.75213333,-119.7196222,Clear,Dusk,Dry,Other Freeways and Expressways,65.0,10,July,8:00pm-8:59pm,1,Not an Intersection,1
34.17543333,-119.1601694,Cloudy,Dawn,Dry,Minor Arterial,45.0,10,May,5:00am-5:59am,2,Four-Way Intersection,1
37.705825,-122.4484861,Clear,Dark - Lighted,Dry,Major Collector,25.0,4,July,0:00am-0:59am,5,Four-Way Intersection,1
32.72711389,-117.0716583,Clear,Dark - Lighted,Dry,Other Freeways and Expressways,65.0,4,April,5:00am-5:59am,2,Not an Intersection,1
34.16942222,-118.5962722,Clear,Dark - Not Lighted,Dry,Other Freeways and Expressways,65.0,19,June,3:00am-3:59am,12,Not an Intersection,1
39.68625833,-123.4794278,Clear,Dusk,Dry,Local,25.0,1,July,9:00pm-9:59pm,1,Not an Intersection,1
39.73148333,-121.6772417,Clear,Dark - Not Lighted,Dry,Minor Arterial,55.0,17,August,11:00pm-11:59pm,1,Not an Intersection,1
39.54580278,-121.7626361,Cloudy,Dark - Not Lighted,Dry,Major Collector,55.0,24,August,10:00pm-10:59pm,1,Not an Intersection,1
37.06206389,-121.0163889,Clear,Dark - Not Lighted,Dry,Other Principal Arterial,55.0,27,August,0:00am-0:59am,2,Not an Intersection,1
40.62241111,-124.2113528,Rain,Dark - Lighted,Wet,Major Collector,30.0,5,March,7:00pm-7:59pm,2,T-Intersection,2
34.47188611,-117.1030472,Clear,Daylight,Dry,Minor Arterial,55.0,25,May,6:00am-6:59am,2,Four-Way Intersection,2
34.42168056,-119.6288333,Clear,Daylight,Dry,Other Freeways and Expressways,55.0,3,July,4:00pm-4:59pm,4,Not an Intersection,1
36.46933333,-121.7135361,Clear,Dark - Not Lighted,Dry,Minor Collector,40.0,22,June,2:00am-2:59am,1,Not an Intersection,1
40.66130556,-122.1966472,Clear,Dark - Not Lighted,Dry,Minor Arterial,55.0,15,August,2:00am-2:59am,1,Not an Intersection,2
34.27008889,-118.6479667,Cloudy,Dark - Not Lighted,Dry,Interstate,65.0,10,July,4:00am-4:59am,1,Not an Intersection,1
33.94788333,-118.2915611,Clear,Dark - Lighted,Dry,Other Principal Arterial,25.0,5,July,0:00am-0:59am,2,T-Intersection,1
34.70404167,-118.1961167,Clear,Daylight,Dry,Other Principal Arterial,55.0,5,July,7:00am-7:59am,1,Not an Intersection,1
35.20859167,-119.1621,Clear,Dark - Not Lighted,Dry,Interstate,55.0,2,July,Unknown Hours,1,Not an Intersection,1
35.74398333,-120.2241639,Clear,Dark - Not Lighted,Dry,Other Principal Arterial,55.0,23,July,0:00am-0:59am,2,Not an Intersection,2
36.87297222,-119.6840167,Clear,Dark - Not Lighted,Dry,Local,45.0,31,July,11:00pm-11:59pm,2,Not an Intersection,1
34.05594722,-117.7192028,Clear,Dark - Lighted,Dry,Other Principal Arterial,45.0,23,June,0:00am-0:59am,2,Not an Intersection,1
32.76256944,-117.0295611,Clear,Daylight,Dry,Minor Arterial,35.0,14,June,3:00pm-3:59pm,2,T-Intersection,1
35.19363333,-120.7179972,Clear,Dark - Not Lighted,Dry,Minor Arterial,45.0,23,June,1:00am-1:59am,1,T-Intersection,1
34.26647222,-118.9708333,Clear,Daylight,Dry,Minor Arterial,55.0,2,May,3:00pm-3:59pm,4,Not an Intersection,1
33.48101389,-117.0752917,Clear,Daylight,Dry,Local,45.0,26,May,7:00pm-7:59pm,4,Four-Way Intersection,1
33.293625,-117.4586028,Cloudy,Dark - Not Lighted,Dry,Interstate,65.0,27,June,3:00am-3:59am,7,Not an Intersection,4
38.32045278,-123.0132028,Clear,Daylight,Dry,Minor Arterial,55.0,1,July,7:00pm-7:59pm,1,Not an Intersection,1
38.68676111,-120.8424639,Clear,Daylight,Dry,Local,35.0,20,July,5:00pm-5:59pm,1,Not an Intersection,1
38.41440556,-122.7210278,Clear,Dark - Lighted,Dry,Minor Arterial,30.0,1,August,9:00pm-9:59pm,1,Not an Intersection,1
38.01594722,-122.2717917,Clear,Dark - Lighted,Dry,Other Principal Arterial,65.0,7,September,2:00am-2:59am,1,Not an Intersection,1
38.58915278,-121.4106528,Clear,Daylight,Dry,Major Collector,35.0,11,September,8:00am-8:59am,1,Not an Intersection,1
36.21659167,-119.9106361,Clear,Dark - Not Lighted,Dry,Minor Arterial,55.0,26,May,2:00am-2:59am,2,Not an Intersection,2
35.25653889,-116.0567833,Clear,Daylight,Dry,Major Collector,55.0,28,July,5:00am-5:59am,1,Not an Intersection,1
37.86029722,-122.3021417,Cloudy,Dark - Lighted,Dry,Interstate,55.0,1,August,3:00am-3:59am,1,Not an Intersection,1
36.98328056,-121.4692611,Cloudy,Daylight,Dry,Other Principal Arterial,55.0,12,January,7:00am-7:59am,5,Not an Intersection,2
34.05381944,-118.2665917,Clear,Dark - Lighted,Dry,Other Principal Arterial,35.0,8,March,3:00am-3:59am,2,Four-Way Intersection,1
33.76844444,-117.2343278,Cloudy,Daylight,Dry,Minor Arterial,35.0,9,February,2:00pm-2:59pm,1,T-Intersection,1
37.31844444,-121.9741361,Clear,Dusk,Dry,Other Principal Arterial,40.0,31,March,7:00pm-7:59pm,1,Not Reported,1
37.30886389,-121.7994139,Clear,Dark - Lighted,Dry,Minor Arterial,35.0,3,April,4:00am-4:59am,3,Four-Way Intersection,1
33.70110278,-116.1922889,Clear,Dark - Not Lighted,Dry,Other Principal Arterial,50.0,21,February,0:00am-0:59am,1,Not an Intersection,1
36.08714722,-119.5586333,Clear,Daylight,Dry,Minor Arterial,35.0,8,May,1:00pm-1:59pm,2,T-Intersection,1
33.60844444,-117.1627972,Rain,Dark - Not Lighted,Wet,Local,45.0,26,February,7:00pm-7:59pm,3,Not an Intersection,1
36.98456389,-119.6630389,Rain,Daylight,Wet,Major Collector,50.0,13,January,2:00pm-2:59pm,2,Not an Intersection,1
36.75507222,-119.7771278,Rain,Dark - Lighted,Wet,Other Freeways and Expressways,65.0,30,March,1:00am-1:59am,1,Not an Intersection,1
37.33300833,-121.8623167,Clear,Dawn,Not Reported,Interstate,65.0,7,July,5:00am-5:59am,1,Not an Intersection,1
38.55326111,-121.3363889,Cloudy,Dark - Lighted,Dry,Other Principal Arterial,45.0,14,July,0:00am-0:59am,1,Not an Intersection,1
36.80772222,-119.9417833,Clear,Daylight,Dry,Major Collector,55.0,6,June,11:00am-11:59am,1,Not an Intersection,1
37.94820278,-121.3010278,Clear,Daylight,Dry,Interstate,65.0,22,June,8:00pm-8:59pm,1,Not an Intersection,1
34.07201667,-117.9021889,Clear,Dark - Lighted,Dry,Interstate,65.0,31,August,3:00am-3:59am,3,Not an Intersection,1
33.69995,-117.8716028,Clear,Daylight,Dry,Other Principal Arterial,25.0,1,August,12:00pm-12:59pm,1,Four-Way Intersection,1
38.78175278,-121.2307833,Clear,Dark - Not Lighted,Dry,Interstate,65.0,13,August,4:00am-4:59am,3,Not an Intersection,1
37.00554722,-121.8088417,Cloudy,Daylight,Wet,Major Collector,40.0,18,February,12:00pm-12:59pm,1,Not an Intersection,1
35.25383889,-119.0032028,Clear,Daylight,Dry,Major Collector,55.0,19,July,7:00pm-7:59pm,1,Not an Intersection,1
36.97666944,-120.0429056,Clear,Dark - Lighted,Dry,Minor Arterial,55.0,6,July,9:00pm-9:59pm,1,Not an Intersection,1
34.23266667,-118.3739,Clear,Daylight,Dry,Other Principal Arterial,35.0,8,July,8:00am-8:59am,2,Not an Intersection,1
34.16786389,-118.4661472,Clear,Dark - Not Lighted,Dry,Other Principal Arterial,40.0,9,July,10:00pm-10:59pm,1,Not an Intersection,1
34.08925833,-118.3266694,Clear,Dark - Lighted,Dry,Other Principal Arterial,35.0,10,July,8:00pm-8:59pm,1,Not an Intersection,1
33.96466667,-118.2827778,Clear,Dark - Lighted,Wet,Other Principal Arterial,35.0,11,July,0:00am-0:59am,1,Not an Intersection,1
33.13380556,-117.0507417,Clear,Daylight,Dry,Major Collector,35.0,11,July,3:00pm-3:59pm,1,Not an Intersection,1
33.96820556,-118.0326722,Cloudy,Daylight,Dry,Other Principal Arterial,40.0,12,July,6:00am-6:59am,2,Four-Way Intersection,1
34.542975,-117.9750583,Clear,Daylight,Dry,Minor Arterial,45.0,2,June,5:00pm-5:59pm,2,Four-Way Intersection,1
38.17,-122.4575028,Clear,Daylight,Dry,Minor Arterial,50.0,9,June,7:00pm-7:59pm,1,Not an Intersection,1
38.60003889,-121.4014,Clear,Daylight,Dry,Other Principal Arterial,40.0,5,July,10:00am-10:59am,1,Four-Way Intersection,1
37.94908889,-121.20215,Clear,Daylight,Dry,Other Principal Arterial,55.0,12,July,12:00pm-12:59pm,5,T-Intersection,1
32.83711111,-117.1208111,Clear,Dark - Not Lighted,Dry,Interstate,65.0,23,July,10:00pm-10:59pm,1,Not an Intersection,1
34.06682778,-117.2194389,Clear,Dark - Not Lighted,Dry,Interstate,65.0,28,July,4:00am-4:59am,1,Not an Intersection,1
36.74968889,-119.9517778,Clear,Dark - Not Lighted,Dry,Local,55.0,21,August,1:00am-1:59am,2,Four-Way Intersection,2
38.92029167,-121.0851278,Clear,Dark - Not Lighted,Dry,Major Collector,25.0,12,September,8:00pm-8:59pm,1,Not an Intersection,1
34.27830278,-119.2959833,Clear,Dark - Lighted,Dry,Minor Arterial,30.0,18,September,10:00pm-10:59pm,1,Not an Intersection,1
34.82113333,-120.4503333,Clear,Daylight,Dry,Other Principal Arterial,65.0,13,January,5:00pm-5:59pm,1,Not an Intersection,1
34.66545278,-118.21885,Clear,Dusk,Dry,Minor Arterial,55.0,30,April,6:00pm-6:59pm,1,Not an Intersection,1
35.51474167,-118.6844333,Clear,Daylight,Dry,Minor Arterial,55.0,24,July,12:00pm-12:59pm,1,Not an Intersection,1
38.86106111,-120.3807083,Clear,Dark - Not Lighted,Dry,Minor Collector,55.0,24,July,9:00pm-9:59pm,1,Not an Intersection,1
40.15067222,-122.237875,Clear,Daylight,Dry,Major Collector,35.0,12,July,1:00pm-1:59pm,2,Not an Intersection,1
33.94558889,-118.2636278,Clear,Daylight,Dry,Other Principal Arterial,35.0,5,July,6:00pm-6:59pm,2,Not an Intersection,1
37.32483056,-121.7968583,Clear,Dark - Not Lighted,Dry,Minor Arterial,49.0,11,January,6:00am-6:59am,1,Not an Intersection,1
33.131475,-117.2011444,Clear,Dark - Lighted,Dry,Minor Arterial,45.0,23,January,6:00pm-6:59pm,2,Four-Way Intersection,1
37.34703611,-121.8327,Clear,Dark - Lighted,Dry,Other Principal Arterial,35.0,30,January,6:00pm-6:59pm,2,T-Intersection,1
33.87021111,-117.9544944,Clear,Daylight,Dry,Minor Arterial,40.0,10,February,9:00am-9:59am,1,Not an Intersection,1
37.28266389,-120.4779,Clear,Daylight,Dry,Local,25.0,13,July,7:00am-7:59am,2,Four-Way Intersection,1
37.73663889,-122.4066889,Clear,Daylight,Dry,Other Principal Arterial,35.0,9,August,3:00pm-3:59pm,1,Not an Intersection,1
33.72860556,-117.8651889,Cloudy,Dark - Lighted,Dry,Local,25.0,17,February,4:00am-4:59am,1,Not an Intersection,1
33.88320278,-117.5418083,Clear,Dark - Lighted,Dry,Other Freeways and Expressways,65.0,29,April,0:00am-0:59am,2,Not an Intersection,1
34.05714722,-118.2422222,Cloudy,Dark - Lighted,Wet,Minor Arterial,25.0,3,March,2:00am-2:59am,1,T-Intersection,1
34.53000556,-117.2130722,Clear,Dark - Not Lighted,Dry,Minor Arterial,45.0,3,June,9:00pm-9:59pm,1,Not an Intersection,1
33.79897222,-118.2069444,Cloudy,Dark - Not Lighted,Dry,Interstate,55.0,16,June,5:00am-5:59am,1,Not an Intersection,1
37.85830833,-120.5119417,Clear,Daylight,Dry,Other Principal Arterial,55.0,9,August,7:00am-7:59am,2,Not an Intersection,1
36.71844722,-119.5294111,Clear,Dark - Not Lighted,Dry,Minor Collector,55.0,20,August,Unknown Hours,1,Not an Intersection,1
37.28687222,-121.9606944,Cloudy,Daylight,Dry,Other Principal Arterial,45.0,18,September,9:00am-9:59am,1,Four-Way Intersection,1
33.80145556,-117.5046694,Clear,Dark - Not Lighted,Dry,Interstate,70.0,27,April,3:00am-3:59am,1,Not an Intersection,1
37.36327222,-121.8965833,Clear,Dawn,Dry,Other Freeways and Expressways,65.0,28,April,6:00am-6:59am,1,Not an Intersection,1
38.72605556,-122.6191222,Clear,Daylight,Dry,Minor Collector,55.0,20,June,2:00pm-2:59pm,1,Not an Intersection,1
33.92815278,-117.2337639,Clear,Daylight,Dry,Local,35.0,24,June,3:00pm-3:59pm,1,Not an Intersection,1
37.96602222,-120.6197556,Clear,Daylight,Dry,Major Collector,55.0,2,July,9:00am-9:59am,2,Not an Intersection,1
34.82364167,-118.8756278,Clear,Daylight,Dry,Interstate,65.0,3,June,6:00pm-6:59pm,1,Not an Intersection,1
35.60615278,-119.2115694,Clear,Daylight,Dry,Other Freeways and Expressways,70.0,19,August,11:00am-11:59am,1,Not an Intersection,1
34.6894,-118.1407639,Clear,Dusk,Dry,Minor Arterial,45.0,26,July,8:00pm-8:59pm,1,Four-Way Intersection,1
33.25228889,-117.1949583,Clear,Dark - Not Lighted,Dry,Major Collector,50.0,17,March,11:00pm-11:59pm,2,Not an Intersection,1
35.84406667,-119.2859278,Clear,Dark - Not Lighted,Dry,Minor Collector,55.0,3,July,10:00pm-10:59pm,2,Not an Intersection,1
34.23526667,-117.0274722,Clear,Daylight,Dry,Minor Arterial,55.0,4,July,4:00pm-4:59pm,1,Not an Intersection,1
40.23019167,-123.8244333,Clear,Daylight,Dry,Major Collector,40.0,12,July,12:00pm-12:59pm,1,Not an Intersection,1
34.72306667,-120.2117056,Clear,Daylight,Dry,Other Freeways and Expressways,65.0,13,June,4:00pm-4:59pm,3,Not an Intersection,1
33.46585,-117.1005556,Clear,Daylight,Dry,Local,40.0,23,May,6:00pm-6:59pm,2,T-Intersection,1
37.81154167,-122.2502306,Clear,Dark - Lighted,Dry,Interstate,65.0,17,May,0:00am-0:59am,2,Not an Intersection,1
34.05619722,-117.7904111,Clear,Dark - Lighted,Dry,Minor Arterial,40.0,8,August,8:00pm-8:59pm,1,Not an Intersection,1
36.00920833,-119.3025944,Clear,Dark - Not Lighted,Dry,Other Freeways and Expressways,70.0,27,August,10:00pm-10:59pm,1,Not an Intersection,1
34.05474167,-117.7653444,Clear,Dark - Lighted,Dry,Other Principal Arterial,35.0,6,September,9:00pm-9:59pm,1,Not Reported,1
36.60099722,-121.8946833,Clear,Dark - Lighted,Dry,Minor Arterial,25.0,20,September,8:00pm-8:59pm,1,T-Intersection,1
40.14994722,-120.2986222,Clear,Daylight,Dry,Other Principal Arterial,55.0,19,June,10:00am-10:59am,2,Not an Intersection,1
33.56626111,-117.2088889,Clear,Daylight,Dry,Interstate,70.0,23,June,7:00am-7:59am,1,Not an Intersection,1
40.18085833,-122.2251167,Clear,Dark - Lighted,Dry,Interstate,70.0,21,September,7:00pm-7:59pm,1,Not an Intersection,1
34.55992222,-118.0451556,Clear,Dark - Lighted,Dry,Other Principal Arterial,55.0,20,July,11:00pm-11:59pm,2,Not an Intersection,1
33.97464444,-118.3072333,Clear,Dark - Lighted,Dry,Other Principal Arterial,35.0,28,July,9:00pm-9:59pm,1,Not an Intersection,1
34.20122778,-118.5081722,Clear,Dark - Lighted,Dry,Other Principal Arterial,35.0,22,July,2:00am-2:59am,2,Not an Intersection,1
33.83921667,-118.02285,Clear,Daylight,Dry,Minor Arterial,25.0,29,July,5:00pm-5:59pm,1,Not an Intersection,1
34.42685833,-117.3465694,Clear,Daylight,Dry,Other Principal Arterial,50.0,22,July,5:00am-5:59am,1,Four-Way Intersection,1
34.02561389,-118.340875,Clear,Dark - Lighted,Dry,Minor Arterial,35.0,27,July,8:00pm-8:59pm,1,Not an Intersection,1
34.02171667,-118.3723056,Clear,Dark - Lighted,Dry,Other Principal Arterial,35.0,23,July,1:00am-1:59am,1,Four-Way Intersection,1
34.96503333,-120.5738333,"Fog, Smog, Smoke",Daylight,Dry,Minor Arterial,35.0,31,July,6:00pm-6:59pm,1,Not an Intersection,1
34.44496111,-117.555075,Clear,Dark - Not Lighted,Dry,Major Collector,55.0,23,May,10:00pm-10:59pm,1,Not an Intersection,1
34.23357222,-118.3086389,Clear,Daylight,Dry,Other Principal Arterial,45.0,18,July,12:00pm-12:59pm,2,Not an Intersection,2
33.92379167,-118.2781722,Clear,Dark - Lighted,Dry,Other Principal Arterial,35.0,20,July,9:00pm-9:59pm,1,Four-Way Intersection,1
33.96497778,-118.2564444,Clear,Dark - Lighted,Dry,Other Principal Arterial,35.0,19,July,0:00am-0:59am,1,Not an Intersection,1
33.77181389,-118.0774222,Clear,Dark - Lighted,Dry,Other Principal Arterial,40.0,4,March,2:00am-2:59am,1,Four-Way Intersection,1
37.29368611,-121.9814417,Clear,Dark - Lighted,Dry,Other Principal Arterial,35.0,7,March,6:00pm-6:59pm,2,Not an Intersection,1
33.94520833,-118.2461694,Clear,Dark - Lighted,Dry,Minor Arterial,35.0,14,July,5:00am-5:59am,1,Not an Intersection,1
33.95811944,-118.1647083,Clear,Dark - Lighted,Dry,Other Principal Arterial,40.0,14,July,8:00pm-8:59pm,3,Four-Way Intersection,1
39.03977222,-122.761625,Clear,Dark - Not Lighted,Dry,Other Principal Arterial,55.0,28,April,10:00pm-10:59pm,1,Not an Intersection,1
33.65243333,-117.3661417,Clear,Daylight,Dry,Minor Arterial,45.0,5,August,3:00pm-3:59pm,1,Not an Intersection,1
34.43935278,-118.3123389,Clear,Daylight,Dry,Major Collector,55.0,27,July,5:00pm-5:59pm,1,Not an Intersection,1
34.51981667,-117.9360472,Clear,Dark - Not Lighted,Dry,Other Principal Arterial,55.0,29,July,3:00am-3:59am,1,Not an Intersection,1
39.48361667,-120.2343833,Clear,Dark - Not Lighted,Dry,Minor Arterial,55.0,26,August,4:00am-4:59am,1,Not an Intersection,1
39.11106944,-123.5069722,Clear,Daylight,Dry,Minor Arterial,55.0,29,July,Unknown Hours,1,Not an Intersection,1
37.16107778,-121.6983611,Clear,Dark - Not Lighted,Dry,Major Collector,65.0,14,March,6:00am-6:59am,1,Not an Intersection,1
34.09262222,-118.3076389,Clear,Dark - Lighted,Dry,Other Freeways and Expressways,55.0,30,June,9:00pm-9:59pm,3,Not an Intersection,1
36.66341389,-119.7414139,Clear,Dark - Not Lighted,Dry,Minor Arterial,55.0,3,August,4:00am-4:59am,1,Not an Intersection,1
39.14258056,-121.7725806,Clear,Dark - Not Lighted,Dry,Other Principal Arterial,55.0,5,August,5:00am-5:59am,3,Not an Intersection,1
33.13857778,-117.079775,Cloudy,Dark - Not Lighted,Dry,Major Collector,35.0,8,August,9:00pm-9:59pm,1,Not an Intersection,1
34.03648889,-117.8247583,Clear,Daylight,Dry,Other Principal Arterial,45.0,16,August,8:00am-8:59am,2,Not an Intersection,1
37.69849722,-121.3615361,Clear,Dark - Not Lighted,Dry,Major Collector,55.0,13,September,5:00am-5:59am,2,Not an Intersection,1
33.82558056,-117.8716833,Clear,Dusk,Dry,Minor Arterial,40.0,8,October,6:00pm-6:59pm,1,Not an Intersection,1
39.75223333,-121.8459417,Clear,Daylight,Dry,Other Principal Arterial,35.0,9,October,5:00pm-5:59pm,2,Four-Way Intersection,1
33.83708611,-117.3238472,Clear,Dark - Not Lighted,Dry,Minor Arterial,50.0,22,March,Unknown Hours,1,Not an Intersection,1
33.7,-117.390125,Clear,Dawn,Dry,Minor Arterial,50.0,2,May,5:00am-5:59am,1,Not an Intersection,1
39.09319167,-122.1073528,Clear,Dark - Not Lighted,Dry,Interstate,70.0,23,June,4:00am-4:59am,2,Not an Intersection,2
33.884075,-117.52845,Clear,Dark - Not Lighted,Dry,Other Principal Arterial,65.0,27,July,10:00pm-10:59pm,2,Not an Intersection,1
38.28614722,-121.4584889,Cloudy,Dark - Lighted,Dry,Interstate,70.0,3,August,3:00am-3:59am,1,Not an Intersection,1
37.57499167,-118.7205222,Cloudy,Daylight,Dry,Other Principal Arterial,65.0,18,September,5:00pm-5:59pm,1,Not an Intersection,1
37.33120278,-121.6881389,Clear,Daylight,Dry,Major Collector,40.0,22,September,1:00pm-1:59pm,1,Not an Intersection,1
37.32338611,-121.8933861,Clear,Dark - Not Lighted,Dry,Interstate,65.0,15,March,11:00pm-11:59pm,1,Not an Intersection,1
34.14265833,-117.2535528,Clear,Dark - Lighted,Dry,Other Freeways and Expressways,65.0,28,June,Unknown Hours,1,Not an Intersection,1
33.77815,-117.8719417,Clear,Daylight,Dry,Interstate,65.0,9,August,12:00pm-12:59pm,1,Not an Intersection,1
33.11948889,-117.2695389,Clear,Dark - Lighted,Dry,Local,30.0,10,September,0:00am-0:59am,4,Not an Intersection,1
38.269425,-122.0629083,Clear,Daylight,Dry,Minor Arterial,40.0,25,September,8:00am-8:59am,1,T-Intersection,1
36.74033889,-121.7652194,Cloudy,Dawn,Dry,Minor Collector,55.0,22,August,6:00am-6:59am,1,Not an Intersection,1
32.71338889,-117.1457417,Clear,Dark - Lighted,Dry,Other Freeways and Expressways,65.0,27,May,9:00pm-9:59pm,1,Not an Intersection,1
33.181025,-117.3333806,Clear,Dark - Not Lighted,Dry,Other Freeways and Expressways,65.0,25,June,1:00am-1:59am,1,Not an Intersection,1
38.53796667,-121.4489944,Clear,Dark - Lighted,Dry,Other Principal Arterial,25.0,20,June,10:00pm-10:59pm,2,T-Intersection,1
38.1037,-122.2348833,Clear,Daylight,Dry,Minor Arterial,35.0,19,July,5:00pm-5:59pm,2,Four-Way Intersection,1
38.49618889,-121.4448056,Clear,Daylight,Dry,Other Principal Arterial,40.0,9,July,7:00pm-7:59pm,1,Not an Intersection,1
34.06435833,-117.8283028,Clear,Daylight,Dry,Interstate,65.0,3,July,5:00am-5:59am,1,Not an Intersection,1
40.60268333,-122.3603444,Clear,Daylight,Dry,Interstate,65.0,28,August,4:00pm-4:59pm,1,Not an Intersection,1
40.55793333,-122.2937361,Clear,Dark - Not Lighted,Dry,Other Principal Arterial,65.0,29,August,0:00am-0:59am,1,Not an Intersection,1
33.982025,-118.3579889,Clear,Daylight,Dry,Local,15.0,2,August,11:00am-11:59am,1,Not an Intersection,1
33.84459167,-118.2681889,Clear,Dark - Lighted,Dry,Interstate,65.0,26,January,11:00pm-11:59pm,2,Not an Intersection,1
33.90631944,-117.8816639,Clear,Dark - Not Lighted,Dry,Other Freeways and Expressways,65.0,2,February,10:00pm-10:59pm,2,Not an Intersection,1
33.84666111,-118.2071889,Clear,Daylight,Dry,Other Principal Arterial,45.0,28,August,5:00pm-5:59pm,1,Not an Intersection,1
37.94751667,-121.296575,Clear,Dark - Lighted,Dry,Major Collector,30.0,23,May,8:00pm-8:59pm,1,T-Intersection,1
33.81060556,-117.9059944,Cloudy,Dark - Lighted,Dry,Minor Arterial,35.0,2,September,5:00am-5:59am,1,Not Reported,1
38.259775,-122.0198694,Clear,Dark - Lighted,Dry,Minor Arterial,30.0,3,October,6:00am-6:59am,1,Not an Intersection,1
38.44173889,-121.8637444,Clear,Daylight,Dry,Interstate,65.0,21,March,10:00am-10:59am,1,Not an Intersection,1
33.7989,-118.0846167,Clear,Dark - Not Lighted,Dry,Interstate,65.0,25,May,1:00am-1:59am,1,Not an Intersection,1
34.09204444,-117.4637028,Clear,Dark - Lighted,Dry,Minor Arterial,35.0,1,August,11:00pm-11:59pm,1,Not an Intersection,1
38.718225,-121.0068694,Clear,Dark - Not Lighted,Dry,Other Principal Arterial,45.0,11,August,0:00am-0:59am,1,Not an Intersection,1
37.60960278,-120.9777444,Clear,Dark - Not Lighted,Dry,Other Freeways and Expressways,65.0,29,August,11:00pm-11:59pm,1,Not an Intersection,1
38.08336667,-121.7110278,Clear,Daylight,Dry,Other Principal Arterial,55.0,1,September,5:00pm-5:59pm,3,Not an Intersection,1
33.00064444,-116.8350361,Cloudy,Daylight,Dry,Major Collector,50.0,8,February,4:00pm-4:59pm,2,Not an Intersection,2
40.32047222,-121.4598611,Clear,Daylight,Dry,Minor Arterial,55.0,10,August,2:00pm-2:59pm,1,Not an Intersection,1
40.76637222,-123.1096556,Clear,Daylight,Dry,Other Principal Arterial,55.0,10,October,11:00am-11:59am,1,Not an Intersection,1
39.16190278,-122.9079222,Rain,Dark - Not Lighted,Wet,Other Principal Arterial,55.0,14,February,8:00pm-8:59pm,1,Not an Intersection,1
38.25824444,-122.03025,Clear,Dark - Lighted,Dry,Other Principal Arterial,30.0,2,October,10:00pm-10:59pm,1,T-Intersection,1
40.43172222,-122.3203278,Clear,Dark - Not Lighted,Dry,Major Collector,55.0,15,August,9:00pm-9:59pm,1,Not an Intersection,1
33.60663056,-114.6954111,Clear,Daylight,Dry,Interstate,70.0,1,September,5:00pm-5:59pm,2,Not an Intersection,1
33.92736389,-118.27155,Clear,Dark - Not Lighted,Dry,Interstate,65.0,29,August,0:00am-0:59am,1,Not an Intersection,1
34.12959444,-117.2941444,Clear,Dark - Not Lighted,Dry,Minor Arterial,40.0,9,March,6:00pm-6:59pm,1,Not an Intersection,1
36.77929722,-119.8287194,Clear,Dark - Lighted,Dry,Minor Arterial,40.0,12,March,9:00pm-9:59pm,1,Not an Intersection,1
34.96116389,-120.4357361,Clear,Dark - Lighted,Dry,Other Principal Arterial,35.0,15,March,9:00pm-9:59pm,1,Not an Intersection,1
40.87416667,-124.1017556,Clear,Daylight,Dry,Local,25.0,6,June,7:00pm-7:59pm,2,Not an Intersection,1
40.84349444,-124.0634833,Clear,Dark - Lighted,Dry,Minor Arterial,25.0,7,June,2:00am-2:59am,1,Not an Intersection,1
39.79846111,-120.0358583,Clear,Daylight,Dry,Other Principal Arterial,65.0,1,September,10:00am-10:59am,2,Not an Intersection,2
33.45253056,-117.1351583,Clear,Dark - Not Lighted,Dry,Interstate,70.0,1,March,4:00am-4:59am,3,Not an Intersection,1
37.55304167,-122.2945278,Cloudy,Not Reported,Dry,Other Freeways and Expressways,55.0,29,July,Unknown Hours,1,Not an Intersection,1
38.63988333,-121.4837,Clear,Dark - Lighted,Dry,Interstate,65.0,30,July,2:00am-2:59am,1,Not an Intersection,1
33.72023889,-117.90865,Clear,Dark - Lighted,Dry,Minor Arterial,45.0,16,August,8:00pm-8:59pm,1,Four-Way Intersection,1
34.69021111,-117.8807,Clear,Dark - Lighted,Dry,Major Collector,55.0,16,August,9:00pm-9:59pm,2,Four-Way Intersection,1
39.29388056,-123.7744,Cloudy,Daylight,Dry,Major Collector,55.0,17,August,1:00pm-1:59pm,1,Not an Intersection,1
34.090825,-118.3222556,Clear,Daylight,Dry,Minor Arterial,35.0,29,April,3:00pm-3:59pm,3,Four-Way Intersection,1
37.70569167,-122.12935,Clear,Dark - Lighted,Dry,Other Principal Arterial,35.0,5,May,11:00pm-11:59pm,2,Four-Way Intersection,1
33.53344722,-117.6851028,Clear,Daylight,Dry,Other Principal Arterial,45.0,30,May,4:00pm-4:59pm,2,T-Intersection,1
37.70163889,-122.1408194,Clear,Daylight,Dry,Minor Arterial,45.0,6,June,10:00am-10:59am,1,Four-Way Intersection,3
33.70731667,-116.2553639,Clear,Dark - Not Lighted,Dry,Other Principal Arterial,50.0,22,July,11:00pm-11:59pm,4,Not an Intersection,1
34.10527778,-118.3270278,Clear,Dark - Lighted,Dry,Minor Arterial,35.0,3,July,2:00am-2:59am,2,Not an Intersection,1
34.3712,-117.6071028,Blowing Snow,Daylight,Snow,Minor Arterial,55.0,3,January,7:00am-7:59am,3,Not an Intersection,1
33.25430833,-117.2551417,Clear,Dark - Not Lighted,Dry,Other Principal Arterial,55.0,17,March,11:00pm-11:59pm,1,Not an Intersection,1
33.78854444,-117.9927917,Clear,Dark - Lighted,Dry,Other Principal Arterial,45.0,19,March,9:00pm-9:59pm,1,Four-Way Intersection,1
33.82668333,-116.5325806,Clear,Dark - Lighted,Dry,Local,40.0,20,March,9:00pm-9:59pm,2,Four-Way Intersection,1
33.74500833,-117.9527,Clear,Dark - Lighted,Dry,Other Principal Arterial,40.0,26,March,5:00am-5:59am,1,Not an Intersection,1
33.90725556,-116.5454639,Clear,Daylight,Dry,Major Collector,55.0,27,March,12:00pm-12:59pm,4,Four-Way Intersection,1
36.86046389,-119.7828944,Clear,Dark - Lighted,Dry,Other Principal Arterial,45.0,7,April,9:00pm-9:59pm,4,Four-Way Intersection,1
33.80864444,-116.4667972,Clear,Dark - Lighted,Dry,Major Collector,45.0,8,April,9:00pm-9:59pm,3,Four-Way Intersection,1
34.50054167,-117.1815,Clear,Daylight,Dry,Other Principal Arterial,50.0,20,April,6:00pm-6:59pm,2,Four-Way Intersection,1
32.729525,-117.1952167,Clear,Daylight,Dry,Other Principal Arterial,40.0,26,June,5:00pm-5:59pm,2,Four-Way Intersection,1
37.40858889,-122.0024778,Rain,Dark - Lighted,Wet,Other Freeways and Expressways,65.0,18,February,0:00am-0:59am,2,Not an Intersection,1
38.25581389,-122.5858944,Clear,Dark - Not Lighted,Dry,Major Collector,50.0,27,June,0:00am-0:59am,2,Not an Intersection,1
33.70693333,-117.112825,Clear,Dark - Not Lighted,Dry,Major Collector,40.0,12,July,8:00pm-8:59pm,1,Not an Intersection,1
39.34373056,-121.6877111,Clear,Dark - Lighted,Dry,Local,55.0,14,September,2:00am-2:59am,1,Not an Intersection,1
37.78935278,-122.3873889,Clear,Dark - Lighted,Wet,Interstate,50.0,14,January,3:00am-3:59am,3,Not an Intersection,1
35.31061667,-118.9854167,Clear,Dark - Not Lighted,Dry,Minor Arterial,45.0,14,March,7:00pm-7:59pm,1,Not an Intersection,1
36.91821944,-121.7891833,Clear,Dark - Not Lighted,Dry,Other Freeways and Expressways,65.0,22,March,1:00am-1:59am,1,Not an Intersection,1
33.63177778,-117.2768417,Clear,Daylight,Dry,Interstate,70.0,25,July,4:00pm-4:59pm,2,Not an Intersection,1
38.90283889,-120.9335667,Clear,Daylight,Non-Trafficway or Driveway Access,Minor Arterial,49.0,25,July,1:00pm-1:59pm,2,Not an Intersection,1
37.27801944,-121.8061,Clear,Dark - Not Lighted,Dry,Other Freeways and Expressways,65.0,10,August,11:00pm-11:59pm,2,Not an Intersection,1
37.40051667,-122.0353917,Clear,Dark - Not Lighted,Dry,Other Freeways and Expressways,65.0,12,August,10:00pm-10:59pm,2,Not an Intersection,1
36.86579167,-120.7848528,Clear,Dark - Not Lighted,Dry,Interstate,70.0,20,August,10:00pm-10:59pm,2,Not an Intersection,1
34.14939722,-117.2441889,Clear,Dark - Not Lighted,Dry,Major Collector,49.0,19,April,3:00am-3:59am,1,Not an Intersection,1
36.31861111,-119.6485667,Clear,Dark - Lighted,Dry,Local,25.0,23,April,10:00pm-10:59pm,1,T-Intersection,1
34.1461,-118.8058167,Clear,Dark - Lighted,Dry,Minor Arterial,45.0,1,August,5:00am-5:59am,1,Four-Way Intersection,1
33.85886667,-117.994575,Cloudy,Daylight,Dry,Other Principal Arterial,40.0,25,April,1:00pm-1:59pm,4,Not an Intersection,1
32.57359722,-117.0435333,Reported as Unknown,Daylight,Dry,Major Collector,45.0,2,August,6:00pm-6:59pm,1,Four-Way Intersection,1
34.49916111,-117.6624972,Clear,Dark - Not Lighted,Dry,Other Principal Arterial,55.0,8,March,11:00pm-11:59pm,2,Not an Intersection,1
34.27893611,-118.9196194,Clear,Dark - Not Lighted,Dry,Minor Arterial,45.0,23,June,10:00pm-10:59pm,1,Not an Intersection,1
34.13277222,-118.3520083,Clear,Dark - Lighted,Dry,Other Freeways and Expressways,55.0,14,July,4:00am-4:59am,1,Not an Intersection,1
38.20938056,-121.5281917,Clear,Dark - Not Lighted,Dry,Minor Arterial,55.0,4,September,8:00pm-8:59pm,1,Not an Intersection,1
34.57995556,-117.857275,Clear,Daylight,Dry,Major Collector,55.0,19,August,11:00am-11:59am,3,Not an Intersection,2
35.49241944,-118.7089222,Clear,Dark - Not Lighted,Dry,Minor Arterial,55.0,7,September,3:00am-3:59am,1,Not an Intersection,1
32.60266389,-117.089925,Clear,Dark - Not Lighted,Dry,Interstate,65.0,25,February,1:00am-1:59am,1,Not an Intersection,1
37.97058056,-121.2697583,Clear,Dark - Lighted,Dry,Major Collector,35.0,15,May,2:00am-2:59am,1,Not an Intersection,1
37.26199444,-121.8004111,Clear,Daylight,Dry,Other Freeways and Expressways,65.0,24,May,11:00am-11:59am,3,Not an Intersection,1
38.21486111,-122.6662444,Clear,Daylight,Dry,Minor Collector,50.0,28,June,5:00pm-5:59pm,1,Not an Intersection,1
33.78031667,-116.9510611,Clear,Daylight,Dry,Major Collector,35.0,18,July,7:00am-7:59am,2,Four-Way Intersection,1
34.07755278,-118.1419333,Clear,Daylight,Dry,Other Principal Arterial,35.0,16,August,2:00pm-2:59pm,1,Four-Way Intersection,1
36.54315833,-118.0475194,Clear,Daylight,Dry,Other Principal Arterial,55.0,30,August,7:00pm-7:59pm,1,Not an Intersection,1
37.34646111,-121.8589389,Clear,Dark - Not Lighted,Dry,Other Freeways and Expressways,65.0,1,September,3:00am-3:59am,1,Not an Intersection,1
35.13259722,-120.6144472,Clear,Daylight,Dry,Other Freeways and Expressways,65.0,8,September,3:00pm-3:59pm,1,Not an Intersection,1
37.78385,-122.182675,Clear,Daylight,Dry,Interstate,65.0,10,September,12:00pm-12:59pm,1,Not an Intersection,1
34.72381111,-115.6390944,Clear,Dark - Not Lighted,Dry,Interstate,70.0,18,September,7:00pm-7:59pm,1,Not an Intersection,1
38.67275,-121.3288056,Clear,Dark - Lighted,Dry,Other Principal Arterial,40.0,25,September,7:00pm-7:59pm,1,Not an Intersection,1
33.77080833,-117.8848639,Clear,Dark - Lighted,Dry,Other Principal Arterial,40.0,20,October,0:00am-0:59am,1,Not an Intersection,1
37.97077778,-122.306125,Clear,Daylight,Dry,Minor Arterial,35.0,15,August,1:00pm-1:59pm,4,Not an Intersection,1
34.00467778,-116.5763417,Clear,Dark - Lighted,Dry,Minor Arterial,65.0,16,May,2:00am-2:59am,2,L-Intersection,1
38.75650833,-120.5965583,Clear,Daylight,Dry,Major Collector,45.0,22,June,8:00am-8:59am,1,Not an Intersection,1
33.78261389,-118.1677167,Clear,Dark - Lighted,Dry,Minor Arterial,25.0,31,July,11:00pm-11:59pm,1,Four-Way Intersection,1
38.74380833,-121.3129167,Cloudy,Dark - Lighted,Dry,Major Collector,40.0,26,February,9:00pm-9:59pm,1,T-Intersection,1
34.14942222,-117.2436889,Clear,Daylight,Dry,Major Collector,55.0,12,April,5:00pm-5:59pm,2,Four-Way Intersection,1
37.98391111,-121.2837444,Clear,Daylight,Dry,Minor Arterial,35.0,17,April,7:00am-7:59am,3,Four-Way Intersection,1
33.76558333,-118.1033389,Clear,Dark - Not Lighted,Dry,Other Principal Arterial,40.0,1,August,1:00am-1:59am,1,Not an Intersection,1
36.35626667,-119.2938639,Clear,Daylight,Dry,Major Collector,35.0,22,July,7:00pm-7:59pm,2,Four-Way Intersection,1
34.09784444,-118.3440472,Clear,Daylight,Dry,Other Principal Arterial,30.0,29,July,11:00am-11:59am,1,Four-Way Intersection,1
32.69585833,-117.1337917,Clear,Dark - Lighted,Dry,Minor Arterial,25.0,1,August,3:00am-3:59am,1,Four-Way Intersection,1
40.59623889,-123.0667611,Clear,Daylight,Dry,Local,49.0,21,September,12:00pm-12:59pm,1,Not an Intersection,2
33.57013056,-117.7057694,Clear,Daylight,Dry,Local,50.0,2,August,12:00pm-12:59pm,1,T-Intersection,1
34.25458333,-118.3926778,Clear,Daylight,Dry,Minor Arterial,45.0,3,August,3:00pm-3:59pm,2,Not an Intersection,1
37.96103333,-121.243175,Clear,Daylight,Dry,Other Freeways and Expressways,65.0,22,February,10:00am-10:59am,2,Not an Intersection,1
35.41532778,-119.0391444,Clear,Dark - Lighted,Dry,Other Principal Arterial,45.0,25,June,2:00am-2:59am,1,Not an Intersection,1
37.00897222,-119.528725,Clear,Daylight,Dry,Minor Arterial,55.0,2,September,3:00pm-3:59pm,1,Not an Intersection,1
33.82563889,-117.0389833,Clear,Daylight,Dry,Minor Arterial,55.0,2,September,4:00pm-4:59pm,1,Not an Intersection,1
35.15070278,-118.8781028,Clear,Dawn,Dry,Local,55.0,2,August,5:00am-5:59am,2,Four-Way Intersection,1
38.687,-121.3427778,Clear,Daylight,Dry,Other Principal Arterial,45.0,23,August,2:00pm-2:59pm,3,Not an Intersection,1
36.319725,-119.4214,Clear,Daylight,Dry,Major Collector,55.0,11,August,9:00am-9:59am,1,Not an Intersection,1
39.862675,-122.1999417,Clear,Dark - Not Lighted,Dry,Interstate,70.0,7,October,0:00am-0:59am,1,Not an Intersection,1
32.70648611,-117.0813806,Clear,Dark - Lighted,Dry,Minor Arterial,35.0,10,August,0:00am-0:59am,3,Not an Intersection,1
34.195975,-118.3704083,Clear,Dark - Lighted,Dry,Other Principal Arterial,35.0,10,August,10:00pm-10:59pm,2,Not an Intersection,1
33.69996111,-116.2468306,Clear,Daylight,Dry,Minor Arterial,50.0,14,August,8:00am-8:59am,2,Four-Way Intersection,1
34.51886944,-117.31585,Clear,Dark - Lighted,Dry,Minor Arterial,35.0,15,August,0:00am-0:59am,1,Four-Way Intersection,3
34.18669722,-118.3832722,Clear,Daylight,Dry,Other Principal Arterial,35.0,16,August,7:00pm-7:59pm,1,Four-Way Intersection,1
34.08744444,-118.0563083,Clear,Daylight,Dry,Minor Arterial,35.0,17,August,1:00pm-1:59pm,2,Not an Intersection,2
38.45099167,-122.8490361,Clear,Dawn,Dry,Major Collector,55.0,13,May,5:00am-5:59am,2,Not an Intersection,1
38.50388056,-122.9110889,Clear,Dark - Not Lighted,Dry,Major Collector,45.0,25,June,10:00pm-10:59pm,2,Not an Intersection,2
37.61089722,-121.8791028,Clear,Dark - Not Lighted,Dry,Minor Arterial,45.0,26,August,10:00pm-10:59pm,1,Not an Intersection,1
39.38186389,-121.6879722,Clear,Dawn,Dry,Other Principal Arterial,25.0,11,September,6:00am-6:59am,2,T-Intersection,1
38.57883056,-121.5608694,Clear,Dark - Lighted,Dry,Interstate,65.0,29,September,2:00am-2:59am,1,Not an Intersection,1
34.05535833,-117.9079972,Clear,Dark - Lighted,Dry,Other Principal Arterial,45.0,30,September,7:00pm-7:59pm,2,Not an Intersection,2
34.14396667,-118.2703278,Clear,Dark - Lighted,Dry,Other Principal Arterial,35.0,30,September,10:00pm-10:59pm,2,Not an Intersection,1
38.086575,-121.2749083,Clear,Daylight,Dry,Minor Collector,55.0,19,May,6:00pm-6:59pm,1,Not an Intersection,1
40.78049722,-124.1768333,Clear,Daylight,Dry,Other Principal Arterial,30.0,27,September,7:00am-7:59am,2,T-Intersection,1
38.65986111,-121.3274056,Clear,Daylight,Dry,Other Principal Arterial,40.0,25,September,3:00pm-3:59pm,2,Not an Intersection,1
34.24493333,-118.2732778,Clear,Daylight,Dry,Other Principal Arterial,25.0,3,August,5:00pm-5:59pm,2,Four-Way Intersection,1
34.02811389,-117.9389722,Clear,Dark - Lighted,Dry,Minor Arterial,40.0,3,August,8:00pm-8:59pm,2,T-Intersection,1
32.74629444,-117.2104361,Cloudy,Dark - Lighted,Dry,Other Principal Arterial,45.0,3,August,8:00pm-8:59pm,1,Not an Intersection,1
37.18381667,-121.7056306,Clear,Dark - Lighted,Dry,Other Principal Arterial,45.0,3,August,10:00pm-10:59pm,2,Four-Way Intersection,1
37.79736389,-121.2453278,Clear,Dark - Lighted,Dry,Other Principal Arterial,45.0,4,August,10:00pm-10:59pm,1,Not an Intersection,1
37.261825,-121.9225111,Clear,Daylight,Dry,Other Principal Arterial,49.0,6,August,4:00pm-4:59pm,1,Four-Way Intersection,1
33.78285833,-118.2186861,Clear,Daylight,Dry,Other Principal Arterial,35.0,7,August,4:00pm-4:59pm,2,T-Intersection,1
34.24270556,-118.5536528,Clear,Dark - Lighted,Dry,Minor Arterial,40.0,9,August,10:00pm-10:59pm,2,Four-Way Intersection,1
33.99048056,-118.4478333,Clear,Dark - Lighted,Dry,Other Principal Arterial,40.0,18,August,0:00am-0:59am,1,Four-Way Intersection,1
33.960025,-118.29155,Clear,Daylight,Dry,Other Principal Arterial,35.0,18,August,5:00am-5:59am,2,Four-Way Intersection,2
34.90411111,-116.87735,Clear,Dark - Not Lighted,Dry,Interstate,70.0,1,August,0:00am-0:59am,1,Not an Intersection,1
37.27504444,-122.1479778,Clear,Daylight,Dry,Major Collector,55.0,2,September,12:00pm-12:59pm,1,Not an Intersection,1
36.97985278,-120.8972361,Clear,Daylight,Dry,Interstate,70.0,4,September,1:00pm-1:59pm,2,Not an Intersection,1
36.83005,-119.8323028,Clear,Dark - Not Lighted,Dry,Major Collector,35.0,6,September,1:00am-1:59am,1,Not an Intersection,1
34.65520833,-120.4256889,Clear,Daylight,Dry,Minor Arterial,55.0,11,February,3:00pm-3:59pm,2,Not an Intersection,1
34.03533056,-117.6699556,Clear,Dark - Lighted,Dry,Other Principal Arterial,50.0,26,June,11:00pm-11:59pm,1,Not an Intersection,1
33.81359167,-117.7194972,Clear,Dark - Not Lighted,Dry,Other Freeways and Expressways,65.0,27,August,Unknown Hours,1,Not an Intersection,1
40.80200278,-121.9082972,Clear,Dark - Not Lighted,Dry,Local,25.0,21,September,8:00pm-8:59pm,1,Not an Intersection,1
36.28383889,-119.6369806,Clear,Dark - Not Lighted,Dry,Minor Arterial,55.0,10,August,9:00pm-9:59pm,1,Not an Intersection,1
40.50328611,-121.9989833,Clear,Daylight,Dry,Other Principal Arterial,55.0,10,August,7:00pm-7:59pm,2,Not an Intersection,1
35.63973056,-118.4055306,Clear,Daylight,Dry,Minor Arterial,40.0,27,September,5:00pm-5:59pm,2,T-Intersection,1
40.993675,-121.4922111,Clear,Daylight,Dry,Minor Arterial,55.0,14,October,5:00pm-5:59pm,1,Not an Intersection,1
32.77955556,-117.1074139,Clear,Daylight,Dry,Minor Arterial,45.0,24,August,4:00pm-4:59pm,2,Not an Intersection,1
32.74021111,-117.0965917,Clear,Dusk,Dry,Local,25.0,18,August,7:00pm-7:59pm,2,Four-Way Intersection,1
37.27690556,-121.8421056,Clear,Dark - Lighted,Dry,Minor Arterial,45.0,19,August,5:00am-5:59am,1,Four-Way Intersection,1
34.67503333,-118.1656333,Clear,Dark - Lighted,Dry,Other Principal Arterial,45.0,21,August,2:00am-2:59am,2,Four-Way Intersection,2
38.43835278,-121.4176528,Clear,Daylight,Dry,Minor Arterial,40.0,21,August,10:00am-10:59am,3,Not an Intersection,1
33.97444167,-118.32825,Clear,Daylight,Dry,Other Principal Arterial,49.0,22,August,9:00am-9:59am,1,Not an Intersection,1
32.799825,-117.2128833,Clear,Dark - Lighted,Dry,Other Principal Arterial,45.0,24,August,8:00pm-8:59pm,1,Not an Intersection,1
38.57527222,-121.4745667,Clear,Daylight,Dry,Other Principal Arterial,25.0,25,August,11:00am-11:59am,2,Four-Way Intersection,1
34.38291667,-117.4114917,Clear,Dark - Lighted,Dry,Major Collector,50.0,26,August,4:00am-4:59am,2,Four-Way Intersection,2
37.76921389,-122.4056222,Clear,Daylight,Dry,Other Freeways and Expressways,50.0,11,April,2:00pm-2:59pm,2,Not an Intersection,1
37.69970833,-122.471675,Clear,Dark - Not Lighted,Dry,Interstate,65.0,8,January,2:00am-2:59am,2,Not an Intersection,2
40.12599722,-123.8220333,Clear,Dark - Not Lighted,Dry,Major Collector,50.0,29,June,10:00pm-10:59pm,1,Not an Intersection,1
35.19195278,-120.6039944,Clear,Daylight,Dry,Minor Arterial,55.0,19,August,11:00am-11:59am,1,Not an Intersection,1
38.89755833,-121.0778028,Clear,Dark - Lighted,Dry,Interstate,65.0,21,August,11:00pm-11:59pm,1,Not an Intersection,1
33.87340833,-117.697775,Cloudy,Dark - Not Lighted,Dry,Other Freeways and Expressways,65.0,1,April,0:00am-0:59am,2,Not an Intersection,1
37.38047778,-121.9880139,Clear,Daylight,Dry,Major Collector,35.0,13,August,5:00pm-5:59pm,2,Not an Intersection,1
36.74988611,-119.2331222,Clear,Dark - Not Lighted,Dry,Minor Collector,55.0,31,August,7:00pm-7:59pm,1,Not an Intersection,1
37.33581111,-121.8480306,Clear,Dark - Not Lighted,Dry,Other Freeways and Expressways,55.0,12,September,4:00am-4:59am,1,Not an Intersection,1
38.26527222,-122.013275,Clear,Dusk,Dry,Minor Arterial,25.0,24,September,7:00pm-7:59pm,1,T-Intersection,1
38.97879444,-121.3822472,Clear,Daylight,Dry,Major Collector,55.0,16,September,8:00am-8:59am,1,Four-Way Intersection,1
38.42636944,-122.748375,Clear,Daylight,Dry,Minor Arterial,25.0,16,August,1:00pm-1:59pm,3,Four-Way Intersection,1
35.14877222,-120.6490167,Clear,Dark - Lighted,Dry,Other Freeways and Expressways,65.0,2,May,11:00pm-11:59pm,1,Not an Intersection,1
34.17450833,-117.6737472,Clear,Dark - Not Lighted,Dry,Local,45.0,24,July,8:00pm-8:59pm,1,Not an Intersection,1
37.61316111,-121.8753972,Clear,Daylight,Dry,Interstate,65.0,31,August,9:00am-9:59am,1,Not an Intersection,1
38.68109722,-121.3829806,Clear,Daylight,Dry,Other Principal Arterial,35.0,16,September,11:00am-11:59am,1,Not an Intersection,1
35.33300833,-119.3715556,Clear,Daylight,Dry,Minor Collector,55.0,24,September,12:00pm-12:59pm,1,Not an Intersection,1
38.57489167,-121.5480694,Clear,Dark - Lighted,Dry,Interstate,65.0,29,September,2:00am-2:59am,2,Not an Intersection,1
33.81622778,-117.3955361,Clear,Dark - Not Lighted,Dry,Local,25.0,3,October,10:00pm-10:59pm,1,Not an Intersection,1
39.75551389,-121.7383639,Not Reported,Daylight,Not Reported,Minor Arterial,65.0,14,October,10:00am-10:59am,1,Not an Intersection,1
39.39386389,-121.704525,Clear,Daylight,Dry,Local,35.0,22,October,12:00pm-12:59pm,1,Not an Intersection,1
33.74301944,-117.1534361,Clear,Dark - Lighted,Dry,Other Principal Arterial,50.0,9,October,9:00pm-9:59pm,2,Not Reported,1
33.89896944,-117.4838806,Clear,Dark - Lighted,Dry,Other Principal Arterial,45.0,25,September,7:00pm-7:59pm,1,Not an Intersection,1
34.20120556,-118.4389361,Clear,Dark - Lighted,Dry,Other Principal Arterial,35.0,8,September,11:00pm-11:59pm,2,Not an Intersection,1
38.90405278,-121.0645889,Clear,Dusk,Dry,Other Principal Arterial,35.0,2,September,7:00pm-7:59pm,1,Not an Intersection,1
34.47090278,-117.2569028,Clear,Dark - Lighted,Dry,Other Principal Arterial,50.0,31,August,1:00am-1:59am,1,Not an Intersection,1
37.36474167,-121.8967444,Clear,Daylight,Dry,Major Collector,49.0,29,August,12:00pm-12:59pm,3,Not an Intersection,1
34.03787778,-117.5504611,Clear,Dark - Lighted,Dry,Interstate,65.0,9,March,2:00am-2:59am,2,Not an Intersection,1
35.74130833,-119.33835,Clear,Dark - Not Lighted,Dry,Minor Arterial,55.0,12,May,3:00am-3:59am,2,Not an Intersection,2
34.04955278,-118.2637472,Clear,Dark - Lighted,Dry,Other Freeways and Expressways,55.0,5,July,1:00am-1:59am,1,Not an Intersection,1
36.48373611,-120.2482306,Clear,Daylight,Dry,Local,55.0,22,July,8:00am-8:59am,1,T-Intersection,1
35.32923056,-119.0122417,Clear,Dark - Lighted,Dry,Other Principal Arterial,45.0,18,August,11:00pm-11:59pm,1,Not Reported,1
34.69651667,-118.1702417,Clear,Dark - Not Lighted,Dry,Other Freeways and Expressways,55.0,3,August,10:00pm-10:59pm,1,Not an Intersection,1
34.64571389,-118.1830139,Clear,Daylight,Dry,Other Principal Arterial,60.0,4,May,9:00am-9:59am,2,Four-Way Intersection,2
34.63462222,-118.2530889,Clear,Daylight,Dry,Major Collector,55.0,29,June,9:00am-9:59am,2,T-Intersection,1
34.04657222,-117.2869861,Clear,Daylight,Dry,Other Principal Arterial,45.0,29,June,7:00pm-7:59pm,1,Not an Intersection,1
36.84780556,-121.3903806,Clear,Dusk,Dry,Other Principal Arterial,45.0,10,July,9:00pm-9:59pm,2,Four-Way Intersection,1
37.733675,-122.4340917,Clear,Daylight,Dry,Major Collector,25.0,15,August,2:00pm-2:59pm,1,Four-Way Intersection,1
34.17274722,-118.5600111,Clear,Dark - Not Lighted,Dry,Other Principal Arterial,35.0,15,August,11:00pm-11:59pm,1,T-Intersection,1
33.87030556,-118.3946,Clear,Dawn,Dry,Other Principal Arterial,35.0,12,September,6:00am-6:59am,2,Four-Way Intersection,1
33.970125,-117.0378083,Clear,Dark - Not Lighted,Dry,Interstate,70.0,15,July,0:00am-0:59am,1,Not an Intersection,1
37.69935833,-122.4712444,Clear,Dark - Lighted,Dry,Interstate,65.0,14,March,4:00am-4:59am,1,Not an Intersection,1
37.61041111,-120.9386556,Clear,Daylight,Dry,Other Principal Arterial,40.0,15,May,1:00pm-1:59pm,1,Not an Intersection,1
34.25088889,-118.4293333,Clear,Dawn,Dry,Interstate,65.0,30,May,5:00am-5:59am,2,Not an Intersection,1
37.60939722,-120.9264694,Clear,Daylight,Dry,Major Collector,55.0,4,July,8:00pm-8:59pm,1,Four-Way Intersection,1
33.075175,-115.6145694,Clear,Dark - Not Lighted,Dry,Minor Collector,55.0,3,September,8:00pm-8:59pm,1,Y-Intersection,1
34.10673611,-117.8530083,Clear,Dark - Lighted,Dry,Other Principal Arterial,45.0,2,October,7:00pm-7:59pm,1,Not an Intersection,1
32.96823889,-115.4063306,Clear,Daylight,Dry,Major Collector,55.0,4,October,1:00pm-1:59pm,1,Not an Intersection,2
39.63062222,-121.8428028,Clear,Daylight,Dry,Local,45.0,12,October,5:00pm-5:59pm,1,Not an Intersection,1
36.60468611,-119.5079639,Cloudy,Dark - Not Lighted,Dry,Major Collector,65.0,31,January,4:00am-4:59am,3,Not an Intersection,1
37.00663611,-122.03405,Clear,Dark - Not Lighted,Dry,Other Principal Arterial,35.0,26,May,2:00am-2:59am,1,Not an Intersection,1
33.65644444,-116.1818694,Clear,Dark - Lighted,Dry,Minor Arterial,55.0,16,June,8:00pm-8:59pm,1,Four-Way Intersection,1
36.56184722,-119.7862667,Clear,Daylight,Dry,Other Principal Arterial,55.0,19,April,7:00pm-7:59pm,2,Four-Way Intersection,3
37.50745,-121.9358806,Clear,Daylight,Dry,Interstate,55.0,18,July,7:00am-7:59am,5,Not an Intersection,1
39.20673333,-121.5958083,Clear,Dark - Not Lighted,Non-Trafficway or Driveway Access,Other Principal Arterial,49.0,23,September,11:00pm-11:59pm,2,Not an Intersection,2
40.79598889,-123.46075,Clear,Dark - Not Lighted,Dry,Other Principal Arterial,55.0,2,October,7:00pm-7:59pm,1,Not an Intersection,1
36.21123611,-119.6465278,Clear,Daylight,Dry,Minor Arterial,55.0,14,August,4:00pm-4:59pm,2,T-Intersection,1
36.32789722,-119.806,Clear,Daylight,Dry,Major Collector,55.0,30,August,1:00pm-1:59pm,1,Not an Intersection,1
38.49775556,-121.4601306,Clear,Dark - Not Lighted,Dry,Other Principal Arterial,40.0,7,October,7:00pm-7:59pm,1,Not an Intersection,1
33.21223333,-117.3749333,Clear,Dark - Not Lighted,Dry,Other Freeways and Expressways,55.0,22,August,11:00pm-11:59pm,1,Not an Intersection,1
33.98509722,-118.3308139,Clear,Dark - Lighted,Dry,Other Principal Arterial,35.0,31,August,2:00am-2:59am,2,Not an Intersection,1
33.098875,-117.0184278,Clear,Daylight,Dry,Minor Arterial,55.0,1,September,6:00pm-6:59pm,2,Not an Intersection,1
33.72083889,-116.2165556,Clear,Daylight,Dry,Other Principal Arterial,45.0,1,September,5:00pm-5:59pm,3,Not an Intersection,1
34.02664444,-118.2358667,Clear,Dark - Lighted,Dry,Local,35.0,4,September,9:00pm-9:59pm,1,T-Intersection,1
33.86695833,-118.2630139,Clear,Dark - Lighted,Dry,Minor Arterial,40.0,8,September,11:00pm-11:59pm,1,Not an Intersection,1
36.19805,-119.3311639,Clear,Dark - Lighted,Dry,Minor Arterial,45.0,9,September,7:00pm-7:59pm,1,Not an Intersection,1
34.23250278,-118.5885056,Clear,Dark - Lighted,Dry,Minor Arterial,35.0,9,September,8:00pm-8:59pm,1,Not an Intersection,1
34.58678889,-118.1193417,Clear,Dark - Lighted,Dry,Local,45.0,14,September,7:00pm-7:59pm,1,Not an Intersection,1
39.709875,-121.7222889,Clear,Dark - Not Lighted,Dry,Minor Arterial,55.0,16,October,6:00pm-6:59pm,1,Not an Intersection,1
34.35074444,-119.4255833,Clear,Daylight,Dry,Other Freeways and Expressways,55.0,25,February,1:00pm-1:59pm,2,Not an Intersection,1
33.79320833,-117.8310306,Cloudy,Dark - Lighted,Dry,Other Freeways and Expressways,65.0,23,April,5:00am-5:59am,5,Not an Intersection,1
33.92369722,-118.2813028,Cloudy,Dusk,Dry,Interstate,65.0,29,March,7:00pm-7:59pm,1,Not an Intersection,1
33.78057222,-118.2072111,Clear,Dark - Lighted,Dry,Other Freeways and Expressways,65.0,6,July,2:00am-2:59am,1,Not an Intersection,1
37.04268333,-122.0503,Cloudy,Dark - Not Lighted,Dry,Minor Arterial,35.0,23,June,9:00pm-9:59pm,1,Not an Intersection,1
33.8281,-118.2872167,Clear,Dark - Lighted,Dry,Interstate,65.0,24,July,9:00pm-9:59pm,1,Not an Intersection,1
36.60446389,-119.5024194,Clear,Daylight,Dry,Major Collector,55.0,30,July,5:00pm-5:59pm,2,Four-Way Intersection,1
35.42828889,-120.5391111,Clear,Dark - Not Lighted,Dry,Minor Arterial,55.0,12,September,0:00am-0:59am,1,Not an Intersection,1
33.67015556,-117.6026361,Clear,Dark - Not Lighted,Dry,Major Collector,35.0,12,January,7:00pm-7:59pm,1,Not an Intersection,1
37.62614722,-122.4017722,Clear,Dark - Lighted,Dry,Other Freeways and Expressways,65.0,8,April,10:00pm-10:59pm,1,Not an Intersection,1
36.32889167,-119.4078389,Cloudy,Dark - Lighted,Dry,Other Freeways and Expressways,70.0,10,February,0:00am-0:59am,2,Not an Intersection,1
38.41568056,-122.3365333,Clear,Daylight,Dry,Major Collector,50.0,8,June,4:00pm-4:59pm,2,Not an Intersection,1
36.96358056,-122.1034056,Clear,Daylight,Dry,Minor Arterial,55.0,23,June,12:00pm-12:59pm,1,Not an Intersection,1
32.96473056,-117.0955528,Cloudy,Daylight,Dry,Other Freeways and Expressways,55.0,17,July,9:00am-9:59am,1,Not an Intersection,1
38.02482222,-122.6644028,Cloudy,Daylight,Dry,Major Collector,45.0,20,August,8:00am-8:59am,2,Not an Intersection,1
34.58361389,-118.3523389,Clear,Dark - Not Lighted,Dry,Major Collector,55.0,31,August,2:00am-2:59am,1,Not an Intersection,1
34.55660833,-118.6749167,Clear,Daylight,Dry,Interstate,65.0,5,August,4:00pm-4:59pm,1,Not an Intersection,3
35.55753889,-121.0927389,Clear,Dark - Not Lighted,Dry,Minor Arterial,55.0,14,September,9:00pm-9:59pm,1,Not an Intersection,1
38.50169167,-122.6939639,Clear,Daylight,Dry,Local,40.0,16,August,4:00pm-4:59pm,1,Not an Intersection,1
33.46630833,-117.670425,Clear,Dark - Lighted,Dry,Interstate,65.0,4,January,3:00am-3:59am,1,Not an Intersection,1
32.78507222,-116.8823667,Clear,Daylight,Dry,Major Collector,45.0,13,February,11:00am-11:59am,2,Not an Intersection,1
35.23778333,-118.9734083,Clear,Dark - Not Lighted,Dry,Major Collector,55.0,20,July,1:00am-1:59am,2,Not an Intersection,2
34.22250278,-118.3703722,Clear,Dark - Not Lighted,Dry,Interstate,65.0,1,September,10:00pm-10:59pm,1,Not an Intersection,1
34.15054722,-117.4865222,Clear,Daylight,Dry,Major Collector,45.0,4,September,1:00pm-1:59pm,2,Four-Way Intersection,1
33.87992778,-118.1924528,Clear,Daylight,Dry,Interstate,55.0,26,August,5:00pm-5:59pm,3,Not an Intersection,1
32.71335556,-117.1461667,Clear,Dark - Lighted,Dry,Interstate,65.0,22,August,8:00pm-8:59pm,1,Not an Intersection,1
37.64127778,-121.2287778,Clear,Daylight,Dry,Other Principal Arterial,55.0,21,September,12:00pm-12:59pm,5,Not an Intersection,2
34.51181389,-118.3431528,Clear,Daylight,Dry,Major Collector,55.0,21,September,11:00am-11:59am,1,Not an Intersection,1
38.34791667,-121.5353528,Clear,Dark - Not Lighted,Dry,Major Collector,55.0,8,October,3:00am-3:59am,1,Not an Intersection,1
34.45598056,-117.2948556,Clear,Dark - Lighted,Dry,Minor Arterial,50.0,11,October,4:00am-4:59am,2,Four-Way Intersection,1
38.55071944,-121.4297972,Clear,Dark - Not Lighted,Dry,Other Freeways and Expressways,55.0,10,August,10:00pm-10:59pm,1,Not an Intersection,1
36.57617222,-119.6156528,Clear,Dark - Not Lighted,Dry,Minor Arterial,35.0,20,September,8:00pm-8:59pm,1,Not an Intersection,1
34.03271389,-118.4524083,Cloudy,Dark - Lighted,Dry,Other Principal Arterial,35.0,20,September,8:00pm-8:59pm,1,Not an Intersection,1
33.969975,-118.2783222,Clear,Daylight,Dry,Local,25.0,27,September,11:00am-11:59am,1,Four-Way Intersection,1
34.248425,-116.8923583,Clear,Daylight,Dry,Local,25.0,7,September,3:00pm-3:59pm,1,Not an Intersection,1
33.90195833,-118.2795528,Clear,Dark - Lighted,Dry,Other Principal Arterial,40.0,21,May,4:00am-4:59am,1,Not an Intersection,1
37.98802778,-120.9999556,Clear,Daylight,Dry,Major Collector,55.0,22,July,8:00am-8:59am,2,Four-Way Intersection,1
37.63613333,-122.1013139,Clear,Dark - Lighted,Dry,Interstate,55.0,28,July,11:00pm-11:59pm,1,Not an Intersection,1
33.99144167,-117.5512333,Clear,Dark - Lighted,Dry,Local,35.0,31,July,9:00pm-9:59pm,1,Not an Intersection,1
33.03708611,-115.6393806,Clear,Dark - Not Lighted,Dry,Other Principal Arterial,65.0,23,September,5:00pm-5:59pm,2,Not an Intersection,1
34.05551944,-117.7317444,Clear,Dark - Lighted,Dry,Other Principal Arterial,35.0,3,October,5:00am-5:59am,1,Not an Intersection,1
37.60428056,-121.1308056,Clear,Dark - Not Lighted,Dry,Minor Collector,55.0,5,October,8:00pm-8:59pm,1,Not an Intersection,1
37.217175,-120.8520167,Cloudy,Dawn,Dry,Minor Arterial,55.0,11,October,7:00am-7:59am,2,Not an Intersection,1
37.64195556,-120.6010444,Cloudy,Daylight,Dry,Minor Arterial,55.0,16,October,3:00pm-3:59pm,2,Not an Intersection,1
36.33943611,-121.2547361,Clear,Dark - Not Lighted,Dry,Other Freeways and Expressways,65.0,16,October,8:00pm-8:59pm,1,Not an Intersection,1
37.28198889,-121.0394361,Clear,Dark - Not Lighted,Dry,Local,55.0,25,October,5:00am-5:59am,1,Not an Intersection,1
34.11408333,-117.3703528,Clear,Dark - Lighted,Dry,Other Principal Arterial,40.0,27,October,6:00pm-6:59pm,2,Four-Way Intersection,1
33.62559722,-117.9478083,Clear,Daylight,Dry,Other Principal Arterial,50.0,4,November,5:00pm-5:59pm,2,Not an Intersection,1
38.55931111,-121.2072472,Clear,Dark - Lighted,Dry,Minor Arterial,50.0,8,November,9:00pm-9:59pm,2,Not an Intersection,1
33.64362778,-117.28485,Clear,Daylight,Dry,Interstate,70.0,30,June,1:00pm-1:59pm,1,Not an Intersection,1
33.53111667,-116.7680111,Clear,Dark - Not Lighted,Dry,Minor Arterial,55.0,18,July,9:00pm-9:59pm,2,Not an Intersection,1
39.1237,-122.2876444,Clear,Daylight,Dry,Other Principal Arterial,55.0,27,July,1:00pm-1:59pm,2,Not an Intersection,1
33.82654722,-118.2074306,Clear,Dark - Lighted,Dry,Interstate,55.0,10,August,4:00am-4:59am,1,Not an Intersection,1
34.243975,-118.8357778,Cloudy,Daylight,Dry,Other Principal Arterial,55.0,26,August,4:00pm-4:59pm,2,Not an Intersection,1
33.82635278,-117.9129472,Cloudy,Dark - Lighted,Dry,Major Collector,25.0,24,September,0:00am-0:59am,4,Four-Way Intersection,1
35.13317222,-119.4574556,Clear,Daylight,Dry,Minor Arterial,25.0,28,October,4:00pm-4:59pm,2,Four-Way Intersection,1
33.55943333,-117.6731389,Clear,Daylight,Dry,Interstate,55.0,2,January,12:00pm-12:59pm,3,Not an Intersection,1
32.77713333,-117.1628722,Cloudy,Dark - Not Lighted,Dry,Other Freeways and Expressways,65.0,17,August,0:00am-0:59am,1,Not an Intersection,1
38.30897222,-120.7252917,Clear,Daylight,Dry,Other Principal Arterial,55.0,2,September,11:00am-11:59am,2,Not an Intersection,1
33.71493889,-116.1689917,Clear,Daylight,Dry,Interstate,70.0,5,October,12:00pm-12:59pm,1,Not an Intersection,1
38.92737778,-121.00735,Clear,Daylight,Dry,Local,55.0,25,August,9:00am-9:59am,1,Not an Intersection,1
34.08971111,-118.2079722,Cloudy,Dark - Lighted,Dry,Other Freeways and Expressways,55.0,21,September,1:00am-1:59am,1,Not an Intersection,1
33.55867222,-117.5482639,Cloudy,Daylight,Dry,Minor Arterial,55.0,2,February,10:00am-10:59am,3,Not an Intersection,1
32.77907778,-117.06235,Clear,Dark - Lighted,Dry,Interstate,65.0,13,January,0:00am-0:59am,2,Not an Intersection,1
37.70435833,-121.3980861,Clear,Daylight,Dry,Minor Arterial,45.0,19,April,7:00am-7:59am,1,Not an Intersection,1
34.02786944,-118.518775,Cloudy,Dark - Lighted,Dry,Other Principal Arterial,45.0,10,August,9:00pm-9:59pm,2,T-Intersection,1
36.75405278,-119.7743111,Clear,Daylight,Dry,Other Freeways and Expressways,65.0,19,September,10:00am-10:59am,1,Not an Intersection,1
37.08371389,-119.7573333,Rain,Daylight,Wet,Other Principal Arterial,55.0,4,May,5:00pm-5:59pm,3,Not an Intersection,1
41.79651667,-124.0813278,Cloudy,Daylight,Dry,Other Principal Arterial,50.0,28,July,7:00am-7:59am,1,Not an Intersection,1
35.79040833,-119.2681444,Clear,Daylight,Dry,Major Collector,55.0,26,August,3:00pm-3:59pm,2,Four-Way Intersection,1
34.64028056,-117.4329639,Clear,Dark - Not Lighted,Dry,Other Freeways and Expressways,65.0,15,September,10:00pm-10:59pm,2,Not an Intersection,1
34.26565,-118.4623306,Clear,Dark - Not Lighted,Dry,Other Freeways and Expressways,65.0,12,August,11:00pm-11:59pm,1,Not an Intersection,1
39.05679722,-122.0788722,Clear,Dark - Lighted,Dry,Major Collector,55.0,29,September,4:00am-4:59am,1,T-Intersection,1
34.102875,-117.7975917,Clear,Dark - Lighted,Dry,Other Principal Arterial,45.0,28,September,3:00am-3:59am,1,Not an Intersection,1
36.08758889,-119.0265444,Clear,Dark - Lighted,Dry,Minor Arterial,50.0,30,September,0:00am-0:59am,1,Not an Intersection,1
34.18061944,-118.4433694,Clear,Daylight,Dry,Local,25.0,1,August,5:00pm-5:59pm,4,Not an Intersection,1
37.64937778,-121.9764361,Clear,Daylight,Dry,Major Collector,40.0,29,April,4:00pm-4:59pm,1,Not an Intersection,1
37.39668611,-122.0177972,Cloudy,Dark - Not Lighted,Dry,Other Freeways and Expressways,65.0,5,May,1:00am-1:59am,1,Not an Intersection,1
37.686625,-122.1325944,Clear,Dark - Not Lighted,Dry,Other Principal Arterial,35.0,15,May,9:00pm-9:59pm,1,Not an Intersection,1
38.36948889,-122.7414556,Clear,Dark - Lighted,Dry,Major Collector,35.0,21,June,10:00pm-10:59pm,2,Four-Way Intersection,1
33.90186389,-118.2689111,Clear,Daylight,Dry,Other Principal Arterial,35.0,24,June,10:00am-10:59am,2,Four-Way Intersection,1
38.22145833,-122.9219972,Clear,Daylight,Dry,Minor Arterial,35.0,12,July,6:00pm-6:59pm,2,Not an Intersection,1
34.863725,-118.2183722,Clear,Dark - Not Lighted,Dry,Other Principal Arterial,55.0,22,September,3:00am-3:59am,1,Not an Intersection,1
37.48237222,-120.7514194,Clear,Not Reported,Dry,Major Collector,55.0,24,September,Unknown Hours,1,Not an Intersection,1
39.00904444,-121.6344583,Clear,Daylight,Dry,Interstate,65.0,28,September,11:00am-11:59am,2,Not an Intersection,3
36.70589444,-120.0427,Clear,Daylight,Dry,Local,55.0,29,September,11:00am-11:59am,2,Four-Way Intersection,1
35.07911944,-116.3978167,Clear,Daylight,Dry,Interstate,70.0,13,October,12:00pm-12:59pm,1,Not an Intersection,1
34.42261667,-117.3832278,Clear,Daylight,Dry,Interstate,60.0,26,October,9:00am-9:59am,1,Not an Intersection,1
32.66102778,-117.078625,Clear,Dark - Lighted,Dry,Interstate,65.0,6,November,8:00pm-8:59pm,1,Four-Way Intersection,1
38.88900556,-120.3659056,Clear,Dark - Not Lighted,Dry,Minor Collector,55.0,29,August,9:00pm-9:59pm,1,Not an Intersection,1
36.22559722,-119.7386417,Clear,Dark - Not Lighted,Dry,Local,55.0,3,July,3:00am-3:59am,1,Not an Intersection,1
35.05403333,-118.1741833,Clear,Dark - Lighted,Dry,Other Principal Arterial,45.0,22,August,8:00pm-8:59pm,1,Not an Intersection,1
38.57977778,-121.4155111,Clear,Dark - Lighted,Dry,Other Principal Arterial,40.0,12,September,0:00am-0:59am,1,Not an Intersection,1
33.12508611,-117.1034861,Clear,Dark - Not Lighted,Dry,Interstate,65.0,17,August,2:00am-2:59am,1,Not an Intersection,1
34.69886389,-120.1645333,Clear,Daylight,Dry,Other Freeways and Expressways,65.0,30,September,12:00pm-12:59pm,1,Not an Intersection,1
39.66553611,-121.7434556,Clear,Daylight,Dry,Other Principal Arterial,65.0,3,July,4:00pm-4:59pm,3,Four-Way Intersection,1
34.54398611,-118.0452333,Clear,Dark - Lighted,Dry,Major Collector,50.0,6,October,3:00am-3:59am,1,Not an Intersection,1
34.07738333,-117.4991861,Clear,Dark - Not Lighted,Dry,Minor Arterial,50.0,23,September,11:00pm-11:59pm,1,Not an Intersection,1
33.74898333,-117.9094389,Rain,Dark - Not Lighted,Wet,Minor Arterial,35.0,30,March,9:00pm-9:59pm,2,Not an Intersection,1
33.75118333,-117.0349333,Clear,Dark - Not Lighted,Dry,Local,45.0,31,August,7:00pm-7:59pm,1,Not an Intersection,1
36.71827778,-121.7218028,Clear,Dark - Not Lighted,Dry,Minor Arterial,55.0,2,September,4:00am-4:59am,1,Not an Intersection,1
34.21825556,-119.0051833,Clear,Daylight,Dry,Other Principal Arterial,50.0,6,September,2:00pm-2:59pm,1,Four-Way Intersection,1
41.95168611,-124.2028833,Clear,Daylight,Dry,Other Principal Arterial,25.0,23,September,6:00pm-6:59pm,2,Four-Way Intersection,1
34.01171389,-117.4556167,Clear,Dark - Not Lighted,Dry,Minor Arterial,45.0,10,October,3:00am-3:59am,1,T-Intersection,1
33.85380556,-117.8617194,Clear,Dark - Lighted,Dry,Local,35.0,8,November,6:00pm-6:59pm,2,Not an Intersection,1
41.52164722,-122.9066833,Clear,Daylight,Dry,Minor Arterial,55.0,16,August,4:00pm-4:59pm,1,Not an Intersection,1
35.33675833,-119.1139139,Cloudy,Dark - Lighted,Wet,Other Principal Arterial,55.0,20,February,4:00am-4:59am,1,Not Reported,1
38.11737778,-121.2571917,Clear,Dark - Not Lighted,Dry,Minor Arterial,65.0,12,May,3:00am-3:59am,1,Not an Intersection,1
38.70644444,-121.3632306,Clear,Dark - Lighted,Dry,Minor Arterial,45.0,14,October,6:00pm-6:59pm,1,Not an Intersection,1
36.69218333,-121.6604972,Clear,Daylight,Dry,Other Freeways and Expressways,65.0,20,July,1:00pm-1:59pm,4,Not an Intersection,1
38.60682222,-121.3829528,Rain,Dark - Lighted,Wet,Other Principal Arterial,40.0,1,November,8:00pm-8:59pm,1,Four-Way Intersection,1
33.77529167,-118.0860861,Clear,Dark - Lighted,Dry,Interstate,65.0,27,May,11:00pm-11:59pm,1,Not an Intersection,1
39.245975,-121.9950806,Clear,Daylight,Dry,Major Collector,55.0,7,August,6:00am-6:59am,2,Not an Intersection,1
35.34931667,-119.3284083,Clear,Dark - Not Lighted,Dry,Interstate,55.0,12,September,2:00am-2:59am,1,Not an Intersection,1
34.28228333,-118.4455722,Clear,Dark - Lighted,Dry,Minor Arterial,35.0,15,July,8:00pm-8:59pm,2,Four-Way Intersection,2
33.97461111,-118.330925,Clear,Dark - Lighted,Dry,Other Principal Arterial,35.0,16,April,11:00pm-11:59pm,2,Four-Way Intersection,1
34.48485556,-117.3642778,Clear,Dark - Lighted,Dry,Minor Arterial,45.0,21,July,1:00am-1:59am,2,Four-Way Intersection,1
37.57993056,-121.9880167,Clear,Dark - Lighted,Dry,Other Principal Arterial,45.0,4,August,8:00pm-8:59pm,1,Not an Intersection,1
34.49878889,-117.27735,Clear,Daylight,Dry,Minor Arterial,55.0,15,August,6:00am-6:59am,2,Not an Intersection,1
33.7899,-118.1849861,Clear,Dark - Lighted,Dry,Other Principal Arterial,35.0,16,August,0:00am-0:59am,2,Four-Way Intersection,1
34.10506111,-117.6182389,Clear,Dark - Lighted,Dry,Other Principal Arterial,45.0,28,August,8:00pm-8:59pm,1,Not an Intersection,1
33.933975,-118.2811528,Clear,Dark - Lighted,Dry,Local,35.0,6,September,9:00pm-9:59pm,1,Four-Way Intersection,1
34.70409444,-118.1261528,Clear,Dark - Lighted,Dry,Other Principal Arterial,40.0,9,September,10:00pm-10:59pm,1,Four-Way Intersection,1
33.98416389,-117.8445083,Clear,Daylight,Dry,Minor Arterial,40.0,10,September,5:00pm-5:59pm,5,Four-Way Intersection,2
39.13056667,-121.643825,Clear,Dark - Lighted,Dry,Minor Arterial,35.0,12,September,5:00am-5:59am,1,Four-Way Intersection,1
32.75558611,-117.0006917,Clear,Daylight,Dry,Minor Arterial,35.0,18,September,2:00pm-2:59pm,1,Not an Intersection,1
32.89229444,-117.1857417,Clear,Daylight,Dry,Major Collector,45.0,2,August,1:00pm-1:59pm,2,Not an Intersection,1
36.93822222,-120.0603917,Clear,Dark - Lighted,Dry,Minor Arterial,25.0,3,August,5:00am-5:59am,1,T-Intersection,1
38.94431667,-121.1958333,Clear,Daylight,Dry,Local,55.0,7,August,5:00pm-5:59pm,2,Not an Intersection,1
34.53546944,-117.3994056,Clear,Dark - Not Lighted,Dry,Other Principal Arterial,55.0,11,February,9:00pm-9:59pm,1,Not an Intersection,1
34.69656389,-118.1366528,Clear,Dark - Lighted,Dry,Other Principal Arterial,40.0,31,May,10:00pm-10:59pm,1,T-Intersection,1
37.31928333,-122.1937889,Clear,Daylight,Dry,Major Collector,55.0,3,November,11:00am-11:59am,1,Not an Intersection,1
34.10668611,-117.6072444,Clear,Dark - Lighted,Dry,Other Principal Arterial,45.0,18,September,8:00pm-8:59pm,1,Not an Intersection,1
32.55608333,-116.9550611,Cloudy,Daylight,Dry,Local,25.0,19,September,4:00pm-4:59pm,1,Four-Way Intersection,1
33.75853889,-118.1310806,Clear,Dark - Lighted,Non-Trafficway or Driveway Access,Local,49.0,24,September,0:00am-0:59am,1,Not an Intersection,1
32.72145833,-117.0850778,Cloudy,Dark - Lighted,Dry,Minor Arterial,35.0,29,August,6:00am-6:59am,1,Four-Way Intersection,1
37.60568056,-122.0658111,Clear,Daylight,Dry,Interstate,65.0,9,May,11:00am-11:59am,3,Not an Intersection,1
33.71522222,-116.1778528,Clear,Dark - Not Lighted,Dry,Interstate,55.0,29,July,0:00am-0:59am,2,Not an Intersection,1
38.55898611,-121.4749167,Cloudy,Dark - Not Lighted,Dry,Interstate,55.0,16,October,5:00am-5:59am,1,Not an Intersection,1
32.82198889,-116.9138972,Cloudy,Dusk,Dry,Minor Arterial,45.0,17,October,6:00pm-6:59pm,1,Not an Intersection,1
34.55490833,-118.0452167,Clear,Dusk,Dry,Other Freeways and Expressways,55.0,10,August,8:00pm-8:59pm,5,Not an Intersection,1
37.76474722,-121.3751944,Clear,Daylight,Dry,Interstate,70.0,5,June,6:00pm-6:59pm,2,Not an Intersection,1
33.78366944,-118.2806806,Clear,Dark - Not Lighted,Dry,Interstate,65.0,31,July,9:00pm-9:59pm,1,Not an Intersection,1
38.56909444,-121.5088472,Clear,Dark - Lighted,Dry,Interstate,65.0,23,August,11:00pm-11:59pm,2,Not an Intersection,1
33.80715833,-118.1522667,Clear,Daylight,Dry,Interstate,65.0,26,August,9:00am-9:59am,5,Not an Intersection,1
41.84610556,-123.2243083,Clear,Daylight,Dry,Minor Arterial,55.0,30,September,Unknown Hours,1,Not an Intersection,1
34.0628,-118.0905306,Clear,Daylight,Dry,Other Principal Arterial,35.0,12,October,9:00am-9:59am,1,Four-Way Intersection,1
34.05145,-118.0371556,Clear,Daylight,Dry,Minor Arterial,35.0,14,October,2:00pm-2:59pm,2,Four-Way Intersection,1
37.79396944,-120.9596194,Cloudy,Dark - Not Lighted,Wet,Other Principal Arterial,55.0,13,April,8:00pm-8:59pm,1,Not an Intersection,1
34.04134444,-118.0604861,Clear,Dark - Lighted,Dry,Other Freeways and Expressways,65.0,14,April,11:00pm-11:59pm,1,Not an Intersection,1
34.07710278,-117.5264944,Clear,Dark - Lighted,Dry,Other Principal Arterial,55.0,4,July,3:00am-3:59am,1,Not an Intersection,1
38.539825,-121.4737139,Clear,Dark - Lighted,Dry,Other Freeways and Expressways,65.0,31,August,10:00pm-10:59pm,2,Not an Intersection,1
34.08036667,-118.291925,Clear,Dark - Lighted,Dry,Other Freeways and Expressways,55.0,4,September,2:00am-2:59am,1,Not an Intersection,1
35.00651667,-120.4451917,Clear,Daylight,Dry,Minor Arterial,55.0,24,September,4:00pm-4:59pm,2,Not an Intersection,1
33.98184444,-118.4313528,Cloudy,Dark - Not Lighted,Dry,Other Freeways and Expressways,40.0,5,October,8:00pm-8:59pm,1,Not an Intersection,1
34.64577778,-118.1614222,Clear,Daylight,Dry,Other Principal Arterial,55.0,27,September,7:00am-7:59am,2,Not an Intersection,1
32.80294167,-117.1983,"Fog, Smog, Smoke",Dark - Not Lighted,Dry,Minor Arterial,35.0,2,October,7:00pm-7:59pm,1,Four-Way Intersection,1
34.71813889,-118.1484472,Clear,Dark - Lighted,Dry,Minor Arterial,25.0,5,October,7:00pm-7:59pm,1,Not an Intersection,1
40.17811389,-122.2306833,Clear,Dark - Lighted,Dry,Other Principal Arterial,40.0,22,October,6:00pm-6:59pm,1,Not an Intersection,1
36.56121667,-119.6065167,Clear,Dusk,Dry,Local,30.0,28,October,6:00pm-6:59pm,2,Four-Way Intersection,1
37.67800556,-120.9576278,Clear,Dark - Not Lighted,Dry,Minor Arterial,40.0,2,February,6:00pm-6:59pm,1,Not an Intersection,1
33.76319444,-116.3118444,Clear,Dark - Lighted,Dry,Interstate,70.0,24,June,1:00am-1:59am,2,Not an Intersection,1
38.53323333,-121.3507278,Clear,Daylight,Dry,Other Principal Arterial,55.0,23,July,2:00pm-2:59pm,2,Not an Intersection,1
35.65250278,-118.3522278,Clear,Dark - Not Lighted,Dry,Minor Arterial,55.0,30,August,Unknown Hours,1,Not an Intersection,1
38.03200556,-122.253625,Clear,Daylight,Dry,Interstate,65.0,31,October,10:00am-10:59am,2,Not an Intersection,1
37.67108056,-121.0188028,Clear,Dark - Lighted,Dry,Other Principal Arterial,45.0,13,July,11:00pm-11:59pm,1,Not an Intersection,1
37.65318611,-120.955875,Clear,Daylight,Dry,Minor Arterial,45.0,27,July,7:00pm-7:59pm,1,Not an Intersection,1
37.68903056,-120.9975917,Clear,Daylight,Dry,Minor Arterial,40.0,1,August,1:00pm-1:59pm,3,Not an Intersection,1
38.70520278,-121.2812611,Clear,Daylight,Dry,Major Collector,45.0,11,September,2:00pm-2:59pm,3,Not an Intersection,1
38.11978611,-122.2550722,Rain,Dark - Lighted,Wet,Other Principal Arterial,35.0,1,March,8:00pm-8:59pm,1,Four-Way Intersection,1
33.99522222,-117.4837222,Clear,Dark - Not Lighted,Dry,Other Principal Arterial,40.0,11,October,10:00pm-10:59pm,2,Not an Intersection,1
34.69935278,-119.3736778,Clear,Dark - Not Lighted,Dry,Minor Arterial,55.0,24,March,Unknown Hours,1,Not an Intersection,1
38.80819167,-121.5435556,Clear,Dark - Not Lighted,Dry,Other Freeways and Expressways,65.0,13,October,2:00am-2:59am,2,Not an Intersection,1
39.34938889,-123.5116472,Clear,Daylight,Dry,Other Principal Arterial,55.0,22,October,2:00pm-2:59pm,1,Not an Intersection,1
38.64381667,-121.3833333,Clear,Dark - Lighted,Dry,Other Principal Arterial,45.0,23,October,5:00am-5:59am,1,Four-Way Intersection,1
38.80670278,-121.6902861,Clear,Dark - Not Lighted,Dry,Minor Collector,55.0,23,October,6:00am-6:59am,1,Not an Intersection,1
33.87523333,-118.2160556,Clear,Dark - Lighted,Dry,Other Freeways and Expressways,65.0,16,June,1:00am-1:59am,1,Not an Intersection,1
37.638125,-121.3901083,Clear,Dark - Not Lighted,Dry,Other Principal Arterial,65.0,8,September,Unknown Hours,1,Not an Intersection,1
39.79694722,-121.93775,Clear,Dark - Not Lighted,Dry,Local,55.0,29,September,2:00am-2:59am,1,Not an Intersection,1
36.51418056,-121.4977861,Clear,Dark - Not Lighted,Non-Trafficway or Driveway Access,Trafficway Not in State Inventory,49.0,5,October,11:00pm-11:59pm,1,Not an Intersection,1
36.73449722,-121.6562444,Clear,Dawn,Dry,Major Collector,55.0,24,August,6:00am-6:59am,2,Four-Way Intersection,1
34.249225,-119.1603056,Cloudy,Dark - Lighted,Dry,Other Freeways and Expressways,50.0,4,July,3:00am-3:59am,1,Not an Intersection,1
37.78351389,-121.2164,Clear,Dark - Not Lighted,Dry,Other Freeways and Expressways,65.0,14,May,4:00am-4:59am,2,Not an Intersection,1
33.20734167,-117.0266917,Clear,Daylight,Dry,Minor Collector,45.0,12,September,4:00pm-4:59pm,2,Not an Intersection,1
33.87420556,-118.2015833,Clear,Dark - Lighted,Dry,Minor Arterial,35.0,26,September,11:00pm-11:59pm,3,Not an Intersection,1
36.32427778,-119.6909972,Clear,Dark - Not Lighted,Dry,Local,55.0,24,June,0:00am-0:59am,1,Not an Intersection,1
36.65535833,-121.7303083,Clear,Daylight,Dry,Major Collector,55.0,6,October,5:00pm-5:59pm,2,Not an Intersection,1
38.88670278,-121.3545056,Clear,Dark - Not Lighted,Dry,Other Principal Arterial,65.0,29,October,1:00am-1:59am,1,Not an Intersection,1
36.73170556,-121.7822361,Clear,Daylight,Dry,Local,55.0,4,November,2:00pm-2:59pm,2,Not an Intersection,1
34.05859722,-118.2143139,Clear,Dark - Not Lighted,Dry,Interstate,55.0,29,June,0:00am-0:59am,1,Not an Intersection,1
34.08154167,-117.6508917,Clear,Dark - Lighted,Dry,Other Principal Arterial,40.0,2,September,2:00am-2:59am,1,Four-Way Intersection,1
36.82449167,-121.7775361,"Fog, Smog, Smoke",Dark - Not Lighted,Wet,Other Principal Arterial,55.0,20,September,4:00am-4:59am,1,Not an Intersection,1
34.07448056,-117.7192778,Clear,Daylight,Dry,Minor Arterial,35.0,14,October,4:00pm-4:59pm,2,Not an Intersection,1
37.18741944,-118.3203333,Clear,Dusk,Dry,Local,55.0,28,November,4:00pm-4:59pm,1,Not an Intersection,1
38.02678333,-121.9391,Clear,Dark - Lighted,Dry,Other Principal Arterial,25.0,19,May,9:00pm-9:59pm,1,Not an Intersection,1
33.95805833,-118.2373722,Cloudy,Dark - Lighted,Dry,Local,25.0,26,April,10:00pm-10:59pm,2,Not an Intersection,1
38.620725,-121.5250417,Clear,Daylight,Dry,Interstate,65.0,19,August,4:00pm-4:59pm,5,Not an Intersection,1
34.08470833,-117.5845972,Clear,Daylight,Dry,Minor Arterial,45.0,31,January,5:00pm-5:59pm,2,Four-Way Intersection,1
32.76832778,-116.9584778,Clear,Daylight,Dry,Minor Arterial,45.0,23,April,12:00pm-12:59pm,3,Not an Intersection,1
34.11174722,-118.3358583,Clear,Daylight,Dry,Other Principal Arterial,35.0,6,May,4:00pm-4:59pm,1,Not an Intersection,1
34.19055,-118.6235028,Clear,Daylight,Dry,Other Principal Arterial,45.0,4,July,3:00pm-3:59pm,1,Four-Way Intersection,1
34.29436944,-118.4160972,Clear,Dark - Lighted,Dry,Other Principal Arterial,40.0,24,June,1:00am-1:59am,1,Not an Intersection,1
34.22127222,-118.5841611,Clear,Daylight,Non-Trafficway or Driveway Access,Major Collector,49.0,2,July,5:00pm-5:59pm,1,Not an Intersection,1
32.72272778,-117.2338556,Clear,Daylight,Dry,Other Principal Arterial,30.0,21,September,2:00pm-2:59pm,1,Four-Way Intersection,1
37.66315556,-121.0311389,Clear,Daylight,Dry,Local,30.0,3,September,2:00pm-2:59pm,2,Not an Intersection,1
34.27288333,-118.7909667,Clear,Daylight,Dry,Local,25.0,18,June,5:00pm-5:59pm,1,T-Intersection,1
34.28069722,-118.6619278,Clear,Daylight,Dry,Minor Arterial,55.0,26,September,2:00pm-2:59pm,1,Not an Intersection,1
33.14542222,-117.0745444,Cloudy,Dark - Lighted,Wet,Other Principal Arterial,45.0,15,November,9:00pm-9:59pm,1,Not an Intersection,1
38.02648333,-121.3164972,Clear,Dark - Lighted,Dry,Minor Arterial,35.0,22,June,2:00am-2:59am,1,Not an Intersection,1
33.58659167,-117.0837417,Clear,Daylight,Dry,Major Collector,55.0,9,May,6:00pm-6:59pm,2,Not an Intersection,1
33.76468333,-116.3164944,Clear,Daylight,Dry,Major Collector,55.0,24,September,7:00am-7:59am,2,Not an Intersection,1
38.60051111,-121.4399,Clear,Dark - Not Lighted,Dry,Other Freeways and Expressways,65.0,18,September,7:00pm-7:59pm,2,Not an Intersection,1
38.50027778,-121.4350778,Clear,Daylight,Dry,Other Principal Arterial,35.0,2,October,4:00pm-4:59pm,1,Four-Way Intersection,1
33.25269722,-117.1540417,Clear,Daylight,Dry,Major Collector,50.0,6,October,1:00pm-1:59pm,2,T-Intersection,1
34.03111389,-117.1073667,Clear,Dark - Lighted,Dry,Other Principal Arterial,45.0,19,September,9:00pm-9:59pm,1,Four-Way Intersection,1
33.67488889,-117.9138389,Cloudy,Dark - Lighted,Dry,Minor Arterial,40.0,16,February,6:00am-6:59am,1,Four-Way Intersection,1
39.74911944,-123.1820028,Clear,Dusk,Dry,Minor Collector,49.0,4,July,7:00pm-7:59pm,1,Not an Intersection,1
33.18873611,-117.1510806,Clear,Daylight,Dry,Other Principal Arterial,45.0,4,August,6:00am-6:59am,2,Not an Intersection,1
41.19015278,-121.7337028,Clear,Dark - Not Lighted,Dry,Other Principal Arterial,55.0,21,August,0:00am-0:59am,1,Not an Intersection,1
33.95062222,-117.5516667,Clear,Dark - Lighted,Dry,Interstate,65.0,22,September,1:00am-1:59am,3,Not an Intersection,1
37.82253333,-122.3203667,Clear,Daylight,Dry,Interstate,50.0,5,August,1:00pm-1:59pm,2,Not an Intersection,1
34.22895,-119.1700083,Clear,Dark - Lighted,Dry,Other Freeways and Expressways,65.0,8,March,9:00pm-9:59pm,4,Not an Intersection,1
33.87678056,-118.1080667,Cloudy,Daylight,Dry,Other Freeways and Expressways,65.0,20,March,8:00am-8:59am,2,Not an Intersection,1
33.8765,-118.075725,Cloudy,Daylight,Dry,Other Freeways and Expressways,65.0,13,May,7:00am-7:59am,2,Not an Intersection,1
38.14337778,-121.2604722,Clear,Dark - Not Lighted,Dry,Other Freeways and Expressways,65.0,1,July,0:00am-0:59am,1,Not an Intersection,1
34.13606111,-117.3596333,Clear,Dark - Not Lighted,Dry,Other Freeways and Expressways,65.0,28,July,2:00am-2:59am,2,Not an Intersection,3
36.17938333,-119.2599111,Clear,Dark - Not Lighted,Dry,Minor Collector,55.0,20,October,2:00am-2:59am,1,Not an Intersection,1
34.886575,-117.0405472,Clear,Dark - Not Lighted,Dry,Interstate,70.0,24,October,7:00pm-7:59pm,1,Not an Intersection,1
38.31064444,-122.6913167,Cloudy,Daylight,Dry,Major Collector,45.0,30,October,7:00am-7:59am,2,Not an Intersection,1
34.00802778,-117.2924722,Clear,Daylight,Dry,Minor Collector,50.0,31,October,3:00pm-3:59pm,1,Not an Intersection,1
32.72644722,-117.0141444,Rain,Dark - Not Lighted,Wet,Minor Arterial,45.0,21,January,Unknown Hours,1,Not an Intersection,1
33.19983889,-116.7103528,Clear,Daylight,Dry,Minor Arterial,55.0,17,February,2:00pm-2:59pm,2,T-Intersection,1
37.55945278,-122.5140722,Clear,Daylight,Dry,Other Principal Arterial,45.0,26,July,11:00am-11:59am,1,Not an Intersection,3
38.67704722,-121.7177194,Clear,Dark - Lighted,Dry,Local,55.0,20,October,9:00pm-9:59pm,2,Not an Intersection,1
33.96135833,-116.5904861,Clear,Daylight,Dry,Other Principal Arterial,55.0,5,November,11:00am-11:59am,2,Four-Way Intersection,1
33.69579167,-117.9076111,Clear,Daylight,Dry,Other Principal Arterial,40.0,23,September,8:00am-8:59am,2,Four-Way Intersection,1
37.78929444,-122.3873306,Clear,Dark - Lighted,Dry,Interstate,50.0,15,February,4:00am-4:59am,2,Not an Intersection,3
34.42449167,-118.6464917,Clear,Dusk,Non-Trafficway or Driveway Access,Other Principal Arterial,49.0,26,January,5:00pm-5:59pm,4,Not an Intersection,1
34.13443889,-117.3356778,Clear,Daylight,Dry,Other Freeways and Expressways,65.0,21,April,3:00pm-3:59pm,2,Not an Intersection,1
37.86573056,-121.2797528,Clear,Daylight,Dry,Local,50.0,16,June,12:00pm-12:59pm,2,T-Intersection,1
33.48893889,-117.1376528,Clear,Daylight,Dry,Major Collector,35.0,27,September,10:00am-10:59am,3,Four-Way Intersection,1
38.55972222,-121.4550028,Clear,Dark - Not Lighted,Dry,Other Freeways and Expressways,55.0,19,October,2:00am-2:59am,2,Not an Intersection,1
33.988525,-117.9084611,Cloudy,Dark - Lighted,Dry,Other Principal Arterial,40.0,20,May,5:00am-5:59am,1,Not an Intersection,1
37.96498056,-121.2574472,Clear,Dark - Lighted,Dry,Minor Arterial,35.0,29,May,9:00pm-9:59pm,1,Not an Intersection,1
33.85168333,-118.0944139,Clear,Dark - Not Lighted,Dry,Interstate,65.0,7,June,2:00am-2:59am,1,Not an Intersection,1
33.27334722,-117.4430917,Clear,Dawn,Dry,Interstate,65.0,15,June,5:00am-5:59am,1,Not an Intersection,1
39.80769444,-121.643375,Clear,Reported as Unknown,Dry,Local,40.0,17,October,Unknown Hours,1,Not an Intersection,1
33.62791944,-116.0780833,Clear,Dark - Not Lighted,Dry,Local,55.0,26,October,10:00pm-10:59pm,1,Not an Intersection,1
33.34058889,-115.6237028,Clear,Dark - Not Lighted,Dry,Minor Arterial,65.0,4,November,6:00pm-6:59pm,2,Not an Intersection,1
39.72948889,-121.7019139,Clear,Daylight,Dry,Local,45.0,6,November,9:00am-9:59am,1,Not an Intersection,1
33.95006111,-116.5012444,Clear,Dark - Lighted,Dry,Minor Arterial,40.0,11,November,6:00pm-6:59pm,1,Not an Intersection,1
33.82572222,-118.2334722,Rain,Dark - Not Lighted,Wet,Interstate,65.0,6,February,3:00am-3:59am,2,Not an Intersection,1
33.71085556,-117.7815472,Clear,Daylight,Dry,Other Principal Arterial,50.0,9,May,4:00pm-4:59pm,2,T-Intersection,1
37.35574444,-121.8376611,Clear,Daylight,Dry,Interstate,65.0,10,September,11:00am-11:59am,1,Not an Intersection,1
37.34121389,-121.927675,Clear,Dark - Lighted,Dry,Interstate,65.0,30,September,4:00am-4:59am,2,Not an Intersection,1
39.41313333,-123.3200778,Clear,Dark - Not Lighted,Dry,Local,35.0,14,July,10:00pm-10:59pm,2,Not an Intersection,1
36.90771111,-119.4766306,Clear,Daylight,Dry,Minor Collector,55.0,22,September,8:00am-8:59am,1,Not an Intersection,1
40.18567778,-122.1918222,Clear,Dark - Lighted,Dry,Other Principal Arterial,45.0,24,November,11:00pm-11:59pm,2,Not an Intersection,1
34.08259444,-115.5774528,Clear,Daylight,Dry,Minor Arterial,65.0,27,October,3:00pm-3:59pm,2,Not an Intersection,1
39.89624722,-120.77135,Cloudy,Dark - Not Lighted,Wet,Local,55.0,27,October,11:00pm-11:59pm,1,Not an Intersection,1
34.43970278,-118.2972778,Cloudy,Dark - Not Lighted,Dry,Major Collector,55.0,15,November,5:00am-5:59am,2,Not an Intersection,1
38.55061111,-121.4263833,Clear,Daylight,Dry,Interstate,55.0,11,February,4:00pm-4:59pm,1,Not an Intersection,1
34.09843333,-116.9772722,Clear,Daylight,Dry,Minor Arterial,55.0,9,March,12:00pm-12:59pm,3,Not an Intersection,1
35.32021111,-119.0921361,Clear,Dawn,Dry,Other Principal Arterial,55.0,12,March,6:00am-6:59am,2,Not an Intersection,1
33.97417222,-118.2254056,Rain,Dark - Lighted,Wet,Other Principal Arterial,35.0,1,February,2:00am-2:59am,1,Four-Way Intersection,1
37.327,-120.5592222,Clear,Dark - Not Lighted,Dry,Major Collector,55.0,1,June,9:00pm-9:59pm,3,Not an Intersection,1
39.27771944,-121.0940667,Clear,Daylight,Dry,Minor Arterial,55.0,9,November,12:00pm-12:59pm,1,Not an Intersection,1
35.89732778,-119.4096806,Clear,Dark - Not Lighted,Dry,Minor Arterial,55.0,16,September,0:00am-0:59am,3,Not an Intersection,3
40.07651111,-120.9368778,Rain,Daylight,Wet,Minor Arterial,55.0,20,November,4:00pm-4:59pm,1,Not an Intersection,1
36.76465,-119.8339806,Clear,Dark - Lighted,Dry,Other Freeways and Expressways,55.0,9,October,4:00am-4:59am,1,Not an Intersection,1
38.00001111,-121.821525,Clear,Daylight,Dry,Minor Arterial,35.0,2,January,5:00am-5:59am,1,Four-Way Intersection,1
32.56682222,-117.0722389,Clear,Dark - Lighted,Dry,Interstate,65.0,7,August,6:00am-6:59am,1,Not an Intersection,1
34.40615833,-119.5050944,Clear,Dark - Not Lighted,Dry,Minor Arterial,35.0,7,September,Unknown Hours,1,T-Intersection,1
32.84198333,-117.1309139,Clear,Daylight,Dry,Other Freeways and Expressways,55.0,11,October,5:00pm-5:59pm,1,Not an Intersection,1
35.13987222,-118.4601361,Clear,Dark - Not Lighted,Dry,Other Freeways and Expressways,65.0,3,October,4:00am-4:59am,1,Not an Intersection,1
33.68104444,-117.3589972,Clear,Dark - Not Lighted,Dry,Minor Arterial,40.0,1,January,3:00am-3:59am,1,Not an Intersection,1
33.98915278,-118.2803194,Clear,Daylight,Dry,Interstate,65.0,14,August,12:00pm-12:59pm,1,Not an Intersection,1
34.90670278,-120.4181778,Clear,Dark - Not Lighted,Dry,Other Freeways and Expressways,65.0,8,September,5:00am-5:59am,2,Not an Intersection,1
37.95639722,-121.1483389,Clear,Dark - Not Lighted,Dry,Major Collector,55.0,20,September,3:00am-3:59am,2,Not an Intersection,1
37.78094444,-122.3983889,Rain,Dark - Lighted,Wet,Interstate,50.0,11,March,1:00am-1:59am,1,Not an Intersection,1
37.49832222,-122.3165639,Cloudy,Dark - Not Lighted,Wet,Interstate,65.0,5,April,0:00am-0:59am,1,Not an Intersection,1
38.79259167,-121.7358528,Clear,Daylight,Dry,Major Collector,55.0,12,August,11:00am-11:59am,1,Not an Intersection,1
35.36628333,-119.0411611,Clear,Daylight,Dry,Other Freeways and Expressways,65.0,4,August,6:00am-6:59am,1,Not an Intersection,1
35.40481944,-119.0210194,Clear,Daylight,Dry,Other Principal Arterial,25.0,19,September,5:00pm-5:59pm,2,Four-Way Intersection,1
32.8141,-115.4061,Clear,Dark - Not Lighted,Dry,Major Collector,65.0,8,October,5:00am-5:59am,2,Not an Intersection,1
33.99515833,-117.5932278,Clear,Dark - Lighted,Dry,Major Collector,55.0,12,November,0:00am-0:59am,2,Four-Way Intersection,1
37.70306667,-122.4720639,Clear,Daylight,Dry,Interstate,65.0,16,August,8:00am-8:59am,1,Not an Intersection,1
37.75747222,-121.1953528,Clear,Dark - Not Lighted,Dry,Local,55.0,10,August,2:00am-2:59am,1,Not an Intersection,1
39.64018056,-123.4711417,Clear,Dark - Not Lighted,Dry,Other Principal Arterial,55.0,4,September,8:00pm-8:59pm,1,Not an Intersection,1
34.03008889,-117.6897444,Clear,Dark - Lighted,Dry,Other Freeways and Expressways,65.0,4,October,4:00am-4:59am,1,Not an Intersection,1
37.39958056,-121.139575,Clear,Dark - Not Lighted,Dry,Interstate,70.0,25,October,6:00pm-6:59pm,1,Not an Intersection,1
34.030325,-117.618525,Clear,Dark - Lighted,Dry,Other Freeways and Expressways,65.0,1,November,0:00am-0:59am,2,Not an Intersection,1
38.07745,-119.1785861,Snow,Dark - Not Lighted,Not Reported,Other Principal Arterial,65.0,15,November,4:00pm-4:59pm,1,Not an Intersection,1
40.520075,-122.3435083,Clear,Daylight,Dry,Minor Arterial,55.0,17,November,3:00pm-3:59pm,1,Not an Intersection,1
38.71345,-121.8024917,Clear,Daylight,Dry,Minor Arterial,55.0,27,November,10:00am-10:59am,2,Not an Intersection,1
32.71502222,-117.0142611,Clear,Dark - Lighted,Dry,Other Freeways and Expressways,65.0,10,March,1:00am-1:59am,1,Not an Intersection,1
39.16508333,-122.7385833,Clear,Dark - Not Lighted,Dry,Local,55.0,8,June,7:00pm-7:59pm,1,Not an Intersection,1
33.25980556,-117.1555667,Clear,Dark - Not Lighted,Dry,Major Collector,45.0,25,June,9:00pm-9:59pm,1,Not an Intersection,1
37.99307222,-121.8964806,Not Reported,Daylight,Dry,Other Principal Arterial,35.0,28,June,9:00am-9:59am,2,T-Intersection,1
33.65800278,-116.1413639,Clear,Daylight,Dry,Other Principal Arterial,55.0,28,September,1:00pm-1:59pm,2,Not an Intersection,1
37.70340556,-120.4005806,Clear,Dark - Not Lighted,Non-Trafficway or Driveway Access,Major Collector,49.0,10,September,11:00pm-11:59pm,1,Not an Intersection,1
33.97463056,-118.2431028,Clear,Daylight,Dry,Other Principal Arterial,35.0,29,September,10:00am-10:59am,1,Not an Intersection,1
38.80739722,-121.893425,Clear,Daylight,Dry,Minor Arterial,70.0,8,December,1:00pm-1:59pm,1,Not an Intersection,1
38.74469722,-120.7608972,Clear,Daylight,Dry,Local,55.0,5,August,5:00pm-5:59pm,1,Not an Intersection,1
36.98677222,-120.0403889,Clear,Dusk,Dry,Minor Arterial,25.0,13,July,9:00pm-9:59pm,1,Not an Intersection,1
34.27751111,-119.2979833,Cloudy,Daylight,Dry,Other Freeways and Expressways,65.0,17,July,8:00pm-8:59pm,1,Not an Intersection,1
41.30147778,-122.3156222,Clear,Daylight,Dry,Interstate,50.0,2,July,11:00am-11:59am,4,Not an Intersection,1
35.344675,-118.8723944,Clear,Dark - Not Lighted,Dry,Other Freeways and Expressways,65.0,14,September,2:00am-2:59am,2,Not an Intersection,1
35.18538333,-118.9145833,Clear,Daylight,Dry,Minor Arterial,55.0,15,September,4:00pm-4:59pm,3,Not an Intersection,1
34.7188,-118.0950056,Clear,Dark - Not Lighted,Dry,Minor Arterial,55.0,19,September,9:00pm-9:59pm,2,Four-Way Intersection,1
34.60165833,-117.4713667,Clear,Daylight,Dry,Minor Arterial,50.0,14,February,6:00am-6:59am,2,Not an Intersection,1
37.56726111,-121.8975361,Clear,Daylight,Dry,Interstate,65.0,20,August,6:00am-6:59am,2,Not an Intersection,1
33.64700278,-117.2940833,Rain,Dark - Not Lighted,Wet,Minor Arterial,50.0,3,March,11:00pm-11:59pm,1,Not an Intersection,1
34.04825,-117.6507833,Clear,Dark - Lighted,Dry,Other Principal Arterial,40.0,8,November,5:00pm-5:59pm,1,Not an Intersection,1
33.68955556,-116.1822528,Clear,Dark - Lighted,Dry,Other Principal Arterial,40.0,23,November,3:00am-3:59am,1,Four-Way Intersection,1
33.94779722,-118.0928417,Cloudy,Dark - Lighted,Dry,Interstate,65.0,19,May,2:00am-2:59am,1,Not an Intersection,1
40.56921389,-122.359925,Cloudy,Dark - Not Lighted,Dry,Interstate,65.0,17,November,5:00am-5:59am,1,Not an Intersection,1
35.35143611,-115.9383056,Clear,Daylight,Dry,Interstate,70.0,22,November,8:00am-8:59am,1,Not an Intersection,1
37.70378889,-121.7209556,Clear,Dark - Lighted,Dry,Minor Arterial,45.0,21,July,2:00am-2:59am,1,Not an Intersection,2
34.27181944,-118.70505,Clear,Dark - Lighted,Dry,Other Principal Arterial,45.0,12,August,11:00pm-11:59pm,1,Not an Intersection,1
35.358025,-119.027075,Clear,Daylight,Dry,Local,25.0,16,October,1:00pm-1:59pm,1,Not Reported,1
37.664275,-122.3990028,Rain,Daylight,Wet,Minor Arterial,40.0,21,November,12:00pm-12:59pm,1,Four-Way Intersection,1
38.01227778,-121.7817278,Clear,Dark - Not Lighted,Dry,Minor Arterial,45.0,17,March,1:00am-1:59am,1,Not an Intersection,1
37.81448889,-120.2989889,Clear,Daylight,Dry,Other Principal Arterial,55.0,25,April,8:00am-8:59am,1,T-Intersection,1
33.69124722,-116.1836278,Clear,Dark - Lighted,Dry,Other Principal Arterial,50.0,30,July,10:00pm-10:59pm,1,Not an Intersection,1
33.82718333,-118.2510833,Clear,Dark - Lighted,Dry,Interstate,65.0,18,August,10:00pm-10:59pm,1,Not an Intersection,1
37.11602778,-120.2379833,Clear,Dark - Not Lighted,Dry,Other Freeways and Expressways,70.0,3,September,9:00pm-9:59pm,1,Not an Intersection,1
36.72811111,-119.9281806,Clear,Dark - Not Lighted,Dry,Local,50.0,13,September,2:00am-2:59am,1,Not an Intersection,3
34.04009444,-118.578775,Clear,Daylight,Dry,Other Principal Arterial,45.0,13,October,5:00pm-5:59pm,3,Not an Intersection,1
37.55858333,-122.5147167,Clear,Dark - Not Lighted,Dry,Other Principal Arterial,50.0,17,April,Unknown Hours,1,Not an Intersection,1
34.329325,-117.5188556,Clear,Daylight,Non-Trafficway or Driveway Access,Minor Arterial,49.0,7,June,12:00pm-12:59pm,2,Not an Intersection,1
36.79759167,-119.8024972,Clear,Daylight,Dry,Local,25.0,1,September,2:00pm-2:59pm,1,Not an Intersection,1
36.35738611,-119.0984583,Clear,Dark - Not Lighted,Dry,Local,55.0,2,September,2:00am-2:59am,1,Not an Intersection,1
38.61516111,-122.4305972,Clear,Dark - Not Lighted,Dry,Major Collector,55.0,10,October,8:00pm-8:59pm,1,Not an Intersection,1
36.402,-119.8512833,Clear,Daylight,Dry,Minor Arterial,55.0,3,September,5:00pm-5:59pm,2,Four-Way Intersection,1
36.72127778,-118.9148361,Clear,Daylight,Dry,Minor Arterial,55.0,7,September,Unknown Hours,1,Not an Intersection,1
37.76188889,-122.1492111,Rain,Dark - Lighted,Wet,Interstate,65.0,14,April,3:00am-3:59am,5,Not an Intersection,1
33.90308333,-118.1938389,Clear,Daylight,Dry,Other Principal Arterial,35.0,9,June,10:00am-10:59am,6,Not an Intersection,1
33.82995278,-118.2875528,Clear,Dark - Not Lighted,Dry,Interstate,65.0,16,June,3:00am-3:59am,1,Not an Intersection,1
36.547325,-119.7859583,Clear,Dark - Lighted,Dry,Other Principal Arterial,65.0,3,November,9:00pm-9:59pm,2,Four-Way Intersection,1
34.42657778,-117.4918639,Clear,Dark - Not Lighted,Dry,Major Collector,55.0,16,December,5:00pm-5:59pm,2,Not an Intersection,1
33.76171389,-118.2294528,Clear,Daylight,Dry,Interstate,45.0,9,November,2:00pm-2:59pm,2,Not an Intersection,1
34.54286389,-117.9354083,Cloudy,Dark - Not Lighted,Dry,Major Collector,55.0,3,March,7:00pm-7:59pm,2,Not an Intersection,2
33.28591111,-117.1498083,Clear,Dark - Lighted,Dry,Interstate,70.0,19,June,11:00pm-11:59pm,1,Not an Intersection,1
33.36379444,-117.25415,Clear,Daylight,Dry,Local,25.0,23,June,10:00am-10:59am,1,Not an Intersection,1
36.98170556,-120.0830083,Clear,Dark - Lighted,Dry,Other Freeways and Expressways,65.0,9,July,11:00pm-11:59pm,1,Not an Intersection,1
34.36255556,-118.5550167,Cloudy,Dawn,Dry,Interstate,55.0,17,August,6:00am-6:59am,2,Not an Intersection,1
34.17325,-118.5645028,Clear,Dark - Lighted,Dry,Other Freeways and Expressways,65.0,3,September,5:00am-5:59am,2,Not an Intersection,1
33.30724167,-117.4749444,Clear,Dark - Not Lighted,Dry,Interstate,65.0,10,October,2:00am-2:59am,2,Not an Intersection,1
33.23900278,-116.9646833,Clear,Dark - Not Lighted,Dry,Minor Arterial,55.0,4,November,5:00pm-5:59pm,3,Not an Intersection,1
34.14336944,-118.3674972,Clear,Daylight,Dry,Other Freeways and Expressways,55.0,12,October,3:00pm-3:59pm,1,Not an Intersection,1
33.85237222,-117.8894361,Clear,Dark - Lighted,Dry,Other Principal Arterial,40.0,4,October,0:00am-0:59am,1,Not an Intersection,1
33.18288333,-117.2981583,Clear,Daylight,Dry,Other Freeways and Expressways,65.0,13,July,9:00am-9:59am,2,Not an Intersection,1
33.36339167,-117.1010611,Clear,Dark - Not Lighted,Dry,Minor Arterial,55.0,11,September,7:00pm-7:59pm,1,Not an Intersection,1
33.036825,-117.1651639,Cloudy,Daylight,Dry,Major Collector,55.0,21,September,6:00am-6:59am,4,Not an Intersection,1
37.30659444,-120.5409917,Clear,Daylight,Dry,Major Collector,55.0,28,September,6:00pm-6:59pm,1,Not an Intersection,1
37.43665278,-120.7842667,Clear,Dusk,Dry,Other Freeways and Expressways,65.0,12,October,7:00pm-7:59pm,2,Four-Way Intersection,1
33.24957222,-117.4199528,Cloudy,Dark - Not Lighted,Dry,Interstate,65.0,23,October,1:00am-1:59am,4,Not an Intersection,1
35.71547222,-118.4643833,Clear,Dark - Not Lighted,Dry,Local,25.0,30,November,7:00pm-7:59pm,1,Not an Intersection,1
34.12413889,-117.6924056,Clear,Dark - Not Lighted,Dry,Other Freeways and Expressways,65.0,16,November,2:00am-2:59am,2,Not an Intersection,3
34.14493333,-117.2784861,Clear,Dark - Not Lighted,Dry,Other Freeways and Expressways,65.0,16,June,3:00am-3:59am,1,Not an Intersection,1
33.90558056,-117.4935917,Clear,Daylight,Dry,Local,40.0,24,October,2:00pm-2:59pm,5,Not an Intersection,1
34.06587222,-117.7191639,Clear,Dark - Lighted,Dry,Minor Arterial,35.0,13,November,5:00pm-5:59pm,1,T-Intersection,1
37.53828611,-122.2988361,Clear,Dark - Lighted,Dry,Other Freeways and Expressways,35.0,27,November,6:00pm-6:59pm,1,Not an Intersection,1
32.82738611,-116.5259972,Clear,Daylight,Dry,Local,25.0,13,April,11:00am-11:59am,1,Not an Intersection,1
36.92378611,-120.0887972,Clear,Dark - Not Lighted,Dry,Minor Arterial,55.0,18,July,3:00am-3:59am,1,Not an Intersection,1
36.73500278,-119.9847028,Clear,Dark - Not Lighted,Dry,Other Principal Arterial,55.0,17,August,1:00am-1:59am,2,Not an Intersection,1
37.99803611,-121.8108583,Clear,Dark - Not Lighted,Dry,Other Freeways and Expressways,65.0,13,October,5:00am-5:59am,2,Not an Intersection,1
37.96640833,-121.2879,Clear,Dark - Lighted,Dry,Minor Arterial,30.0,26,September,8:00pm-8:59pm,1,Not an Intersection,1
38.49735278,-121.4381472,Clear,Dark - Lighted,Dry,Other Principal Arterial,35.0,9,November,6:00pm-6:59pm,1,Not an Intersection,1
40.48135833,-122.1675306,Rain,Dark - Not Lighted,Wet,Minor Arterial,55.0,22,November,9:00pm-9:59pm,1,Not an Intersection,1
33.79333611,-117.9411917,Clear,Daylight,Dry,Other Principal Arterial,40.0,15,October,3:00pm-3:59pm,1,Not an Intersection,1
37.79852778,-121.0149667,Clear,Dark - Lighted,Dry,Other Principal Arterial,50.0,11,November,7:00pm-7:59pm,2,Four-Way Intersection,1
40.90636111,-124.0314778,Clear,Daylight,Dry,Other Principal Arterial,65.0,21,September,7:00am-7:59am,2,Not an Intersection,1
38.02676944,-121.92135,Rain,Dark - Lighted,Wet,Other Principal Arterial,40.0,22,November,9:00pm-9:59pm,1,Not an Intersection,1
33.87344722,-118.2131139,Clear,Dark - Lighted,Dry,Other Freeways and Expressways,65.0,10,August,1:00am-1:59am,2,Not an Intersection,1
38.42860278,-122.7637778,Clear,Daylight,Dry,Other Principal Arterial,65.0,29,August,11:00am-11:59am,12,Not an Intersection,1
37.06415833,-119.2069361,Clear,Dark - Not Lighted,Dry,Not Reported,55.0,14,October,Unknown Hours,1,Not an Intersection,1
36.47853333,-121.4098139,Clear,Daylight,Dry,Other Freeways and Expressways,55.0,19,October,11:00am-11:59am,5,Not an Intersection,1
35.65734722,-118.4303278,Clear,Dark - Not Lighted,Dry,Minor Arterial,55.0,19,October,7:00pm-7:59pm,2,Not an Intersection,1
34.94806667,-118.2790389,Clear,Dark - Not Lighted,Dry,Local,55.0,24,October,Unknown Hours,1,Not an Intersection,1
33.33745278,-117.1450139,Clear,Dark - Not Lighted,Dry,Minor Arterial,55.0,10,May,11:00pm-11:59pm,3,Not an Intersection,4
33.15658889,-117.350875,Clear,Daylight,Dry,Minor Arterial,25.0,19,November,8:00am-8:59am,1,T-Intersection,1
37.99336944,-122.0690083,Cloudy,Dark - Lighted,Dry,Interstate,65.0,14,July,10:00pm-10:59pm,5,Not an Intersection,1
37.63803333,-121.3138389,Clear,Daylight,Dry,Other Principal Arterial,55.0,19,August,4:00pm-4:59pm,3,Not an Intersection,1
33.49331944,-116.0912111,Clear,Daylight,Dry,Other Principal Arterial,65.0,17,November,6:00am-6:59am,2,Not an Intersection,1
38.6198,-121.3644333,Clear,Daylight,Dry,Minor Arterial,25.0,28,September,1:00pm-1:59pm,2,T-Intersection,1
34.13065556,-117.9303611,Clear,Daylight,Dry,Interstate,65.0,1,October,2:00pm-2:59pm,1,Not an Intersection,1
38.65873611,-121.3829194,Clear,Dark - Lighted,Dry,Other Principal Arterial,35.0,16,November,5:00am-5:59am,1,Not an Intersection,1
33.18726944,-117.2812278,Cloudy,Dark - Lighted,Dry,Other Freeways and Expressways,65.0,28,September,4:00am-4:59am,1,Not an Intersection,1
38.82588889,-120.0521222,Clear,Dark - Not Lighted,Snow,Other Principal Arterial,55.0,28,November,5:00pm-5:59pm,2,Not an Intersection,2
33.91986111,-118.2543667,Clear,Dark - Lighted,Dry,Local,35.0,20,October,9:00pm-9:59pm,1,Not an Intersection,1
35.41221944,-119.0406139,Clear,Dark - Lighted,Dry,Minor Arterial,50.0,5,November,7:00pm-7:59pm,1,Not an Intersection,1
37.04091667,-119.7800278,Clear,Dark - Not Lighted,Dry,Other Principal Arterial,55.0,11,February,Unknown Hours,1,Not an Intersection,1
37.09073056,-120.2913056,Clear,Daylight,Dry,Major Collector,55.0,22,April,4:00pm-4:59pm,2,T-Intersection,1
38.25507778,-121.6013028,Clear,Daylight,Dry,Local,55.0,9,June,7:00pm-7:59pm,1,Not an Intersection,1
34.09525556,-117.2002806,Clear,Dark - Not Lighted,Dry,Other Freeways and Expressways,65.0,4,July,4:00am-4:59am,1,Not an Intersection,1
33.69578333,-117.0888222,Clear,Dark - Not Lighted,Dry,Minor Arterial,65.0,1,September,4:00am-4:59am,2,Not an Intersection,1
33.67083611,-116.1947444,Clear,Dark - Not Lighted,Dry,Minor Arterial,45.0,22,April,9:00pm-9:59pm,1,Not an Intersection,1
34.03046111,-117.6187333,Clear,Daylight,Dry,Other Principal Arterial,65.0,8,September,12:00pm-12:59pm,3,Not an Intersection,1
34.01655278,-118.4750639,Clear,Daylight,Dry,Other Principal Arterial,35.0,29,September,3:00pm-3:59pm,1,Not an Intersection,1
37.13482222,-119.1761806,Clear,Daylight,Dry,Local,49.0,12,October,2:00pm-2:59pm,1,Not an Intersection,1
40.53920833,-124.1116306,Clear,Daylight,Dry,Local,35.0,27,October,1:00pm-1:59pm,1,Not an Intersection,1
36.89181111,-119.7925972,Clear,Dark - Not Lighted,Dry,Other Principal Arterial,65.0,8,November,6:00pm-6:59pm,3,Not an Intersection,1
37.10563889,-121.0154639,Clear,Daylight,Dry,Interstate,70.0,10,November,4:00pm-4:59pm,1,Not an Intersection,1
39.55672222,-121.76675,Clear,Dark - Not Lighted,Dry,Major Collector,55.0,11,November,Unknown Hours,1,Not an Intersection,1
33.13055833,-117.1227806,Clear,Dark - Lighted,Dry,Minor Arterial,45.0,28,November,8:00pm-8:59pm,1,Four-Way Intersection,1
35.40065556,-119.0045722,Clear,Daylight,Dry,Other Principal Arterial,45.0,7,December,2:00pm-2:59pm,1,Not an Intersection,1
38.70823333,-122.9123111,Rain,Daylight,Wet,Other Freeways and Expressways,65.0,12,October,12:00pm-12:59pm,2,Not an Intersection,1
38.67856667,-121.2275667,Clear,Dark - Not Lighted,Dry,Other Principal Arterial,45.0,12,January,10:00pm-10:59pm,1,Not an Intersection,1
33.45671389,-117.1289306,Clear,Daylight,Dry,Major Collector,40.0,21,October,12:00pm-12:59pm,2,Not an Intersection,1
37.05448611,-120.6666528,Clear,Daylight,Dry,Other Principal Arterial,65.0,27,September,3:00pm-3:59pm,2,Not an Intersection,2
38.16948056,-120.8383667,Clear,Dark - Not Lighted,Dry,Minor Arterial,55.0,7,February,3:00am-3:59am,1,Not an Intersection,1
36.59738611,-119.4519167,Clear,Daylight,Dry,Major Collector,25.0,10,September,8:00am-8:59am,1,Four-Way Intersection,1
38.12769444,-122.2515194,Clear,Daylight,Non-Trafficway or Driveway Access,Local,49.0,15,October,9:00am-9:59am,1,Not an Intersection,1
34.99968889,-120.43645,"Fog, Smog, Smoke",Dark - Not Lighted,Dry,Other Freeways and Expressways,65.0,13,October,2:00am-2:59am,4,Not an Intersection,1
34.09470833,-117.5042389,Clear,Dark - Not Lighted,Dry,Major Collector,40.0,20,October,1:00am-1:59am,1,Not an Intersection,1
39.33631389,-121.7088472,Clear,Dark - Not Lighted,Wet,Local,35.0,15,December,0:00am-0:59am,1,Not an Intersection,1
37.46366944,-120.77625,Clear,Dark - Lighted,Dry,Minor Collector,55.0,17,December,8:00pm-8:59pm,2,Not an Intersection,1
32.74974444,-117.1957333,Clear,Dark - Lighted,Dry,Interstate,65.0,23,February,11:00pm-11:59pm,1,Not an Intersection,1
37.86706667,-121.661325,Clear,Daylight,Dry,Minor Arterial,45.0,28,July,7:00pm-7:59pm,1,Not an Intersection,1
38.63666667,-121.3111333,Clear,Dark - Not Lighted,Dry,Other Principal Arterial,40.0,2,September,8:00pm-8:59pm,1,Not an Intersection,1
37.51316944,-121.9849694,Clear,Dark - Not Lighted,Dry,Local,35.0,30,June,2:00am-2:59am,1,Not an Intersection,1
32.81100833,-116.9010306,Clear,Daylight,Non-Trafficway or Driveway Access,Minor Arterial,49.0,8,April,5:00pm-5:59pm,2,Not an Intersection,1
38.22427778,-121.4293667,Clear,Daylight,Dry,Interstate,70.0,29,May,4:00pm-4:59pm,3,Not an Intersection,1
35.96407222,-119.2904944,Cloudy,Daylight,Dry,Other Freeways and Expressways,70.0,13,July,9:00am-9:59am,1,Not an Intersection,1
38.75929444,-122.6409361,Clear,Daylight,Dry,Minor Arterial,55.0,4,November,5:00pm-5:59pm,1,T-Intersection,1
37.827325,-121.0714056,Clear,Dark - Not Lighted,Dry,Major Collector,55.0,16,September,6:00am-6:59am,2,Four-Way Intersection,1
34.07324444,-118.2899611,Clear,Dark - Lighted,Dry,Major Collector,35.0,10,January,10:00pm-10:59pm,2,Not an Intersection,1
36.80125,-119.6821917,Cloudy,Dark - Lighted,Dry,Minor Arterial,40.0,1,December,2:00am-2:59am,6,Four-Way Intersection,2
39.42554722,-121.6052028,Clear,Dark - Lighted,Dry,Other Principal Arterial,65.0,4,October,9:00pm-9:59pm,2,Not an Intersection,1
38.62276389,-121.5159111,Clear,Daylight,Dry,Interstate,65.0,12,October,1:00pm-1:59pm,2,Not an Intersection,1
37.05650556,-120.9337472,Clear,Dark - Lighted,Dry,Other Principal Arterial,65.0,25,October,10:00pm-10:59pm,1,Not an Intersection,1
38.217025,-121.0666444,Clear,Dark - Not Lighted,Dry,Other Principal Arterial,55.0,25,August,1:00am-1:59am,2,Not an Intersection,1
36.32795,-119.8078556,Clear,Daylight,Dry,Other Principal Arterial,55.0,27,September,3:00pm-3:59pm,3,Four-Way Intersection,1
34.03044167,-117.6286111,Clear,Daylight,Dry,Other Freeways and Expressways,65.0,14,October,1:00pm-1:59pm,2,Not an Intersection,1
34.28106389,-118.4185083,Clear,Dark - Not Lighted,Dry,Other Freeways and Expressways,65.0,5,November,5:00am-5:59am,1,Not an Intersection,1
35.95291111,-119.2899222,Clear,Dark - Not Lighted,Dry,Other Freeways and Expressways,70.0,9,November,5:00am-5:59am,1,Not an Intersection,1
37.383775,-121.8623444,Clear,Dark - Not Lighted,Dry,Interstate,65.0,26,November,8:00pm-8:59pm,1,Not an Intersection,1
37.34079722,-119.693275,Cloudy,Dark - Not Lighted,Wet,Minor Arterial,55.0,28,November,1:00am-1:59am,1,Not an Intersection,1
34.13540278,-116.4590111,Clear,Daylight,Dry,Minor Arterial,55.0,8,December,12:00pm-12:59pm,2,Not an Intersection,1
35.35751389,-119.0030917,Clear,Dark - Lighted,Dry,Other Principal Arterial,40.0,9,December,9:00pm-9:59pm,2,Not an Intersection,1
36.50366111,-119.5985583,Clear,Dark - Not Lighted,Dry,Local,55.0,27,February,5:00am-5:59am,1,Not an Intersection,1
33.939825,-118.0344556,Clear,Dark - Lighted,Dry,Other Principal Arterial,25.0,23,April,11:00pm-11:59pm,2,Four-Way Intersection,1
33.51756389,-117.59555,Clear,Daylight,Dry,Minor Arterial,55.0,13,June,1:00pm-1:59pm,2,Not an Intersection,1
38.82775833,-120.8374611,Clear,Dark - Not Lighted,Dry,Minor Collector,45.0,21,September,2:00am-2:59am,1,Not an Intersection,1
38.60739444,-121.2725667,Clear,Dark - Lighted,Dry,Other Freeways and Expressways,65.0,13,September,11:00pm-11:59pm,1,Not an Intersection,1
35.67030278,-120.08085,Clear,Dark - Not Lighted,Dry,Other Principal Arterial,65.0,26,October,8:00pm-8:59pm,1,Not an Intersection,1
36.342675,-119.6660833,Clear,Daylight,Dry,Other Principal Arterial,40.0,22,October,4:00pm-4:59pm,2,Four-Way Intersection,1
33.15317778,-117.1956167,Cloudy,Dark - Lighted,Dry,Minor Arterial,45.0,1,January,6:00am-6:59am,1,T-Intersection,1
34.03282778,-118.43665,Clear,Dark - Lighted,Dry,Minor Arterial,35.0,7,January,7:00pm-7:59pm,1,T-Intersection,1
38.60046667,-121.4286056,Clear,Dark - Lighted,Dry,Other Principal Arterial,40.0,10,June,11:00pm-11:59pm,1,Four-Way Intersection,1
33.147275,-117.1855389,Clear,Dark - Lighted,Dry,Minor Arterial,45.0,18,January,5:00pm-5:59pm,1,T-Intersection,1
33.97914167,-117.4451944,Clear,Dark - Not Lighted,Dry,Other Principal Arterial,45.0,15,January,8:00pm-8:59pm,1,Not an Intersection,1
37.81445278,-122.3709611,Clear,Dark - Lighted,Dry,Local,25.0,6,October,1:00am-1:59am,1,Not an Intersection,1
37.24377778,-122.0095889,Clear,Dark - Not Lighted,Dry,Other Principal Arterial,45.0,28,November,3:00am-3:59am,2,Not an Intersection,1
32.64814722,-117.1484222,Clear,Daylight,Dry,Other Principal Arterial,65.0,29,October,12:00pm-12:59pm,3,T-Intersection,1
34.05219167,-118.2633889,Clear,Dark - Lighted,Dry,Minor Arterial,25.0,25,October,11:00pm-11:59pm,2,Four-Way Intersection,1
35.66139444,-120.4291611,Clear,Dark - Not Lighted,Dry,Other Principal Arterial,65.0,28,July,10:00pm-10:59pm,3,Not an Intersection,4
33.10731111,-116.6569472,Clear,Daylight,Ice/Frost,Minor Arterial,55.0,11,February,12:00pm-12:59pm,1,Not an Intersection,1
33.05570278,-116.8199889,Clear,Daylight,Dry,Minor Arterial,55.0,22,March,11:00am-11:59am,2,Not an Intersection,1
33.96041667,-118.281075,Clear,Dark - Not Lighted,Dry,Interstate,65.0,17,March,5:00am-5:59am,4,Not an Intersection,2
33.93210278,-117.8939694,Clear,Daylight,Dry,Minor Arterial,40.0,6,July,2:00pm-2:59pm,2,Four-Way Intersection,1
39.358725,-123.8083139,Clear,Dark - Not Lighted,Wet,Minor Arterial,55.0,28,November,9:00pm-9:59pm,2,Not an Intersection,1
37.89093889,-121.5100278,Clear,Dark - Lighted,Dry,Other Principal Arterial,55.0,5,October,Unknown Hours,1,Not an Intersection,1
38.64420833,-121.2250028,Clear,Dark - Lighted,Dry,Other Principal Arterial,45.0,26,November,5:00pm-5:59pm,1,Not an Intersection,1
33.700575,-117.9466444,Clear,Dark - Not Lighted,Dry,Interstate,65.0,26,September,11:00pm-11:59pm,1,Not an Intersection,1
38.68068889,-121.3104583,Cloudy,Dark - Lighted,Dry,Minor Arterial,35.0,23,December,9:00pm-9:59pm,1,T-Intersection,1
38.01556667,-121.8197861,Clear,Daylight,Dry,Minor Arterial,30.0,20,March,5:00pm-5:59pm,2,Four-Way Intersection,1
37.75265,-120.9446333,Clear,Dawn,Dry,Major Collector,55.0,17,July,5:00am-5:59am,2,Not an Intersection,1
33.78063056,-116.7472306,Clear,Daylight,Dry,Minor Arterial,55.0,25,October,7:00am-7:59am,1,Not an Intersection,1
36.32721389,-119.4176083,Cloudy,Dark - Lighted,Dry,Other Freeways and Expressways,65.0,2,November,4:00am-4:59am,1,Not an Intersection,1
36.48508889,-120.0312111,Clear,Daylight,Dry,Minor Collector,55.0,12,November,3:00pm-3:59pm,2,T-Intersection,1
34.01506944,-117.3428833,Clear,Daylight,Dry,Interstate,65.0,20,November,3:00pm-3:59pm,2,Not an Intersection,1
34.029575,-118.199,Clear,Dark - Lighted,Dry,Other Freeways and Expressways,65.0,20,November,9:00pm-9:59pm,1,Not an Intersection,1
37.65613056,-121.7258556,Clear,Daylight,Dry,Minor Arterial,45.0,28,November,11:00am-11:59am,1,Not an Intersection,1
36.60098333,-119.9023778,Clear,Dusk,Dry,Minor Collector,25.0,22,December,5:00pm-5:59pm,1,Not an Intersection,1
33.74295278,-117.1628889,Clear,Dark - Lighted,Dry,Other Principal Arterial,55.0,9,December,4:00am-4:59am,3,Not an Intersection,1
36.58090833,-121.8279694,Rain,Daylight,Wet,Other Principal Arterial,55.0,24,December,11:00am-11:59am,3,Not an Intersection,1
35.29203889,-118.9855083,Clear,Dark - Not Lighted,Dry,Local,55.0,29,September,1:00am-1:59am,1,Not an Intersection,1
34.60183056,-117.9696194,Clear,Daylight,Dry,Minor Arterial,55.0,8,September,6:00pm-6:59pm,1,Not an Intersection,1
33.85820556,-118.0336806,Clear,Dark - Not Lighted,Dry,Other Freeways and Expressways,65.0,25,October,8:00pm-8:59pm,1,Not an Intersection,1
35.64859444,-119.8908583,Rain,Dark - Not Lighted,Non-Trafficway or Driveway Access,Minor Arterial,49.0,26,November,5:00am-5:59am,3,Not an Intersection,1
36.60650278,-119.3048639,Cloudy,Daylight,Dry,Major Collector,55.0,16,October,4:00pm-4:59pm,3,Not an Intersection,1
36.47195278,-119.2773806,Clear,Dark - Not Lighted,Dry,Major Collector,55.0,26,October,10:00pm-10:59pm,1,Not an Intersection,1
35.50040278,-119.4747333,Clear,Daylight,Dry,Major Collector,55.0,31,October,6:00am-6:59am,2,Four-Way Intersection,1
37.90661111,-122.0600528,Clear,Dark - Lighted,Dry,Other Principal Arterial,35.0,1,August,1:00am-1:59am,1,Not an Intersection,1
33.01486111,-116.5618861,Cloudy,Dark - Not Lighted,Dry,Minor Arterial,55.0,29,March,Unknown Hours,1,Not an Intersection,1
33.64725833,-117.7622694,Clear,Dark - Lighted,Dry,Interstate,65.0,30,October,7:00pm-7:59pm,1,Not an Intersection,1
39.11374167,-121.5595917,Rain,Dark - Not Lighted,Wet,Other Freeways and Expressways,65.0,28,December,5:00am-5:59am,1,Not an Intersection,1
36.80026389,-120.4294333,Clear,Dark - Not Lighted,Dry,Local,25.0,31,August,Unknown Hours,1,Not an Intersection,2
34.51876389,-118.1105722,Clear,Daylight,Dry,Other Principal Arterial,65.0,10,March,8:00am-8:59am,2,Not an Intersection,1
33.71222222,-117.7848556,Clear,Daylight,Dry,Interstate,65.0,12,June,10:00am-10:59am,4,Not an Intersection,1
36.80770833,-119.9361028,Clear,Dark - Not Lighted,Dry,Major Collector,55.0,26,June,4:00am-4:59am,2,Not an Intersection,1
36.43107222,-119.7804028,Clear,Dark - Not Lighted,Dry,Major Collector,55.0,28,June,9:00pm-9:59pm,2,Four-Way Intersection,1
36.80822778,-119.5852667,Clear,Daylight,Dry,Major Collector,55.0,20,June,7:00pm-7:59pm,3,T-Intersection,1
38.18724167,-122.6558806,Clear,Daylight,Dry,Local,35.0,23,September,1:00pm-1:59pm,1,Not an Intersection,1
34.03039167,-117.6797194,Clear,Dark - Not Lighted,Dry,Other Freeways and Expressways,65.0,11,October,7:00pm-7:59pm,1,Not an Intersection,1
36.78288333,-119.7844667,Clear,Dark - Not Lighted,Dry,Other Freeways and Expressways,65.0,13,September,4:00am-4:59am,1,Not an Intersection,1
35.61942778,-119.9749778,Clear,Daylight,Non-Trafficway or Driveway Access,Minor Arterial,49.0,1,November,11:00am-11:59am,2,Not an Intersection,1
40.43650833,-122.1918194,Clear,Dark - Not Lighted,Dry,Minor Collector,55.0,20,December,7:00pm-7:59pm,1,Not an Intersection,1
37.82498611,-122.2718861,Cloudy,Daylight,Dry,Interstate,65.0,26,October,3:00pm-3:59pm,2,Not an Intersection,1
36.22021944,-119.1542944,Clear,Daylight,Dry,Minor Collector,55.0,16,September,2:00pm-2:59pm,2,Not an Intersection,1
34.44978333,-118.4236333,Clear,Dark - Lighted,Dry,Other Principal Arterial,55.0,11,May,11:00pm-11:59pm,3,T-Intersection,1
32.94741111,-116.9636333,Clear,Daylight,Non-Trafficway or Driveway Access,Minor Arterial,49.0,22,May,3:00pm-3:59pm,2,Not an Intersection,1
34.33667222,-118.5080056,Clear,Dark - Lighted,Dry,Other Freeways and Expressways,65.0,16,June,2:00am-2:59am,1,Not an Intersection,1
33.73881111,-116.2476972,Clear,Dark - Not Lighted,Dry,Interstate,70.0,14,July,2:00am-2:59am,2,Not an Intersection,1
34.06537778,-117.2577611,Clear,Dark - Lighted,Dry,Interstate,65.0,27,July,0:00am-0:59am,2,Not an Intersection,1
37.70220556,-121.7451306,Clear,Dark - Not Lighted,Dry,Interstate,65.0,21,September,8:00pm-8:59pm,2,Not an Intersection,1
34.24123333,-117.4365917,Clear,Dark - Not Lighted,Dry,Local,55.0,13,October,1:00am-1:59am,2,Not an Intersection,2
36.06565833,-119.3577056,Clear,Dark - Not Lighted,Dry,Major Collector,55.0,4,November,6:00pm-6:59pm,2,Four-Way Intersection,1
37.72960833,-121.6334694,Clear,Dark - Lighted,Dry,Interstate,65.0,6,November,7:00pm-7:59pm,3,Not an Intersection,1
34.01379444,-118.4847944,Clear,Dark - Lighted,Dry,Other Principal Arterial,35.0,17,November,0:00am-0:59am,2,Not an Intersection,1
33.86301111,-118.3524556,Clear,Dark - Lighted,Dry,Other Principal Arterial,35.0,27,December,5:00am-5:59am,1,Not an Intersection,1
34.38484444,-118.4850056,Clear,Daylight,Dry,Other Freeways and Expressways,65.0,26,July,10:00am-10:59am,1,Not an Intersection,1
33.925325,-116.4514917,Clear,Dark - Lighted,Dry,Major Collector,55.0,18,October,6:00pm-6:59pm,2,T-Intersection,1
34.15177222,-118.2823889,Clear,Dark - Lighted,Dry,Interstate,65.0,29,September,0:00am-0:59am,1,Not an Intersection,1
34.08141944,-117.7338694,Clear,Dark - Not Lighted,Dry,Interstate,55.0,14,October,4:00am-4:59am,2,Not an Intersection,1
37.35246389,-121.9921694,Clear,Dark - Lighted,Dry,Other Principal Arterial,40.0,4,January,8:00pm-8:59pm,1,Not an Intersection,1
38.25388611,-122.0667556,Clear,Dusk,Dry,Interstate,25.0,9,November,5:00pm-5:59pm,2,Y-Intersection,1
33.744275,-117.8851917,Clear,Daylight,Dry,Other Principal Arterial,40.0,2,November,6:00am-6:59am,1,Not an Intersection,1
38.65334722,-121.4781389,Cloudy,Daylight,Dry,Other Principal Arterial,40.0,14,November,12:00pm-12:59pm,1,Not an Intersection,1
36.72811111,-119.912725,Cloudy,Dark - Lighted,Dry,Minor Collector,50.0,3,November,1:00am-1:59am,1,Not an Intersection,1
34.07194722,-117.9005833,Clear,Daylight,Dry,Interstate,65.0,17,November,10:00am-10:59am,3,Not an Intersection,1
34.86512778,-120.3656278,Clear,Daylight,Dry,Major Collector,55.0,16,December,2:00pm-2:59pm,3,Not an Intersection,2
38.95275833,-121.8025583,"Fog, Smog, Smoke",Dark - Not Lighted,Wet,Minor Collector,55.0,18,December,6:00am-6:59am,1,Not an Intersection,1
35.71770833,-119.3304,Clear,Daylight,Dry,Minor Arterial,55.0,12,January,2:00pm-2:59pm,4,Four-Way Intersection,1
38.38084722,-122.3104611,Clear,Dark - Not Lighted,Dry,Major Collector,55.0,16,March,4:00am-4:59am,1,Not an Intersection,1
37.55113611,-120.8471389,Clear,Dark - Lighted,Dry,Minor Arterial,55.0,18,January,9:00pm-9:59pm,2,Four-Way Intersection,2
32.71461111,-117.1468806,Clear,Dark - Not Lighted,Dry,Other Freeways and Expressways,65.0,25,May,4:00am-4:59am,1,Not an Intersection,1
34.35623889,-118.38785,Clear,Daylight,Dry,Major Collector,55.0,25,July,Unknown Hours,1,Not an Intersection,1
33.72895278,-116.3038583,Clear,Dark - Lighted,Dry,Minor Arterial,50.0,31,August,8:00pm-8:59pm,2,Four-Way Intersection,1
33.96051667,-118.2316694,Clear,Dark - Lighted,Dry,Other Principal Arterial,40.0,16,August,2:00am-2:59am,2,Not an Intersection,1
34.51099444,-120.4914167,Clear,Daylight,Dry,Major Collector,45.0,7,September,12:00pm-12:59pm,1,Not an Intersection,1
35.77597222,-119.2830306,Clear,Dark - Lighted,Dry,Minor Arterial,55.0,20,October,2:00am-2:59am,1,T-Intersection,1
33.78442222,-118.1676528,Clear,Daylight,Dry,Minor Arterial,25.0,2,August,6:00pm-6:59pm,4,Four-Way Intersection,1
33.99291667,-117.9198361,Clear,Daylight,Non-Trafficway or Driveway Access,Trafficway Not in State Inventory,49.0,19,September,6:00pm-6:59pm,1,Not an Intersection,1
38.56976944,-121.4665528,Clear,Daylight,Dry,Minor Arterial,30.0,29,August,10:00am-10:59am,1,Not an Intersection,1
34.16537222,-118.5202833,Clear,Daylight,Dry,Local,25.0,17,September,8:00am-8:59am,1,Four-Way Intersection,1
33.93340556,-116.5017667,Clear,Dark - Lighted,Dry,Minor Arterial,45.0,14,September,4:00am-4:59am,2,Not an Intersection,1
38.57570278,-122.5399528,Rain,Dark - Not Lighted,Wet,Major Collector,55.0,19,January,11:00pm-11:59pm,1,Not an Intersection,1
32.79045278,-116.8368611,Clear,Dark - Not Lighted,Dry,Major Collector,50.0,7,August,4:00am-4:59am,1,Not an Intersection,1
39.11214722,-120.9500278,Clear,Dark - Not Lighted,Dry,Minor Arterial,45.0,27,June,1:00am-1:59am,1,Not an Intersection,1
33.91771389,-118.1047917,Clear,Dark - Lighted,Dry,Interstate,65.0,31,July,1:00am-1:59am,1,Not an Intersection,1
38.64491667,-121.3828444,Cloudy,Dark - Not Lighted,Dry,Interstate,65.0,16,September,Unknown Hours,1,Not an Intersection,1
36.34620278,-119.6018778,Clear,Dark - Not Lighted,Dry,Minor Arterial,55.0,11,August,3:00am-3:59am,2,Not an Intersection,1
35.28122222,-119.0037333,Clear,Dark - Lighted,Dry,Other Principal Arterial,45.0,22,November,7:00pm-7:59pm,2,Four-Way Intersection,1
36.13943889,-116.3109833,Severe Crosswinds,Dark - Not Lighted,Dry,Minor Arterial,65.0,24,December,10:00pm-10:59pm,1,Not an Intersection,1
36.80841111,-119.8228028,Clear,Dark - Lighted,Dry,Minor Arterial,40.0,26,April,0:00am-0:59am,1,Not an Intersection,1
34.03949722,-118.3090333,Clear,Dark - Lighted,Dry,Other Principal Arterial,35.0,28,April,1:00am-1:59am,1,Not an Intersection,1
37.80880278,-122.2550556,Clear,Dark - Lighted,Dry,Other Principal Arterial,30.0,6,May,2:00am-2:59am,1,Not an Intersection,1
34.07043333,-117.4356972,Clear,Dark - Lighted,Dry,Other Principal Arterial,40.0,26,June,10:00pm-10:59pm,2,Four-Way Intersection,2
32.69223611,-117.057025,Clear,Daylight,Dry,Local,25.0,16,March,9:00am-9:59am,2,T-Intersection,1
36.29471389,-119.3137611,Clear,Dark - Lighted,Dry,Other Principal Arterial,40.0,2,July,9:00pm-9:59pm,1,Four-Way Intersection,1
34.11251667,-117.9700778,Clear,Dusk,Dry,Other Principal Arterial,45.0,9,July,8:00pm-8:59pm,1,Not an Intersection,1
37.47112222,-120.849,Clear,Daylight,Dry,Minor Arterial,55.0,15,July,12:00pm-12:59pm,2,Not an Intersection,1
34.46315556,-117.3466,Clear,Daylight,Dry,Minor Arterial,45.0,23,July,7:00pm-7:59pm,2,Four-Way Intersection,1
34.51451389,-117.2067917,Clear,Dark - Lighted,Dry,Other Principal Arterial,60.0,16,September,2:00am-2:59am,1,Four-Way Intersection,1
34.14970278,-118.6636833,Clear,Dark - Not Lighted,Dry,Other Freeways and Expressways,65.0,7,April,5:00am-5:59am,2,Not an Intersection,1
32.75877778,-117.2105389,Clear,Daylight,Dry,Interstate,65.0,27,April,3:00pm-3:59pm,2,Not an Intersection,1
37.5709,-120.9754028,Cloudy,Dark - Not Lighted,Dry,Major Collector,55.0,24,August,Unknown Hours,1,Not an Intersection,1
33.79099722,-118.2081806,Clear,Dark - Not Lighted,Dry,Interstate,65.0,4,September,0:00am-0:59am,1,Not an Intersection,1
33.91788056,-118.2391889,Clear,Dark - Lighted,Dry,Minor Arterial,35.0,29,September,9:00pm-9:59pm,1,T-Intersection,1
34.02077778,-117.1023861,Clear,Dark - Not Lighted,Dry,Interstate,55.0,27,August,2:00am-2:59am,1,Not an Intersection,1
36.298375,-119.3349722,Clear,Dark - Lighted,Dry,Local,45.0,24,August,0:00am-0:59am,1,Not an Intersection,1
34.033075,-117.4148278,Cloudy,Daylight,Dry,Minor Arterial,45.0,2,November,1:00pm-1:59pm,2,T-Intersection,1
33.48833611,-117.1957694,Cloudy,Dark - Not Lighted,Dry,Local,50.0,26,May,2:00am-2:59am,1,T-Intersection,1
37.49257778,-120.8706278,Clear,Dark - Lighted,Dry,Minor Arterial,65.0,3,June,4:00am-4:59am,1,Not an Intersection,1
38.11586667,-121.230025,Clear,Daylight,Dry,Minor Collector,55.0,28,June,1:00pm-1:59pm,1,Not an Intersection,1
36.98658333,-121.8593083,Clear,Daylight,Dry,Major Collector,45.0,17,August,7:00am-7:59am,2,Not an Intersection,1
33.849525,-117.9666139,Clear,Dark - Not Lighted,Dry,Interstate,65.0,3,September,8:00pm-8:59pm,1,Not an Intersection,1
38.013975,-122.2553361,Cloudy,Dark - Not Lighted,Dry,Other Principal Arterial,65.0,14,April,11:00pm-11:59pm,2,Not an Intersection,1
37.89634167,-121.7005194,Clear,Dark - Not Lighted,Dry,Other Principal Arterial,50.0,17,October,5:00am-5:59am,1,Not an Intersection,1
33.91645833,-118.2785389,Clear,Dark - Lighted,Dry,Other Principal Arterial,40.0,9,November,0:00am-0:59am,1,Four-Way Intersection,1
37.06477222,-119.4571778,Cloudy,Daylight,Dry,Minor Arterial,60.0,13,November,1:00pm-1:59pm,1,Not an Intersection,1
37.56715278,-121.2185944,Cloudy,Daylight,Dry,Minor Arterial,55.0,20,November,8:00am-8:59am,3,Not an Intersection,1
33.89515278,-118.2676278,Clear,Dark - Lighted,Dry,Minor Arterial,40.0,3,December,Unknown Hours,1,Four-Way Intersection,1
33.83139167,-118.2875611,Clear,Dark - Lighted,Dry,Interstate,65.0,7,December,5:00am-5:59am,1,Not an Intersection,1
35.44100556,-119.087375,Clear,Daylight,Dry,Other Principal Arterial,50.0,21,December,12:00pm-12:59pm,2,Not an Intersection,1
36.36545,-119.1674889,Clear,Dark - Not Lighted,Dry,Local,55.0,21,December,5:00pm-5:59pm,1,Not an Intersection,1
34.05126389,-117.9506306,Cloudy,Dark - Lighted,Dry,Local,40.0,22,April,9:00pm-9:59pm,1,Not an Intersection,1
39.00865833,-121.4988361,Clear,Daylight,Dry,Major Collector,55.0,16,October,4:00pm-4:59pm,3,T-Intersection,1
38.67080278,-121.5107194,Clear,Daylight,Dry,Major Collector,35.0,9,September,8:00am-8:59am,1,Four-Way Intersection,1
33.71461667,-116.2328028,Clear,Dark - Lighted,Dry,Other Principal Arterial,45.0,17,August,2:00am-2:59am,1,Not an Intersection,1
33.95141111,-118.1260083,Clear,Daylight,Dry,Other Principal Arterial,40.0,26,July,9:00am-9:59am,1,Four-Way Intersection,1
38.46236389,-121.4466778,Clear,Daylight,Dry,Minor Arterial,50.0,4,September,6:00pm-6:59pm,1,Four-Way Intersection,1
35.18053333,-120.7358417,Clear,Daylight,Dry,Minor Arterial,40.0,6,August,6:00pm-6:59pm,2,Four-Way Intersection,1
37.53520278,-120.8914139,Clear,Dark - Not Lighted,Dry,Other Freeways and Expressways,55.0,21,August,11:00pm-11:59pm,1,Not an Intersection,1
33.96300833,-118.3503111,Clear,Daylight,Dry,Major Collector,25.0,18,June,12:00pm-12:59pm,1,Four-Way Intersection,1
37.98693056,-121.2849222,Clear,Dark - Lighted,Dry,Other Principal Arterial,40.0,30,June,9:00pm-9:59pm,2,Four-Way Intersection,2
41.52437222,-121.1034222,Clear,Daylight,Dry,Other Principal Arterial,65.0,16,November,9:00am-9:59am,1,Not an Intersection,1
33.54976667,-116.0514667,Clear,Dark - Not Lighted,Dry,Minor Arterial,55.0,7,December,7:00pm-7:59pm,1,Not an Intersection,1
32.87933889,-115.6212889,Clear,Dark - Not Lighted,Dry,Other Principal Arterial,55.0,11,December,10:00pm-10:59pm,1,Not an Intersection,1
32.75706389,-115.5007639,Clear,Dark - Not Lighted,Dry,Other Principal Arterial,65.0,21,December,9:00pm-9:59pm,4,Not an Intersection,1
32.56796667,-117.0670528,Clear,Dark - Lighted,Dry,Other Freeways and Expressways,65.0,16,March,0:00am-0:59am,1,Not an Intersection,1
33.70753611,-117.0500806,Clear,Daylight,Dry,Major Collector,35.0,23,June,1:00pm-1:59pm,2,Four-Way Intersection,1
37.96701944,-122.3030611,Clear,Dark - Not Lighted,Dry,Other Principal Arterial,40.0,5,October,11:00pm-11:59pm,2,Not an Intersection,1
33.76258056,-117.8849111,Clear,Dark - Lighted,Dry,Other Principal Arterial,35.0,20,April,10:00pm-10:59pm,1,Not an Intersection,1
38.49724444,-121.429625,Clear,Dark - Lighted,Dry,Other Principal Arterial,40.0,10,August,9:00pm-9:59pm,1,Not an Intersection,1
33.69756667,-117.8229306,Clear,Dark - Not Lighted,Dry,Other Principal Arterial,60.0,9,August,0:00am-0:59am,1,Not an Intersection,1
35.69581944,-120.6965083,Clear,Daylight,Dry,Other Freeways and Expressways,55.0,28,August,12:00pm-12:59pm,2,Four-Way Intersection,1
39.242575,-120.7515861,Rain,Dark - Not Lighted,Wet,Interstate,55.0,3,August,5:00am-5:59am,2,Not an Intersection,1
33.91821111,-117.4501611,Clear,Dark - Lighted,Dry,Other Principal Arterial,40.0,1,December,5:00pm-5:59pm,3,Four-Way Intersection,1
35.64813056,-118.4194583,Rain,Daylight,Wet,Minor Arterial,55.0,26,November,11:00am-11:59am,1,Not an Intersection,1
34.0111,-117.6369944,Clear,Dark - Not Lighted,Wet,Local,45.0,24,December,7:00pm-7:59pm,1,Not an Intersection,1
37.01784167,-120.9324583,Clear,Dark - Not Lighted,Dry,Interstate,70.0,30,October,0:00am-0:59am,2,Not an Intersection,2
35.49981667,-119.2442139,Clear,Dark - Not Lighted,Dry,Other Principal Arterial,65.0,12,April,2:00am-2:59am,1,Not an Intersection,1
32.73005556,-117.026825,Clear,Dark - Lighted,Dry,Minor Arterial,40.0,1,May,3:00am-3:59am,1,Not an Intersection,1
33.81015,-117.9921278,Clear,Dark - Lighted,Dry,Minor Arterial,40.0,22,July,9:00pm-9:59pm,1,T-Intersection,1
37.80540278,-122.2819444,Clear,Dark - Lighted,Dry,Minor Arterial,25.0,3,September,9:00pm-9:59pm,2,Four-Way Intersection,1
37.80046667,-122.4310361,Clear,Dark - Lighted,Dry,Other Principal Arterial,25.0,12,September,5:00am-5:59am,1,Four-Way Intersection,1
34.00105556,-118.05915,Clear,Daylight,Dry,Other Principal Arterial,40.0,15,September,12:00pm-12:59pm,5,Not an Intersection,1
34.00260833,-118.087025,Clear,Dark - Lighted,Dry,Other Principal Arterial,40.0,29,September,10:00pm-10:59pm,1,Four-Way Intersection,1
32.59975833,-117.0892417,Clear,Dark - Lighted,Dry,Interstate,65.0,20,April,3:00am-3:59am,2,Not an Intersection,1
34.069325,-117.3707972,Clear,Dark - Lighted,Dry,Interstate,65.0,21,June,11:00pm-11:59pm,2,Four-Way Intersection,1
38.197675,-122.1377722,Clear,Dark - Not Lighted,Dry,Interstate,65.0,24,July,10:00pm-10:59pm,1,Not an Intersection,1
37.43189444,-120.0985444,Cloudy,Daylight,Dry,Other Principal Arterial,55.0,10,June,11:00am-11:59am,3,Four-Way Intersection,1
34.15580556,-118.2664417,Clear,Dark - Lighted,Dry,Other Freeways and Expressways,65.0,16,August,11:00pm-11:59pm,2,Not an Intersection,1
38.66386111,-121.2713111,Clear,Dark - Lighted,Wet,Other Principal Arterial,45.0,1,December,7:00pm-7:59pm,1,Not an Intersection,1
34.22041667,-117.4649861,Clear,Dusk,Dry,Major Collector,45.0,2,August,8:00pm-8:59pm,1,Not an Intersection,1
38.41578333,-121.691475,Cloudy,Dark - Not Lighted,Dry,Local,55.0,26,December,Unknown Hours,1,Not an Intersection,1
33.90127778,-116.5016972,Clear,Dark - Not Lighted,Dry,Major Collector,60.0,28,November,5:00pm-5:59pm,1,Not an Intersection,1
33.98539444,-118.33095,Clear,Daylight,Dry,Major Collector,40.0,14,March,11:00am-11:59am,1,Four-Way Intersection,1
34.50051667,-117.2916639,Clear,Dark - Lighted,Dry,Minor Arterial,55.0,29,September,0:00am-0:59am,2,Not an Intersection,1
34.03265556,-118.3132583,Clear,Dark - Lighted,Dry,Other Principal Arterial,35.0,29,September,7:00pm-7:59pm,1,T-Intersection,1
33.90199444,-118.2836778,Clear,Dark - Lighted,Dry,Other Principal Arterial,35.0,29,September,9:00pm-9:59pm,1,Not an Intersection,1
33.92445833,-118.2810944,Clear,Dark - Lighted,Dry,Interstate,65.0,8,November,6:00pm-6:59pm,2,Not an Intersection,1
40.00087222,-122.2253111,Clear,Daylight,Dry,Major Collector,55.0,4,December,11:00am-11:59am,3,Four-Way Intersection,1
34.00484444,-117.8984583,Clear,Dark - Lighted,Dry,Other Principal Arterial,25.0,8,December,8:00pm-8:59pm,1,T-Intersection,1
37.62503889,-120.9868528,Clear,Dark - Lighted,Dry,Other Principal Arterial,40.0,10,December,6:00pm-6:59pm,1,Not an Intersection,1
35.4423,-119.0881889,Cloudy,Dark - Lighted,Dry,Other Freeways and Expressways,65.0,15,December,9:00pm-9:59pm,1,Not an Intersection,1
32.80321389,-116.9360306,Clear,Dark - Lighted,Dry,Interstate,65.0,28,January,7:00pm-7:59pm,11,Not an Intersection,1
33.15939444,-116.2275111,Clear,Dark - Not Lighted,Dry,Minor Arterial,65.0,22,March,8:00pm-8:59pm,4,Not an Intersection,1
33.050625,-116.8541833,Clear,Daylight,Dry,Other Principal Arterial,55.0,9,April,6:00pm-6:59pm,1,Not an Intersection,1
32.73293611,-117.0593861,Cloudy,Dark - Not Lighted,Dry,Other Freeways and Expressways,65.0,26,April,11:00pm-11:59pm,2,Not an Intersection,1
38.99790556,-121.5741722,Clear,Dark - Not Lighted,Dry,Major Collector,45.0,29,September,8:00pm-8:59pm,1,Not an Intersection,1
34.61753333,-117.7027028,Clear,Dark - Not Lighted,Dry,Major Collector,55.0,6,September,5:00am-5:59am,2,Not an Intersection,1
36.36582778,-119.8326556,Clear,Dark - Not Lighted,Dry,Major Collector,55.0,19,September,7:00pm-7:59pm,1,Not an Intersection,1
33.90087778,-117.4739639,Clear,Dark - Lighted,Dry,Minor Arterial,45.0,9,August,0:00am-0:59am,1,Four-Way Intersection,1
34.25709444,-116.8826667,Clear,Dark - Not Lighted,Dry,Minor Arterial,40.0,17,January,6:00pm-6:59pm,2,Not an Intersection,1
34.22631111,-118.5273694,Cloudy,Dark - Lighted,Dry,Minor Arterial,35.0,19,September,9:00pm-9:59pm,1,T-Intersection,1
34.703975,-118.1378417,Clear,Daylight,Dry,Other Principal Arterial,50.0,2,October,5:00pm-5:59pm,2,Four-Way Intersection,1
34.41650278,-118.4454528,Clear,Daylight,Dry,Other Principal Arterial,49.0,9,August,7:00am-7:59am,2,T-Intersection,1
32.626925,-117.0494139,Clear,Daylight,Dry,Major Collector,35.0,16,March,2:00pm-2:59pm,2,Four-Way Intersection,1
34.24604167,-118.3844639,Clear,Dark - Lighted,Dry,Minor Arterial,40.0,28,September,1:00am-1:59am,1,Not an Intersection,1
34.025975,-118.3651667,Clear,Dusk,Dry,Major Collector,35.0,21,September,6:00pm-6:59pm,1,Four-Way Intersection,1
34.04818889,-117.2650556,Clear,Dark - Lighted,Not Reported,Not Reported,45.0,20,September,5:00am-5:59am,1,Not an Intersection,1
34.74806389,-117.3058917,Clear,Dark - Not Lighted,Dry,Major Collector,55.0,29,December,4:00am-4:59am,1,Not an Intersection,1
37.02638056,-121.5718306,Clear,Daylight,Dry,Major Collector,25.0,8,August,6:00pm-6:59pm,2,T-Intersection,1
34.03460833,-118.4791417,Clear,Dark - Lighted,Dry,Other Principal Arterial,30.0,22,December,6:00pm-6:59pm,2,Four-Way Intersection,1
37.84056111,-121.1698889,Clear,Dark - Not Lighted,Dry,Major Collector,55.0,1,June,10:00pm-10:59pm,2,Not an Intersection,3
37.99793056,-121.2552361,Clear,Daylight,Dry,Other Freeways and Expressways,65.0,1,September,3:00pm-3:59pm,1,Not an Intersection,1
33.97526111,-117.5845139,Clear,Dark - Lighted,Dry,Major Collector,50.0,2,October,7:00pm-7:59pm,2,Four-Way Intersection,1
33.93553889,-117.4057806,Clear,Dark - Lighted,Dry,Other Freeways and Expressways,65.0,18,December,9:00pm-9:59pm,3,Not an Intersection,1
38.03871944,-121.2580917,Clear,Dark - Not Lighted,Dry,Major Collector,55.0,5,October,Unknown Hours,1,Not an Intersection,1
37.43400278,-120.7579028,Clear,Dark - Not Lighted,Dry,Major Collector,55.0,27,October,2:00am-2:59am,1,Not an Intersection,1
38.61798611,-121.3936944,Cloudy,Dark - Lighted,Dry,Other Principal Arterial,35.0,29,December,5:00pm-5:59pm,1,Not an Intersection,1
38.03045,-122.2549528,Clear,Dark - Lighted,Dry,Interstate,65.0,21,June,4:00am-4:59am,2,Not an Intersection,1
38.48165833,-121.4529778,Clear,Dark - Lighted,Dry,Other Principal Arterial,45.0,7,October,0:00am-0:59am,2,Not an Intersection,1
33.570925,-117.7631556,Clear,Dark - Lighted,Dry,Other Principal Arterial,45.0,5,September,5:00am-5:59am,1,Not an Intersection,1
38.64358333,-121.3652139,Clear,Dark - Lighted,Dry,Other Principal Arterial,40.0,29,September,4:00am-4:59am,1,Not an Intersection,1
37.1128,-121.6429194,Clear,Dark - Lighted,Dry,Minor Arterial,35.0,3,August,2:00am-2:59am,1,Four-Way Intersection,1
36.52466667,-119.2899972,Clear,Dark - Lighted,Dry,Local,25.0,14,September,10:00pm-10:59pm,1,Four-Way Intersection,1
38.53546389,-121.2930417,Cloudy,Daylight,Dry,Local,55.0,14,November,8:00am-8:59am,2,Not an Intersection,1
34.05232778,-117.3013083,Clear,Dark - Lighted,Dry,Interstate,65.0,28,July,3:00am-3:59am,1,Not an Intersection,1
35.20845,-116.1156583,Clear,Dark - Not Lighted,Dry,Interstate,70.0,26,October,1:00am-1:59am,1,Not an Intersection,1
35.93421667,-119.8710778,"Fog, Smog, Smoke",Dawn,Dry,Major Collector,55.0,4,December,7:00am-7:59am,2,Not an Intersection,1
33.97168611,-117.3313778,Clear,Dark - Lighted,Dry,Interstate,65.0,12,February,2:00am-2:59am,2,Not an Intersection,1
36.62471667,-119.3290972,Clear,Dark - Not Lighted,Dry,Major Collector,45.0,22,March,7:00pm-7:59pm,3,Not an Intersection,1
38.30339167,-121.5730722,Clear,Daylight,Dry,Major Collector,55.0,19,May,1:00pm-1:59pm,2,Not an Intersection,1
34.12728333,-117.4097861,Clear,Daylight,Dry,Minor Arterial,45.0,27,August,3:00pm-3:59pm,2,Not an Intersection,1
35.39818889,-119.268075,Clear,Dark - Not Lighted,Dry,Other Principal Arterial,55.0,5,November,2:00am-2:59am,2,Not an Intersection,1
38.21008889,-122.1381222,Clear,Dusk,Dry,Other Principal Arterial,30.0,24,December,4:00pm-4:59pm,1,Not an Intersection,1
33.57885556,-117.8428028,Clear,Dark - Lighted,Dry,Other Principal Arterial,60.0,17,December,8:00pm-8:59pm,1,Not an Intersection,1
38.62933056,-121.5189861,Rain,Dark - Lighted,Wet,Interstate,65.0,27,December,4:00am-4:59am,1,Not an Intersection,1
33.94243333,-117.6699333,Clear,Daylight,Dry,Other Freeways and Expressways,65.0,6,May,8:00am-8:59am,2,Not an Intersection,1
38.4437,-121.4912028,Clear,Dark - Lighted,Dry,Interstate,65.0,7,April,3:00am-3:59am,3,Not an Intersection,1
34.14150278,-118.3664806,Clear,Dark - Not Lighted,Dry,Other Freeways and Expressways,55.0,15,April,5:00am-5:59am,4,Not an Intersection,1
38.27647778,-121.4559944,Cloudy,Daylight,Dry,Interstate,70.0,23,August,2:00pm-2:59pm,4,Not an Intersection,1
34.22004722,-119.0788583,Clear,Daylight,Dry,Other Freeways and Expressways,65.0,21,August,6:00am-6:59am,1,Not an Intersection,1
37.63037222,-120.9975306,Clear,Dark - Lighted,Dry,Other Freeways and Expressways,65.0,25,October,4:00am-4:59am,1,Not an Intersection,1
38.53851111,-121.4907889,Clear,Dark - Lighted,Dry,Other Principal Arterial,35.0,12,September,9:00pm-9:59pm,1,Four-Way Intersection,1
33.243825,-117.3227,Clear,Daylight,Dry,Minor Arterial,50.0,7,July,7:00pm-7:59pm,2,Not an Intersection,1
38.00416389,-122.2927444,Cloudy,Dusk,Dry,Other Principal Arterial,25.0,17,August,8:00pm-8:59pm,1,T-Intersection,1
33.72915833,-117.0455333,Clear,Dark - Not Lighted,Dry,Local,55.0,10,November,6:00pm-6:59pm,1,Not an Intersection,1
36.84081389,-119.7904111,Clear,Dark - Lighted,Dry,Minor Arterial,40.0,14,September,3:00am-3:59am,1,Four-Way Intersection,1
36.69224444,-119.7916861,Clear,Dark - Lighted,Dry,Minor Arterial,40.0,30,November,2:00am-2:59am,1,Not an Intersection,1
36.82276944,-119.8309667,Clear,Dusk,Dry,Minor Arterial,40.0,12,October,5:00pm-5:59pm,2,Not Reported,1
36.75748333,-119.7136361,Clear,Dark - Not Lighted,Dry,Major Collector,45.0,16,October,8:00pm-8:59pm,1,Not Reported,1
38.01120833,-121.8176944,Clear,Daylight,Dry,Other Principal Arterial,25.0,27,July,7:00pm-7:59pm,2,Not an Intersection,1
34.442125,-118.4296083,Clear,Dark - Lighted,Dry,Other Principal Arterial,50.0,15,September,8:00pm-8:59pm,1,Not an Intersection,1
37.79551944,-122.2085917,Clear,Dark - Not Lighted,Dry,Interstate,65.0,6,July,3:00am-3:59am,1,Not an Intersection,1
33.80855,-116.5002361,Clear,Dusk,Dry,Major Collector,25.0,14,August,6:00pm-6:59pm,1,T-Intersection,1
36.09145833,-120.11715,Clear,Dark - Lighted,Dry,Interstate,25.0,22,August,4:00am-4:59am,1,Not an Intersection,1
33.801975,-116.4842222,Clear,Daylight,Dry,Major Collector,35.0,8,November,2:00pm-2:59pm,1,Not an Intersection,1
34.07531389,-117.3835639,Clear,Dark - Lighted,Dry,Minor Arterial,45.0,1,December,10:00pm-10:59pm,1,Not an Intersection,1
34.10676944,-117.3747611,Clear,Dark - Lighted,Dry,Other Principal Arterial,40.0,17,August,8:00pm-8:59pm,1,Four-Way Intersection,1
37.46042778,-119.9443222,Cloudy,Daylight,Dry,Minor Arterial,55.0,14,December,3:00pm-3:59pm,2,Not an Intersection,1
34.06742778,-117.396,Clear,Daylight,Dry,Minor Arterial,45.0,27,September,7:00am-7:59am,2,Not an Intersection,1
38.39461944,-120.6783583,Clear,Daylight,Dry,Other Principal Arterial,55.0,9,December,12:00pm-12:59pm,4,Not an Intersection,1
33.80408611,-117.9675889,Clear,Dark - Lighted,Dry,Minor Arterial,35.0,22,December,7:00pm-7:59pm,1,Not an Intersection,1
34.47494167,-118.1695028,Clear,Dark - Not Lighted,Dry,Major Collector,55.0,14,November,1:00am-1:59am,1,Not an Intersection,1
32.85045556,-116.931175,Clear,Dark - Lighted,Dry,Other Principal Arterial,45.0,16,April,8:00pm-8:59pm,2,Not an Intersection,1
34.37005,-116.649925,Cloudy,Daylight,Dry,Minor Arterial,65.0,15,July,2:00pm-2:59pm,2,Not an Intersection,1
36.14682222,-119.8681722,Clear,Dark - Not Lighted,Dry,Other Principal Arterial,55.0,28,August,10:00pm-10:59pm,2,Not an Intersection,1
36.31034722,-119.7041917,Clear,Dark - Lighted,Dry,Other Freeways and Expressways,65.0,10,September,8:00pm-8:59pm,1,Not an Intersection,1
33.720075,-116.3907556,Cloudy,Dark - Not Lighted,Dry,Other Principal Arterial,50.0,15,November,9:00pm-9:59pm,1,Not an Intersection,1
33.84449722,-117.2260028,Clear,Dark - Lighted,Dry,Minor Arterial,55.0,23,December,6:00pm-6:59pm,1,Not Reported,1
33.69308333,-116.1855278,Clear,Dark - Lighted,Dry,Other Principal Arterial,50.0,31,October,6:00pm-6:59pm,1,T-Intersection,1
38.12354722,-120.4944944,Cloudy,Daylight,Dry,Major Collector,55.0,26,December,8:00am-8:59am,1,Not an Intersection,1
38.06044722,-120.6196861,Clear,Dark - Not Lighted,Dry,Other Principal Arterial,35.0,21,December,8:00pm-8:59pm,1,Not an Intersection,1
32.70084722,-116.3573278,Clear,Daylight,Dry,Minor Collector,55.0,3,June,5:00pm-5:59pm,2,Four-Way Intersection,1
33.07185556,-116.7675861,Clear,Daylight,Dry,Minor Arterial,55.0,7,June,12:00pm-12:59pm,1,Not an Intersection,1
34.44388611,-116.8848889,Clear,Daylight,Dry,Minor Arterial,55.0,20,June,6:00pm-6:59pm,2,Not an Intersection,1
34.01412778,-116.5765333,Cloudy,Daylight,Dry,Other Principal Arterial,65.0,19,October,10:00am-10:59am,1,Not an Intersection,1
37.80226389,-122.2305278,Clear,Daylight,Dry,Interstate,65.0,27,September,5:00pm-5:59pm,1,Not an Intersection,1
36.38839444,-118.9466472,Clear,Daylight,Dry,Other Principal Arterial,55.0,30,September,1:00pm-1:59pm,2,Not an Intersection,1
33.84450556,-117.2170556,Clear,Dark - Lighted,Dry,Minor Arterial,55.0,29,November,0:00am-0:59am,2,Not Reported,1
41.79583056,-122.5859306,Cloudy,Dark - Not Lighted,Ice/Frost,Interstate,65.0,13,December,0:00am-0:59am,1,Not an Intersection,1
37.98532778,-121.3014111,Clear,Dark - Lighted,Dry,Other Principal Arterial,35.0,16,October,7:00pm-7:59pm,1,Four-Way Intersection,1
34.1639,-114.3679222,Clear,Dark - Not Lighted,Dry,Minor Arterial,55.0,27,December,5:00pm-5:59pm,2,Not an Intersection,1
33.88969167,-117.5111111,Clear,Dark - Lighted,Dry,Other Freeways and Expressways,65.0,26,October,3:00am-3:59am,2,Not an Intersection,1
36.61803889,-119.4577389,Clear,Dark - Not Lighted,Dry,Major Collector,55.0,2,November,2:00am-2:59am,2,Not an Intersection,1
36.764525,-119.8602444,Clear,Dark - Not Lighted,Dry,Major Collector,55.0,3,November,3:00am-3:59am,1,Not an Intersection,1
36.92878333,-119.5087528,Cloudy,Daylight,Dry,Minor Arterial,55.0,22,November,3:00pm-3:59pm,1,Not an Intersection,1
37.62451944,-120.9932028,Clear,Daylight,Dry,Minor Arterial,35.0,25,November,3:00pm-3:59pm,3,Not an Intersection,1
36.65866389,-119.4662972,Clear,Dawn,Dry,Local,55.0,27,November,7:00am-7:59am,1,Not an Intersection,1
34.50633056,-117.8703417,Clear,Dark - Not Lighted,Dry,Other Principal Arterial,55.0,15,December,1:00am-1:59am,2,Not an Intersection,1
34.07754444,-117.4669417,Clear,Daylight,Dry,Minor Arterial,40.0,17,December,12:00pm-12:59pm,2,"Five Point, or More",1
34.49851667,-117.6823444,Clear,Dark - Not Lighted,Dry,Other Principal Arterial,55.0,24,December,5:00pm-5:59pm,3,Not an Intersection,2
37.63826667,-120.7644694,Clear,Dark - Lighted,Dry,Minor Arterial,35.0,4,October,3:00am-3:59am,1,Not an Intersection,1
36.74965556,-119.789975,Clear,Daylight,Dry,Trafficway Not in State Inventory,15.0,6,October,1:00pm-1:59pm,1,Not an Intersection,1
34.08163056,-117.7064667,Clear,Dark - Not Lighted,Dry,Interstate,65.0,6,October,9:00pm-9:59pm,1,Not an Intersection,1
33.74606111,-117.012975,Clear,Dark - Lighted,Dry,Other Principal Arterial,35.0,27,October,8:00pm-8:59pm,3,Not an Intersection,1
36.73763889,-119.6999583,Clear,Dark - Lighted,Dry,Minor Arterial,45.0,9,November,5:00pm-5:59pm,1,Not an Intersection,1
36.73589167,-119.7693028,Clear,Dark - Not Lighted,Dry,Minor Arterial,35.0,19,November,6:00pm-6:59pm,1,Four-Way Intersection,1
34.16611111,-118.3402583,Clear,Daylight,Dry,Major Collector,25.0,21,November,9:00am-9:59am,1,Four-Way Intersection,1
38.018275,-121.2580444,Clear,Dark - Not Lighted,Dry,Other Freeways and Expressways,65.0,30,July,3:00am-3:59am,1,Not an Intersection,1
37.13966389,-122.1305028,Clear,Dark - Not Lighted,Dry,Minor Arterial,45.0,17,October,10:00pm-10:59pm,1,Not an Intersection,1
34.12865556,-117.3704417,Clear,Dark - Lighted,Dry,Other Principal Arterial,45.0,24,November,11:00pm-11:59pm,3,Four-Way Intersection,2
37.48335,-120.8350111,Clear,Dark - Not Lighted,Dry,Minor Arterial,50.0,2,December,7:00pm-7:59pm,1,Not an Intersection,1
37.681225,-121.2540556,Cloudy,Dark - Not Lighted,Dry,Major Collector,55.0,3,December,10:00pm-10:59pm,1,Not an Intersection,1
37.56356667,-121.1808583,Rain,Daylight,Wet,Local,25.0,24,December,11:00am-11:59am,2,Four-Way Intersection,1
33.81580556,-116.4756722,Cloudy,Daylight,Dry,Other Principal Arterial,45.0,25,December,2:00pm-2:59pm,1,T-Intersection,1
34.41864722,-116.9460667,Clear,Dark - Not Lighted,Dry,Local,55.0,24,November,8:00pm-8:59pm,1,Not an Intersection,1
38.32386944,-122.7269139,Clear,Dark - Not Lighted,Dry,Major Collector,35.0,9,December,5:00pm-5:59pm,1,Not an Intersection,1
32.6054,-117.0901917,Clear,Daylight,Dry,Interstate,65.0,24,March,5:00pm-5:59pm,2,Not an Intersection,1
33.04483611,-116.8550139,Clear,Daylight,Dry,Major Collector,45.0,14,June,2:00pm-2:59pm,1,Not an Intersection,1
33.90873333,-116.5015472,Clear,Dark - Not Lighted,Dry,Major Collector,60.0,29,September,Unknown Hours,1,Not an Intersection,1
37.86341944,-122.035325,Clear,Daylight,Dry,Minor Arterial,30.0,9,October,11:00am-11:59am,1,Not an Intersection,1
38.50245,-121.3350028,Clear,Dark - Not Lighted,Dry,Minor Arterial,50.0,18,October,11:00pm-11:59pm,5,Not an Intersection,1
40.85565278,-122.3198361,Clear,Daylight,Ice/Frost,Major Collector,55.0,29,November,11:00am-11:59am,1,Not an Intersection,1
33.57973889,-116.0953,Clear,Dark - Not Lighted,Dry,Other Principal Arterial,65.0,20,December,9:00pm-9:59pm,3,Not an Intersection,1
38.91723056,-121.0615639,Cloudy,Dark - Not Lighted,Wet,Interstate,65.0,21,November,10:00pm-10:59pm,1,Not an Intersection,1
33.85664444,-118.0284028,"Fog, Smog, Smoke",Dark - Lighted,Wet,Other Freeways and Expressways,65.0,29,December,6:00am-6:59am,1,Not an Intersection,1
38.19080556,-121.1473833,Clear,Dusk,Dry,Major Collector,55.0,26,August,7:00pm-7:59pm,2,Not an Intersection,1
37.99376944,-121.6414,Clear,Dark - Lighted,Dry,Major Collector,50.0,29,April,0:00am-0:59am,1,Not an Intersection,1
37.96386944,-121.7720389,Clear,Dark - Lighted,Dry,Other Principal Arterial,40.0,27,July,0:00am-0:59am,1,Not an Intersection,1
34.0705,-117.3806417,Clear,Dark - Lighted,Dry,Minor Arterial,35.0,23,August,10:00pm-10:59pm,2,Not an Intersection,1
38.00282222,-121.2574389,Clear,Dark - Lighted,Dry,Other Freeways and Expressways,65.0,27,July,8:00pm-8:59pm,2,Not an Intersection,1
37.63821667,-120.9765417,Cloudy,Dark - Lighted,Wet,Other Principal Arterial,35.0,26,November,6:00am-6:59am,1,Four-Way Intersection,1
38.18269167,-121.3996278,Clear,Dark - Not Lighted,Dry,Minor Collector,55.0,7,September,5:00am-5:59am,1,Not an Intersection,1
34.34167778,-116.5038806,Clear,Dark - Not Lighted,Dry,Other Principal Arterial,65.0,30,November,0:00am-0:59am,2,Not an Intersection,1
34.08026389,-118.2919417,Cloudy,Dark - Lighted,Dry,Other Freeways and Expressways,55.0,15,October,5:00am-5:59am,1,Not an Intersection,1
35.038625,-118.2566722,Clear,Daylight,Dry,Major Collector,55.0,8,November,4:00pm-4:59pm,2,Four-Way Intersection,1
34.04571944,-117.6809111,Clear,Dusk,Dry,Minor Arterial,40.0,9,January,5:00pm-5:59pm,2,Not an Intersection,1
33.14493056,-117.1493694,Clear,Dark - Lighted,Dry,Minor Arterial,45.0,18,January,4:00am-4:59am,1,T-Intersection,1
33.87626111,-117.5744333,Clear,Daylight,Dry,Other Principal Arterial,35.0,19,January,1:00pm-1:59pm,2,Four-Way Intersection,1
37.76874167,-122.4684417,Clear,Daylight,Dry,Major Collector,25.0,8,March,3:00pm-3:59pm,1,T-Intersection,1
37.74127222,-122.4664222,Clear,Daylight,Dry,Local,25.0,16,March,12:00pm-12:59pm,1,Not an Intersection,4
32.64060833,-117.0842278,Clear,Daylight,Dry,Major Collector,35.0,12,April,9:00pm-9:59pm,1,Not an Intersection,1
37.71920278,-122.4440139,Clear,Dark - Lighted,Dry,Other Principal Arterial,25.0,11,July,0:00am-0:59am,1,Not an Intersection,1
33.95591111,-118.2204139,Clear,Dark - Lighted,Dry,Other Principal Arterial,35.0,18,September,10:00pm-10:59pm,2,Not an Intersection,1
33.84489444,-116.5159444,Clear,Dark - Not Lighted,Dry,Other Principal Arterial,50.0,1,December,8:00pm-8:59pm,1,Not an Intersection,1
37.93258889,-121.2949083,Cloudy,Dark - Lighted,Dry,Major Collector,35.0,19,October,8:00pm-8:59pm,2,Not an Intersection,1
34.71316944,-120.4891722,Clear,Daylight,Dry,Other Principal Arterial,45.0,29,September,4:00pm-4:59pm,2,T-Intersection,1
35.115275,-118.3774028,Snow,Daylight,Snow,Other Freeways and Expressways,65.0,15,November,8:00am-8:59am,3,Not an Intersection,2
37.78544444,-122.2436639,Clear,Dawn,Dry,Interstate,65.0,1,September,5:00am-5:59am,3,Not an Intersection,1
34.19931667,-118.4030417,Clear,Dark - Not Lighted,Dry,Other Freeways and Expressways,65.0,16,August,11:00pm-11:59pm,1,Not an Intersection,1
37.74900833,-122.1506278,Clear,Dark - Lighted,Dry,Interstate,65.0,29,August,11:00pm-11:59pm,3,Not an Intersection,1
37.36269722,-119.6400278,Clear,Daylight,Dry,Other Principal Arterial,55.0,12,June,12:00pm-12:59pm,3,Not an Intersection,1
34.50449444,-118.2457667,Clear,Dark - Not Lighted,Dry,Other Principal Arterial,65.0,14,June,1:00am-1:59am,3,Not an Intersection,1
38.11536667,-121.4410056,Clear,Daylight,Dry,Other Principal Arterial,55.0,8,August,12:00pm-12:59pm,2,Not an Intersection,1
33.81629444,-116.3943028,Clear,Dark - Lighted,Dry,Major Collector,45.0,16,August,0:00am-0:59am,1,T-Intersection,1
39.36124444,-121.1186861,Clear,Dark - Not Lighted,Dry,Minor Arterial,55.0,22,September,1:00am-1:59am,1,Not an Intersection,1
33.879825,-118.3474056,Clear,Dark - Lighted,Dry,Interstate,65.0,8,December,7:00pm-7:59pm,1,Not an Intersection,1
36.32619444,-119.4057694,Clear,Daylight,Dry,Other Freeways and Expressways,65.0,9,December,2:00pm-2:59pm,2,Not an Intersection,1
36.31157222,-119.1352722,Clear,Dark - Not Lighted,Dry,Other Principal Arterial,55.0,14,December,6:00pm-6:59pm,2,Four-Way Intersection,1
38.47441944,-121.4231,Clear,Dark - Lighted,Dry,Other Freeways and Expressways,65.0,10,March,0:00am-0:59am,2,Not an Intersection,1
37.06141944,-120.5442833,Clear,Daylight,Dry,Other Principal Arterial,65.0,30,April,3:00pm-3:59pm,1,Not an Intersection,1
33.87635556,-118.0674139,Clear,Dark - Lighted,Dry,Other Freeways and Expressways,65.0,15,April,5:00am-5:59am,2,Not an Intersection,1
34.03345556,-118.1622917,Clear,Daylight,Dry,Other Principal Arterial,35.0,21,April,6:00pm-6:59pm,2,Four-Way Intersection,1
34.8334,-118.8654722,Clear,Daylight,Dry,Interstate,55.0,5,October,12:00pm-12:59pm,1,Not an Intersection,3
34.79371111,-118.8437778,Clear,Dark - Not Lighted,Dry,Interstate,65.0,2,October,9:00pm-9:59pm,1,Not an Intersection,1
37.77909167,-122.4640278,Clear,Daylight,Dry,Local,49.0,30,September,8:00am-8:59am,1,Four-Way Intersection,1
33.97101389,-118.2696306,Clear,Daylight,Dry,Minor Arterial,35.0,19,July,3:00pm-3:59pm,3,Not an Intersection,1
37.74042778,-122.1961889,Clear,Dark - Lighted,Dry,Interstate,65.0,1,September,10:00pm-10:59pm,1,Not an Intersection,1
37.77906944,-122.5131472,Clear,Daylight,Dry,Minor Arterial,30.0,3,September,4:00pm-4:59pm,2,Not an Intersection,1
37.63853333,-120.5510889,Rain,Dark - Not Lighted,Wet,Minor Arterial,55.0,26,December,6:00pm-6:59pm,2,Not an Intersection,1
32.80156111,-115.4931389,Clear,Daylight,Dry,Other Principal Arterial,65.0,23,December,4:00pm-4:59pm,1,Not an Intersection,1
34.13461667,-117.3551861,Clear,Daylight,Dry,Other Freeways and Expressways,65.0,25,July,7:00am-7:59am,3,Not an Intersection,1
35.39751111,-118.9642889,Cloudy,Dark - Lighted,Dry,Minor Arterial,45.0,21,February,9:00pm-9:59pm,1,Four-Way Intersection,1
35.28287778,-119.0030167,Clear,Dark - Not Lighted,Dry,Other Principal Arterial,55.0,29,March,2:00am-2:59am,1,Not an Intersection,1
35.36901944,-119.1543611,Clear,Dark - Lighted,Dry,Minor Arterial,50.0,16,November,8:00pm-8:59pm,2,Four-Way Intersection,1
33.60744722,-117.171525,Clear,Daylight,Dry,Interstate,55.0,10,October,11:00am-11:59am,2,Not an Intersection,1
34.19106389,-117.3595222,Rain,Dark - Lighted,Not Reported,Minor Arterial,50.0,16,February,5:00pm-5:59pm,1,Not an Intersection,1
37.75544444,-120.84015,Clear,Dark - Lighted,Dry,Other Principal Arterial,45.0,27,April,1:00am-1:59am,1,Not an Intersection,1
34.55430833,-118.0772389,Clear,Daylight,Dry,Minor Arterial,50.0,13,May,2:00pm-2:59pm,1,Not an Intersection,2
37.3029,-120.5030778,Clear,Dark - Lighted,Non-Trafficway or Driveway Access,Other Principal Arterial,49.0,15,May,10:00pm-10:59pm,2,Not an Intersection,1
32.71018889,-117.1478111,Clear,Dark - Lighted,Dry,Interstate,65.0,20,April,10:00pm-10:59pm,3,Not an Intersection,1
37.50818889,-122.4857972,Clear,Daylight,Dry,Other Principal Arterial,50.0,1,August,1:00pm-1:59pm,2,T-Intersection,1
35.43128056,-119.0229694,Clear,Dark - Lighted,Dry,Major Collector,40.0,12,July,9:00pm-9:59pm,1,Not an Intersection,1
33.688125,-117.3342361,Clear,Dark - Lighted,Dry,Interstate,70.0,2,September,3:00am-3:59am,2,Not an Intersection,1
34.40740278,-118.7669333,Clear,Dark - Not Lighted,Dry,Other Principal Arterial,60.0,12,August,10:00pm-10:59pm,1,Not an Intersection,1
33.75888333,-118.0215972,Clear,Dark - Lighted,Dry,Interstate,65.0,30,October,9:00pm-9:59pm,4,Not an Intersection,1
35.426775,-119.0188167,Severe Crosswinds,Dark - Not Lighted,Dry,Other Principal Arterial,45.0,13,November,5:00am-5:59am,1,Not an Intersection,1
35.36210833,-119.1327778,Clear,Dark - Not Lighted,Dry,Other Principal Arterial,65.0,31,October,6:00pm-6:59pm,1,Not an Intersection,1
35.55804167,-119.3130917,"Fog, Smog, Smoke",Daylight,Dry,Major Collector,55.0,7,December,7:00am-7:59am,2,Four-Way Intersection,1
35.41526667,-119.0389333,Clear,Dark - Not Lighted,Dry,Other Principal Arterial,40.0,10,December,7:00pm-7:59pm,1,Not an Intersection,1
37.85172222,-122.2963139,Clear,Dark - Lighted,Dry,Local,15.0,2,October,4:00am-4:59am,1,Not an Intersection,1
34.20711111,-118.4487444,Clear,Daylight,Dry,Other Principal Arterial,35.0,12,September,2:00pm-2:59pm,2,T-Intersection,1
33.80233333,-117.8357333,Clear,Dark - Lighted,Dry,Other Principal Arterial,40.0,29,September,8:00pm-8:59pm,2,Four-Way Intersection,1
36.79605556,-119.7904556,Clear,Dark - Lighted,Dry,Minor Arterial,40.0,26,October,8:00pm-8:59pm,1,T-Intersection,1
32.60816389,-117.0904833,Cloudy,Dark - Lighted,Dry,Interstate,65.0,10,April,3:00am-3:59am,2,Not an Intersection,2
37.81549722,-122.2999861,Clear,Daylight,Dry,Interstate,50.0,30,April,7:00am-7:59am,2,Not an Intersection,1
32.59860278,-117.0891889,Clear,Dark - Not Lighted,Dry,Interstate,65.0,11,August,5:00am-5:59am,2,Not an Intersection,1
37.95601389,-121.3231528,Clear,Dark - Lighted,Dry,Interstate,55.0,22,September,10:00pm-10:59pm,1,Not an Intersection,1
38.62619722,-121.4110194,Clear,Dark - Lighted,Dry,Local,35.0,8,December,6:00pm-6:59pm,1,Not an Intersection,1
33.26617778,-116.9537944,Cloudy,Dark - Lighted,Dry,Minor Arterial,15.0,20,December,11:00pm-11:59pm,2,T-Intersection,1
34.23490833,-117.8475056,Clear,Dark - Not Lighted,Dry,Minor Arterial,40.0,5,December,5:00pm-5:59pm,2,Not an Intersection,1
35.30666111,-120.73515,Clear,Daylight,Dry,Major Collector,55.0,5,October,11:00am-11:59am,1,Not an Intersection,1
37.77309722,-121.9733861,Clear,Dark - Lighted,Dry,Interstate,65.0,27,November,4:00am-4:59am,1,Not an Intersection,1
37.30277778,-120.52225,Clear,Dark - Not Lighted,Non-Trafficway or Driveway Access,Other Principal Arterial,49.0,15,December,8:00pm-8:59pm,2,Not an Intersection,1
39.15800278,-123.6376528,"Fog, Smog, Smoke",Dark - Not Lighted,Wet,Minor Arterial,55.0,18,December,9:00pm-9:59pm,1,Not an Intersection,1
33.87392222,-118.2293778,Clear,Dark - Lighted,Dry,Other Freeways and Expressways,65.0,22,July,0:00am-0:59am,2,Not an Intersection,1
33.84706667,-117.3629306,Clear,Daylight,Dry,Minor Arterial,55.0,28,December,4:00pm-4:59pm,2,Four-Way Intersection,1
37.99112778,-121.2525722,Clear,Dark - Lighted,Dry,Other Freeways and Expressways,65.0,13,October,4:00am-4:59am,1,Not an Intersection,1
35.25728056,-120.6747389,Clear,Daylight,Dry,Other Freeways and Expressways,65.0,20,November,9:00am-9:59am,1,Not an Intersection,1
34.18873056,-118.5361056,Clear,Dark - Lighted,Dry,Minor Arterial,35.0,4,October,9:00pm-9:59pm,2,Not an Intersection,1
36.525225,-119.5673278,Clear,Dark - Lighted,Dry,Other Principal Arterial,55.0,6,October,0:00am-0:59am,2,Four-Way Intersection,1
34.79897778,-120.4448556,"Fog, Smog, Smoke",Dark - Not Lighted,Dry,Other Principal Arterial,65.0,17,January,9:00pm-9:59pm,1,Not an Intersection,1
34.85978056,-120.4383583,Clear,Dark - Lighted,Dry,Other Principal Arterial,65.0,6,June,10:00pm-10:59pm,1,Not an Intersection,1
33.87488056,-117.5621889,Clear,Daylight,Dry,Other Principal Arterial,49.0,2,August,10:00am-10:59am,1,Not Reported,1
34.39638333,-118.8876667,Clear,Dark - Not Lighted,Dry,Other Principal Arterial,60.0,24,August,11:00pm-11:59pm,1,Not an Intersection,1
39.23429167,-121.6003972,Rain,Dark - Not Lighted,Wet,Other Principal Arterial,65.0,14,December,Unknown Hours,1,Not an Intersection,1
35.04725278,-117.7391639,Clear,Dark - Not Lighted,Dry,Local,49.0,13,September,7:00pm-7:59pm,1,Not an Intersection,1
38.41631944,-121.5211694,Clear,Dark - Not Lighted,Dry,Major Collector,55.0,17,December,9:00pm-9:59pm,2,Not an Intersection,1
34.40533889,-118.7014639,Clear,Dark - Not Lighted,Dry,Other Principal Arterial,60.0,1,November,2:00am-2:59am,1,Not an Intersection,1
33.76285,-116.9200111,Cloudy,Dark - Not Lighted,Dry,Local,55.0,8,September,9:00pm-9:59pm,2,Not an Intersection,1
37.99676111,-121.3143028,Clear,Dark - Lighted,Dry,Other Principal Arterial,35.0,19,September,10:00pm-10:59pm,1,Not an Intersection,1
33.71503611,-117.3038583,Clear,Daylight,Dry,Other Principal Arterial,60.0,19,December,1:00pm-1:59pm,2,Not an Intersection,1
34.02435,-118.2035139,Cloudy,Dark - Lighted,Dry,Interstate,55.0,27,February,2:00am-2:59am,4,Not an Intersection,1
33.47462222,-117.1383889,Clear,Daylight,Dry,Interstate,55.0,6,August,6:00am-6:59am,2,Not an Intersection,1
39.08127222,-121.5417778,Clear,Dark - Lighted,Dry,Other Freeways and Expressways,65.0,2,September,5:00am-5:59am,2,Not an Intersection,1
33.74731389,-117.0037222,Clear,Dark - Lighted,Dry,Other Principal Arterial,35.0,23,September,7:00pm-7:59pm,1,Not an Intersection,1
36.87381111,-119.6839806,Clear,Daylight,Dry,Local,45.0,8,August,7:00pm-7:59pm,1,T-Intersection,1
36.73537778,-119.8987472,Clear,Daylight,Dry,Other Principal Arterial,55.0,6,September,1:00pm-1:59pm,2,Four-Way Intersection,1
33.76773611,-116.97185,Clear,Daylight,Dry,Minor Arterial,40.0,1,December,12:00pm-12:59pm,2,Not an Intersection,1
33.13072222,-117.0924417,Cloudy,Dark - Lighted,Dry,Other Freeways and Expressways,65.0,24,November,9:00pm-9:59pm,1,Not an Intersection,1
39.00139444,-122.6048444,Rain,Dark - Not Lighted,Wet,Other Principal Arterial,55.0,24,December,6:00am-6:59am,2,Not an Intersection,1
38.17631111,-120.66295,"Fog, Smog, Smoke",Dark - Not Lighted,Wet,Other Principal Arterial,55.0,20,December,0:00am-0:59am,1,Not an Intersection,1
37.82770278,-122.2919278,Clear,Dark - Not Lighted,Dry,Interstate,65.0,19,March,4:00am-4:59am,3,Not an Intersection,1
37.97190278,-122.3197056,Clear,Dark - Lighted,Dry,Interstate,65.0,29,May,11:00pm-11:59pm,2,Not an Intersection,1
38.52254444,-121.3111389,Clear,Daylight,Dry,Other Principal Arterial,55.0,16,July,7:00am-7:59am,3,Not an Intersection,1
33.70048056,-117.3286778,Clear,Dark - Lighted,Dry,Other Principal Arterial,55.0,5,September,9:00pm-9:59pm,1,Not an Intersection,1
37.78808611,-122.1991222,Clear,Dark - Not Lighted,Dry,Interstate,65.0,15,October,10:00pm-10:59pm,4,Not an Intersection,1
33.64854722,-117.3600222,Clear,Dark - Lighted,Dry,Minor Arterial,45.0,19,October,6:00pm-6:59pm,3,Not an Intersection,1
38.20125556,-121.4135417,Cloudy,Daylight,Dry,Interstate,70.0,19,December,12:00pm-12:59pm,1,Not an Intersection,2
39.1333,-123.1831056,Clear,Dark - Not Lighted,Dry,Minor Arterial,50.0,19,December,7:00pm-7:59pm,2,T-Intersection,1
36.85123611,-120.1488472,"Fog, Smog, Smoke",Dark - Not Lighted,Dry,Major Collector,55.0,23,February,6:00am-6:59am,2,Not an Intersection,8
37.78354444,-121.1966222,Cloudy,Dark - Not Lighted,Wet,Other Freeways and Expressways,65.0,13,April,10:00pm-10:59pm,1,Not an Intersection,4
38.53183889,-121.4713861,Cloudy,Dark - Not Lighted,Dry,Other Freeways and Expressways,65.0,4,May,4:00am-4:59am,4,Not an Intersection,1
36.73545278,-119.8835278,Clear,Dark - Not Lighted,Dry,Other Principal Arterial,55.0,20,June,0:00am-0:59am,2,Not an Intersection,1
34.09523889,-117.9166861,Clear,Dark - Lighted,Dry,Minor Arterial,40.0,19,December,1:00am-1:59am,2,Not an Intersection,1
33.91713889,-118.0371639,Clear,Dark - Lighted,Dry,Local,45.0,16,August,10:00pm-10:59pm,2,Not an Intersection,1
33.96636111,-118.2330639,Clear,Dark - Lighted,Dry,Other Principal Arterial,40.0,28,August,0:00am-0:59am,1,Not an Intersection,1
39.29565833,-120.674975,Clear,Dark - Not Lighted,Dry,Interstate,55.0,16,August,9:00pm-9:59pm,1,Not an Intersection,1
39.61615,-122.02745,Clear,Dark - Not Lighted,Dry,Local,55.0,16,July,9:00pm-9:59pm,1,T-Intersection,2
36.97589444,-121.993825,Clear,Dark - Lighted,Dry,Major Collector,25.0,13,November,2:00am-2:59am,1,T-Intersection,1
34.51343333,-119.8246167,Clear,Dark - Not Lighted,Dry,Minor Arterial,55.0,29,November,4:00am-4:59am,1,Not an Intersection,1
33.99669722,-117.9278,Clear,Dark - Lighted,Dry,Other Freeways and Expressways,65.0,3,June,10:00pm-10:59pm,2,Not an Intersection,1
33.89094167,-117.2074667,Clear,Dark - Lighted,Dry,Minor Arterial,40.0,13,July,1:00am-1:59am,1,Not an Intersection,1
33.94687222,-117.1947417,Clear,Dark - Lighted,Dry,Major Collector,45.0,9,October,9:00pm-9:59pm,2,T-Intersection,1
37.80952222,-122.3044278,Clear,Dark - Lighted,Dry,Interstate,65.0,25,October,8:00pm-8:59pm,1,Not an Intersection,1
37.492675,-121.9263556,Clear,Dawn,Dry,Other Principal Arterial,45.0,3,November,5:00am-5:59am,1,Not an Intersection,1
33.67100556,-115.6196444,Clear,Dark - Not Lighted,Dry,Interstate,55.0,9,December,2:00am-2:59am,1,Not an Intersection,1
34.03569722,-117.6698889,Clear,Dark - Lighted,Dry,Other Principal Arterial,50.0,25,December,4:00am-4:59am,2,Not an Intersection,1
38.39276111,-122.6067306,Rain,Dark - Not Lighted,Wet,Major Collector,35.0,26,December,0:00am-0:59am,1,Not an Intersection,1
37.58975278,-121.957625,Clear,Dark - Lighted,Dry,Other Principal Arterial,35.0,19,May,8:00pm-8:59pm,1,Not an Intersection,1
32.80323056,-116.9276833,Rain,Dark - Not Lighted,Wet,Interstate,65.0,13,April,9:00pm-9:59pm,1,Not an Intersection,1
32.84224444,-116.8766889,Cloudy,Daylight,Dry,Local,35.0,14,April,5:00pm-5:59pm,1,Not an Intersection,1
36.38141667,-119.6730389,Clear,Daylight,Dry,Minor Arterial,55.0,21,June,10:00am-10:59am,5,Not an Intersection,1
37.68111944,-121.25415,Clear,Dark - Not Lighted,Dry,Major Collector,55.0,29,September,1:00am-1:59am,1,Not an Intersection,1
34.70462778,-118.011025,Clear,Dark - Not Lighted,Dry,Major Collector,55.0,27,November,7:00pm-7:59pm,1,Not an Intersection,1
33.87728889,-118.1460944,Clear,Dark - Lighted,Dry,Other Freeways and Expressways,65.0,20,October,11:00pm-11:59pm,1,Not an Intersection,1
34.01848889,-118.279975,Clear,Dark - Lighted,Dry,Interstate,55.0,20,November,8:00pm-8:59pm,1,Not an Intersection,1
33.80675556,-118.0812,Clear,Dark - Not Lighted,Dry,Interstate,65.0,16,November,11:00pm-11:59pm,1,Not an Intersection,1
38.21843333,-122.1345778,Cloudy,Dark - Lighted,Dry,Interstate,65.0,18,June,8:00pm-8:59pm,1,Not an Intersection,1
38.14383611,-122.3688361,Cloudy,Dark - Not Lighted,Dry,Other Principal Arterial,55.0,27,July,1:00am-1:59am,1,Not an Intersection,1
33.981075,-117.4409389,Clear,Dark - Lighted,Dry,Local,50.0,25,December,2:00am-2:59am,1,Not an Intersection,1
33.67404722,-117.3182139,Clear,Dawn,Dry,Interstate,55.0,4,November,5:00am-5:59am,3,Not an Intersection,1
35.317,-119.0030361,Clear,Dark - Not Lighted,Dry,Other Principal Arterial,45.0,1,September,11:00pm-11:59pm,1,Not an Intersection,1
34.95347222,-120.4645361,Clear,Dark - Not Lighted,Dry,Minor Arterial,55.0,7,September,11:00pm-11:59pm,3,Not an Intersection,1
34.76862222,-115.4716444,Clear,Daylight,Dry,Interstate,70.0,4,December,1:00pm-1:59pm,1,Not an Intersection,1
35.37751944,-118.9722611,Clear,Dark - Lighted,Dry,Other Principal Arterial,40.0,12,November,5:00pm-5:59pm,1,Not an Intersection,1
32.72763889,-116.9244417,Clear,Dark - Not Lighted,Dry,Other Principal Arterial,55.0,15,April,10:00pm-10:59pm,1,Not an Intersection,1
40.57810556,-124.3307194,Cloudy,Daylight,Wet,Major Collector,45.0,29,December,8:00am-8:59am,1,Not an Intersection,1
37.93519722,-122.3269083,Clear,Dark - Not Lighted,Dry,Interstate,65.0,31,December,0:00am-0:59am,1,Not an Intersection,1
38.80738889,-121.8934222,Clear,Dark - Not Lighted,Dry,Interstate,70.0,3,November,9:00pm-9:59pm,1,Not an Intersection,1
36.54679444,-119.5751444,Clear,Dark - Lighted,Dry,Minor Arterial,65.0,24,September,5:00am-5:59am,2,Four-Way Intersection,1
36.32820278,-119.56515,Clear,Dark - Lighted,Dry,Other Freeways and Expressways,55.0,18,July,4:00am-4:59am,2,T-Intersection,1
34.23136389,-117.2003611,Clear,Dark - Not Lighted,Dry,Minor Arterial,35.0,23,September,5:00am-5:59am,2,Not an Intersection,1
33.95481944,-118.3353056,Clear,Dark - Lighted,Dry,Local,25.0,19,November,0:00am-0:59am,1,Not an Intersection,1
37.81774444,-122.2235194,Cloudy,Dark - Lighted,Dry,Major Collector,25.0,27,November,3:00am-3:59am,1,Not an Intersection,3
38.09105278,-121.2601389,Cloudy,Dark - Not Lighted,Wet,Other Freeways and Expressways,65.0,22,December,11:00pm-11:59pm,1,Not an Intersection,1
38.0259,-122.2596083,Rain,Dark - Lighted,Wet,Interstate,65.0,2,November,0:00am-0:59am,1,Not an Intersection,1
34.22439444,-117.0414833,Clear,Daylight,Dry,Minor Arterial,55.0,10,November,4:00pm-4:59pm,1,Not an Intersection,1
38.35571667,-122.7414306,"Fog, Smog, Smoke",Dark - Not Lighted,Dry,Major Collector,50.0,10,December,3:00am-3:59am,1,Not an Intersection,1
38.856175,-122.6233806,Clear,Dark - Not Lighted,Dry,Minor Arterial,55.0,19,December,5:00pm-5:59pm,2,Not an Intersection,1
35.17556944,-119.12645,"Fog, Smog, Smoke",Daylight,Dry,Interstate,55.0,6,January,7:00am-7:59am,9,Not an Intersection,2
34.52111389,-117.9404583,Clear,Dark - Lighted,Dry,Major Collector,55.0,8,October,11:00pm-11:59pm,2,Four-Way Intersection,1
34.77646389,-118.2753139,Clear,Dark - Not Lighted,Dry,Other Principal Arterial,55.0,23,November,10:00pm-10:59pm,1,Not an Intersection,1
34.69301667,-120.4587083,Cloudy,Daylight,Wet,Other Principal Arterial,65.0,24,December,10:00am-10:59am,2,Not an Intersection,1
35.06305833,-118.9696611,Clear,Dark - Not Lighted,Dry,Other Freeways and Expressways,70.0,6,December,6:00am-6:59am,1,Not an Intersection,1
37.05464167,-120.7057333,Clear,Dark - Not Lighted,Wet,Other Principal Arterial,55.0,16,December,11:00pm-11:59pm,2,T-Intersection,2
32.92801389,-117.2405167,Cloudy,Dark - Lighted,Dry,Interstate,65.0,20,June,1:00am-1:59am,3,Not an Intersection,1
32.86381389,-116.9227167,Clear,Daylight,Dry,Other Principal Arterial,55.0,5,July,3:00pm-3:59pm,1,Not an Intersection,1
37.89306111,-122.1649444,Clear,Dark - Lighted,Dry,Other Freeways and Expressways,65.0,10,August,0:00am-0:59am,4,Not an Intersection,1
34.14899722,-118.0686333,Clear,Dark - Lighted,Dry,Interstate,65.0,3,July,11:00pm-11:59pm,1,Not an Intersection,1
33.95623056,-118.2809194,Clear,Dark - Not Lighted,Dry,Interstate,65.0,20,October,4:00am-4:59am,1,Not an Intersection,1
34.03096667,-117.6678306,Clear,Dark - Lighted,Wet,Other Freeways and Expressways,40.0,11,November,0:00am-0:59am,1,Four-Way Intersection,1
34.49041944,-118.1982,Clear,Dusk,Dry,Major Collector,40.0,24,October,6:00pm-6:59pm,2,Four-Way Intersection,1
33.908925,-118.26535,Clear,Dark - Lighted,Dry,Other Principal Arterial,40.0,16,November,8:00pm-8:59pm,1,Not an Intersection,1
32.83448333,-116.6221139,Clear,Dark - Not Lighted,Dry,Minor Arterial,55.0,27,March,11:00pm-11:59pm,1,Not an Intersection,1
34.32091111,-119.1033167,Clear,Dark - Not Lighted,Dry,Other Principal Arterial,65.0,1,September,2:00am-2:59am,1,Not an Intersection,1
32.70793056,-117.1479333,Clear,Dark - Lighted,Dry,Interstate,65.0,13,October,9:00pm-9:59pm,1,Not an Intersection,1
33.75955,-117.9337306,Clear,Dark - Lighted,Not Reported,Other Principal Arterial,45.0,13,October,9:00pm-9:59pm,1,Not an Intersection,1
34.69016667,-117.674,Clear,Dark - Not Lighted,Dry,Not Reported,49.0,9,June,10:00pm-10:59pm,2,Not an Intersection,1
41.73503611,-124.1516222,Rain,Dark - Not Lighted,Wet,Other Principal Arterial,55.0,20,November,6:00pm-6:59pm,1,Not an Intersection,1
37.46346389,-120.8369583,Clear,Dark - Not Lighted,Dry,Local,45.0,23,December,6:00pm-6:59pm,1,Not an Intersection,1
34.02441111,-118.2029194,Clear,Dark - Lighted,Dry,Interstate,55.0,7,November,7:00pm-7:59pm,3,Not an Intersection,1
34.40487778,-117.3048722,Clear,Dark - Not Lighted,Dry,Minor Arterial,50.0,8,November,2:00am-2:59am,1,Not an Intersection,1
33.51536667,-117.5649083,Clear,Daylight,Dry,Minor Arterial,55.0,26,May,3:00pm-3:59pm,1,Not an Intersection,1
37.38875556,-121.9635361,Clear,Dark - Lighted,Dry,Other Principal Arterial,40.0,3,August,2:00am-2:59am,1,Not an Intersection,1
34.16109167,-117.2850694,Clear,Dark - Lighted,Dry,Minor Arterial,40.0,12,November,6:00pm-6:59pm,1,Not an Intersection,1
32.80323333,-116.9521778,Clear,Daylight,Dry,Interstate,65.0,28,December,2:00pm-2:59pm,3,Not an Intersection,1
38.22031667,-121.8792,Clear,Daylight,Dry,Major Collector,55.0,21,June,5:00pm-5:59pm,1,Not an Intersection,1
41.04308333,-123.6731944,Cloudy,Dusk,Dry,Local,35.0,27,October,5:00pm-5:59pm,1,Not an Intersection,1
40.59673611,-124.1636083,Clear,Daylight,Dry,Other Principal Arterial,65.0,10,November,12:00pm-12:59pm,1,Not an Intersection,2
40.634025,-124.2228222,Clear,Dark - Not Lighted,Dry,Minor Collector,45.0,7,December,9:00pm-9:59pm,1,Not an Intersection,1
32.74790278,-117.122275,Rain,Dark - Not Lighted,Wet,Interstate,65.0,6,February,2:00am-2:59am,1,Not an Intersection,1
34.00818333,-117.4224444,Clear,Daylight,Dry,Other Freeways and Expressways,65.0,6,April,7:00am-7:59am,4,Not an Intersection,1
33.97608889,-118.1257722,Clear,Daylight,Dry,Interstate,65.0,6,April,7:00am-7:59am,2,Not an Intersection,2
33.10709444,-116.6568111,Clear,Daylight,Dry,Minor Arterial,55.0,28,July,10:00am-10:59am,3,Not an Intersection,1
34.35436111,-118.9794444,Clear,Daylight,Dry,Major Collector,55.0,29,September,9:00am-9:59am,2,Not an Intersection,1
34.46821667,-117.6876333,Clear,Dark - Not Lighted,Dry,Minor Arterial,55.0,30,November,3:00am-3:59am,2,Not an Intersection,1
38.83182778,-121.1217917,Cloudy,Daylight,Dry,Major Collector,50.0,19,December,11:00am-11:59am,1,Not an Intersection,1
33.64688611,-117.3699028,Clear,Daylight,Dry,Minor Arterial,50.0,22,September,4:00pm-4:59pm,1,Not an Intersection,1
36.66955278,-121.7550806,Clear,Daylight,Dry,Major Collector,55.0,8,November,10:00am-10:59am,2,T-Intersection,1
38.81114722,-120.8215028,Rain,Daylight,Wet,Minor Arterial,55.0,21,November,Unknown Hours,1,Not an Intersection,1
33.13558333,-117.1334722,Clear,Dark - Not Lighted,Dry,Other Freeways and Expressways,65.0,20,December,7:00pm-7:59pm,3,Not an Intersection,1
36.80488611,-119.8823056,"Fog, Smog, Smoke",Daylight,Dry,Other Freeways and Expressways,65.0,28,December,7:00am-7:59am,3,Not an Intersection,2
33.64205833,-117.2830806,Clear,Daylight,Dry,Major Collector,50.0,27,May,2:00pm-2:59pm,2,Four-Way Intersection,1
32.57916944,-117.0852861,Clear,Dark - Not Lighted,Dry,Interstate,65.0,16,July,11:00pm-11:59pm,1,Not an Intersection,1
34.40115833,-118.4577139,Clear,Dark - Lighted,Dry,Other Freeways and Expressways,65.0,17,September,3:00am-3:59am,2,Not an Intersection,1
37.50815556,-121.9692833,Clear,Daylight,Dry,Interstate,65.0,10,November,7:00am-7:59am,1,Not an Intersection,1
38.09286389,-122.9179333,Clear,Daylight,Dry,Major Collector,35.0,7,July,2:00pm-2:59pm,2,Not an Intersection,1
32.70480278,-117.1473556,Clear,Dark - Lighted,Dry,Interstate,65.0,6,July,1:00am-1:59am,2,Not an Intersection,1
33.04189167,-116.8684778,Clear,Dark - Lighted,Dry,Minor Arterial,40.0,9,August,11:00pm-11:59pm,2,Four-Way Intersection,1
35.30343056,-118.9143361,Clear,Dark - Not Lighted,Dry,Other Principal Arterial,25.0,13,November,9:00pm-9:59pm,2,T-Intersection,1
36.35714444,-119.6910222,Cloudy,Dark - Lighted,Dry,Local,55.0,8,December,0:00am-0:59am,2,Four-Way Intersection,1
37.99494444,-122.3282778,Cloudy,Dark - Lighted,Dry,Other Principal Arterial,40.0,25,May,1:00am-1:59am,2,Not an Intersection,1
34.52102778,-117.9404722,Clear,Dark - Lighted,Dry,Other Principal Arterial,55.0,28,April,8:00pm-8:59pm,2,Four-Way Intersection,5
34.34660278,-117.5255306,Clear,Dark - Not Lighted,Dry,Minor Arterial,55.0,30,August,9:00pm-9:59pm,2,Not an Intersection,1
33.5908,-117.1140833,Clear,Dark - Lighted,Dry,Major Collector,45.0,10,November,8:00pm-8:59pm,2,Four-Way Intersection,1
35.2308,-118.5693389,Clear,Daylight,Dry,Other Freeways and Expressways,65.0,1,December,10:00am-10:59am,1,Not an Intersection,1
37.23435278,-120.2527667,Clear,Daylight,Dry,Major Collector,55.0,17,October,8:00am-8:59am,1,Not an Intersection,1
34.33626389,-119.084525,Rain,Daylight,Wet,Other Freeways and Expressways,65.0,26,November,11:00am-11:59am,2,Not an Intersection,1
36.61250278,-119.6106528,"Fog, Smog, Smoke",Daylight,Dry,Major Collector,55.0,3,December,9:00am-9:59am,2,Four-Way Intersection,1
37.55232778,-122.0517222,Clear,Dark - Not Lighted,Dry,Other Freeways and Expressways,65.0,6,October,5:00am-5:59am,1,Not an Intersection,1
34.09722778,-119.0436944,Clear,Daylight,Dry,Minor Arterial,55.0,23,September,3:00pm-3:59pm,2,Not an Intersection,1
35.33909167,-115.9580917,Rain,Daylight,Wet,Interstate,70.0,30,March,1:00pm-1:59pm,2,Not an Intersection,3
36.35210833,-119.4274972,Clear,Dark - Lighted,Dry,Other Freeways and Expressways,70.0,24,April,3:00am-3:59am,2,Not an Intersection,1
36.96059167,-121.4873472,Clear,Dark - Not Lighted,Dry,Major Collector,55.0,2,June,2:00am-2:59am,1,Not an Intersection,1
33.98818889,-118.3897889,Clear,Dark - Lighted,Dry,Other Freeways and Expressways,65.0,24,July,11:00pm-11:59pm,2,Not an Intersection,1
32.71668889,-117.1194722,Clear,Daylight,Dry,Other Freeways and Expressways,65.0,6,November,10:00am-10:59am,1,Not an Intersection,1
34.43593889,-119.8277611,Clear,Dark - Lighted,Dry,Other Principal Arterial,25.0,24,December,7:00pm-7:59pm,1,T-Intersection,1
38.61971111,-121.2411861,Clear,Daylight,Dry,Minor Arterial,45.0,1,April,6:00pm-6:59pm,1,Not an Intersection,1
34.03631944,-118.2492333,Clear,Daylight,Dry,Minor Arterial,30.0,2,April,5:00pm-5:59pm,1,Four-Way Intersection,1
34.06750833,-118.2499389,Clear,Dark - Lighted,Dry,Other Principal Arterial,35.0,3,April,1:00am-1:59am,1,Not an Intersection,1
37.80015556,-122.264925,Clear,Dark - Lighted,Dry,Minor Arterial,25.0,27,February,9:00pm-9:59pm,1,Four-Way Intersection,1
33.88851389,-117.8095167,Clear,Daylight,Dry,Other Principal Arterial,40.0,3,May,6:00pm-6:59pm,2,Not an Intersection,1
37.29152778,-120.4854417,Clear,Dark - Lighted,Dry,Other Principal Arterial,30.0,25,January,6:00am-6:59am,1,Not an Intersection,1
37.29556944,-120.4958583,Clear,Daylight,Dry,Local,25.0,1,June,5:00pm-5:59pm,1,Not an Intersection,1
34.12153333,-117.6703778,Clear,Dark - Lighted,Dry,Other Principal Arterial,45.0,6,June,1:00am-1:59am,2,Four-Way Intersection,4
37.75553889,-122.1612944,Cloudy,Daylight,Oil,Minor Arterial,30.0,14,January,8:00am-8:59am,1,Four-Way Intersection,1
33.91733611,-117.9175833,Clear,Dark - Lighted,Dry,Other Principal Arterial,45.0,19,January,7:00pm-7:59pm,1,Not an Intersection,1
37.86844722,-121.2436389,Rain,Dark - Not Lighted,Wet,Minor Arterial,49.0,22,January,8:00am-8:59am,1,Not an Intersection,1
34.04596389,-118.4281694,Cloudy,Dark - Lighted,Dry,Minor Arterial,35.0,25,January,0:00am-0:59am,2,Four-Way Intersection,1
34.00379722,-118.4222056,Clear,Dark - Lighted,Dry,Other Principal Arterial,35.0,2,February,8:00pm-8:59pm,2,Four-Way Intersection,1
34.15913333,-118.5009917,Rain,Dark - Lighted,Wet,Other Principal Arterial,35.0,20,February,0:00am-0:59am,1,Four-Way Intersection,1
33.70127222,-117.9915,Clear,Not Reported,Wet,Minor Arterial,45.0,7,March,6:00am-6:59am,2,Not an Intersection,1
37.75215,-122.1954722,Clear,Dark - Lighted,Dry,Minor Arterial,35.0,8,April,0:00am-0:59am,1,Not Reported,1
34.06789444,-117.32415,Clear,Daylight,Dry,Minor Arterial,25.0,1,April,11:00am-11:59am,1,Four-Way Intersection,1
37.77971111,-122.1804028,Clear,Dark - Lighted,Dry,Minor Arterial,45.0,18,March,10:00pm-10:59pm,1,Not Reported,1
33.79513611,-118.3287194,Clear,Dark - Lighted,Dry,Other Principal Arterial,45.0,12,April,1:00am-1:59am,1,Not an Intersection,1
34.13383611,-117.3944306,Clear,Dark - Lighted,Dry,Major Collector,45.0,8,March,11:00pm-11:59pm,1,Not an Intersection,1
35.34261111,-118.9410222,Clear,Dark - Lighted,Dry,Local,55.0,16,March,11:00pm-11:59pm,1,Not an Intersection,1
34.50825556,-117.3301833,Clear,Daylight,Wet,Minor Arterial,45.0,30,March,2:00pm-2:59pm,2,Not an Intersection,1
34.52223611,-117.2099694,Clear,Daylight,Dry,Major Collector,25.0,25,May,10:00am-10:59am,2,Four-Way Intersection,1
37.29788333,-120.4769917,Clear,Daylight,Dry,Other Principal Arterial,35.0,24,July,11:00am-11:59am,2,Not an Intersection,1
35.64444444,-120.6710028,Clear,Dark - Lighted,Dry,Other Principal Arterial,45.0,23,March,9:00pm-9:59pm,2,Not an Intersection,1
37.03440278,-121.5726833,Clear,Dark - Not Lighted,Dry,Major Collector,45.0,19,May,0:00am-0:59am,1,Not an Intersection,1
37.81558889,-122.2642083,Clear,Daylight,Dry,Minor Arterial,30.0,21,July,5:00pm-5:59pm,1,Four-Way Intersection,1
33.04845556,-116.8352611,Clear,Daylight,Dry,Minor Arterial,55.0,3,July,3:00pm-3:59pm,2,Not an Intersection,1
35.05103611,-118.3557944,Clear,Daylight,Dry,Minor Arterial,55.0,20,November,7:00am-7:59am,4,Not an Intersection,2
33.64563611,-116.4077222,Clear,Daylight,Dry,Minor Arterial,55.0,31,October,7:00am-7:59am,2,Not an Intersection,1
33.74610833,-117.9809694,Clear,Dark - Lighted,Dry,Minor Arterial,35.0,4,December,5:00am-5:59am,1,Not an Intersection,1
37.93225556,-121.2547361,Clear,Dark - Lighted,Dry,Major Collector,25.0,17,November,5:00pm-5:59pm,1,Not an Intersection,1
33.88170556,-117.9980889,Clear,Dark - Lighted,Dry,Other Principal Arterial,40.0,20,April,3:00am-3:59am,1,Four-Way Intersection,2
34.04004444,-118.2198139,Clear,Dark - Unknown Lighting,Dry,Minor Arterial,30.0,26,May,8:00pm-8:59pm,1,Not an Intersection,1
37.760825,-122.1845583,Clear,Dark - Lighted,Dry,Other Principal Arterial,30.0,5,May,10:00pm-10:59pm,2,T-Intersection,1
34.00476389,-117.6619972,Clear,Dark - Lighted,Dry,Minor Arterial,40.0,10,July,8:00pm-8:59pm,1,Not an Intersection,1
33.93695,-117.243775,Clear,Dark - Lighted,Dry,Minor Arterial,35.0,4,August,9:00pm-9:59pm,1,Not an Intersection,1
34.40077222,-118.8339222,Clear,Daylight,Dry,Other Freeways and Expressways,55.0,22,October,5:00pm-5:59pm,1,Not an Intersection,1
37.87635833,-122.0463361,Clear,Dark - Not Lighted,Dry,Interstate,65.0,25,October,6:00am-6:59am,2,Not an Intersection,1
36.95937222,-121.5340028,Clear,Dark - Not Lighted,Dry,Other Principal Arterial,55.0,28,October,0:00am-0:59am,2,Not an Intersection,2
41.7775,-124.1992556,"Fog, Smog, Smoke",Dark - Not Lighted,Dry,Major Collector,40.0,4,December,6:00pm-6:59pm,3,Not an Intersection,1
34.03184722,-118.4191222,Clear,Dark - Not Lighted,Dry,Interstate,65.0,7,April,1:00am-1:59am,3,Not an Intersection,1
37.25555278,-121.85365,Clear,Daylight,Dry,Other Freeways and Expressways,65.0,26,August,3:00pm-3:59pm,5,Not an Intersection,2
38.58618889,-121.4152694,Clear,Dark - Lighted,Dry,Other Principal Arterial,40.0,20,October,3:00am-3:59am,1,Not an Intersection,1
34.12799167,-117.2525361,Clear,Dark - Lighted,Dry,Minor Arterial,45.0,18,September,1:00am-1:59am,1,Not an Intersection,1
33.86527778,-117.41375,Clear,Daylight,Dry,Local,25.0,21,December,3:00pm-3:59pm,2,Not an Intersection,1
37.78318333,-121.2171861,Clear,Daylight,Dry,Interstate,55.0,15,October,12:00pm-12:59pm,7,Not an Intersection,1
38.61565833,-121.5124667,Rain,Daylight,Wet,Interstate,65.0,14,December,10:00am-10:59am,1,Not an Intersection,1
35.44148333,-119.1290278,Clear,Daylight,Dry,Other Principal Arterial,55.0,27,February,6:00am-6:59am,4,Not an Intersection,1
34.47100278,-117.289275,Clear,Daylight,Dry,Other Principal Arterial,55.0,29,June,4:00pm-4:59pm,2,T-Intersection,1
34.07051389,-117.4196472,Clear,Dark - Lighted,Non-Trafficway or Driveway Access,Minor Arterial,49.0,13,February,6:00pm-6:59pm,2,Not an Intersection,1
37.77741389,-122.4038639,Clear,Daylight,Dry,Minor Arterial,25.0,30,June,4:00pm-4:59pm,1,Not an Intersection,1
33.94163056,-117.2736111,Cloudy,Daylight,Dry,Other Freeways and Expressways,65.0,14,December,1:00pm-1:59pm,3,Not an Intersection,1
33.65464167,-117.1712972,Clear,Dark - Lighted,Dry,Interstate,70.0,14,December,8:00pm-8:59pm,2,Not an Intersection,1
34.24835,-118.42665,Clear,Dark - Lighted,Dry,Interstate,65.0,9,November,Unknown Hours,1,Not an Intersection,1
34.07263611,-118.2201417,Clear,Daylight,Dry,Other Principal Arterial,25.0,18,May,7:00am-7:59am,2,Four-Way Intersection,1
33.83913056,-118.1909722,Clear,Dark - Lighted,Dry,Other Principal Arterial,35.0,7,September,9:00pm-9:59pm,2,T-Intersection,1
33.96168056,-117.3311444,Clear,Daylight,Dry,Minor Arterial,45.0,15,August,7:00am-7:59am,1,T-Intersection,1
32.61898889,-116.9518722,Clear,Daylight,Dry,Local,50.0,29,May,7:00am-7:59am,1,T-Intersection,1
33.79893611,-118.2155222,Clear,Daylight,Dry,Local,25.0,4,September,7:00am-7:59am,1,Four-Way Intersection,1
32.61659722,-117.0860972,Clear,Dark - Lighted,Dry,Major Collector,35.0,14,February,5:00am-5:59am,1,T-Intersection,1
34.55943889,-117.4231056,Clear,Dark - Lighted,Dry,Minor Arterial,55.0,7,September,7:00am-7:59am,1,Not an Intersection,1
36.08033333,-119.0628139,Clear,Daylight,Dry,Minor Arterial,25.0,29,September,12:00pm-12:59pm,2,T-Intersection,1
33.75918889,-118.2036444,Clear,Dark - Not Lighted,Dry,Other Principal Arterial,55.0,12,September,9:00pm-9:59pm,1,Not an Intersection,1
34.17215,-118.4407806,Cloudy,Dark - Lighted,Dry,Other Principal Arterial,35.0,18,September,11:00pm-11:59pm,1,Not an Intersection,1
33.88015,-118.3612472,Clear,Daylight,Dry,Minor Arterial,40.0,10,September,1:00pm-1:59pm,2,Four-Way Intersection,1
33.68285278,-115.244525,Clear,Daylight,Dry,Interstate,70.0,26,December,2:00pm-2:59pm,3,Not an Intersection,1
37.11899444,-121.700875,Clear,Daylight,Dry,Minor Arterial,45.0,10,May,8:00am-8:59am,1,Not an Intersection,1
33.40321944,-117.5970806,Clear,Dark - Not Lighted,Dry,Interstate,65.0,21,May,9:00pm-9:59pm,2,Not an Intersection,1
37.00092222,-120.9156694,Clear,Dark - Not Lighted,Dry,Interstate,55.0,7,April,11:00pm-11:59pm,2,Not an Intersection,1
33.95477222,-118.2806306,Clear,Dark - Not Lighted,Dry,Interstate,65.0,20,July,0:00am-0:59am,1,Not an Intersection,1
37.35904444,-121.8404167,Clear,Dark - Not Lighted,Dry,Interstate,65.0,21,September,0:00am-0:59am,1,Not an Intersection,1
37.74380833,-120.9156028,Clear,Dusk,Dry,Other Principal Arterial,50.0,10,November,6:00pm-6:59pm,2,Not an Intersection,1
32.77991944,-117.1633306,Cloudy,Dark - Not Lighted,Wet,Other Freeways and Expressways,65.0,5,May,4:00am-4:59am,1,Not an Intersection,1
36.68097778,-121.6426167,Clear,Dark - Not Lighted,Dry,Other Freeways and Expressways,65.0,15,December,7:00pm-7:59pm,1,Not an Intersection,1
37.76505278,-121.3849083,Clear,Daylight,Dry,Interstate,70.0,14,November,1:00pm-1:59pm,3,Not an Intersection,1
34.48490833,-117.3875667,Clear,Dark - Lighted,Dry,Local,45.0,29,September,7:00pm-7:59pm,1,Not an Intersection,1
37.78016389,-122.4848694,Clear,Dark - Lighted,Dry,Other Principal Arterial,25.0,2,October,0:00am-0:59am,1,Four-Way Intersection,1
33.93153056,-118.3792333,Cloudy,Dark - Lighted,Dry,Other Principal Arterial,35.0,7,October,8:00pm-8:59pm,1,Not an Intersection,1
33.98898056,-118.3365722,Clear,Dark - Lighted,Dry,Other Principal Arterial,35.0,14,October,5:00am-5:59am,1,Not an Intersection,1
34.26391667,-118.5561778,Clear,Dark - Lighted,Dry,Minor Arterial,45.0,8,October,11:00pm-11:59pm,2,T-Intersection,2
37.79048889,-122.4069583,Clear,Dark - Not Lighted,Dry,Other Principal Arterial,25.0,15,October,0:00am-0:59am,1,Not an Intersection,1
33.73747778,-118.3095,Clear,Daylight,Dry,Minor Arterial,15.0,14,October,8:00am-8:59am,1,Not an Intersection,1
34.094425,-118.3570806,Clear,Daylight,Dry,Minor Arterial,25.0,10,October,4:00pm-4:59pm,4,T-Intersection,1
38.65450556,-121.4407333,Clear,Dark - Lighted,Dry,Minor Arterial,45.0,12,October,11:00pm-11:59pm,1,Not an Intersection,1
37.24754167,-121.7790806,Clear,Dark - Not Lighted,Dry,Other Freeways and Expressways,65.0,14,July,4:00am-4:59am,1,Not an Intersection,1
33.24859444,-116.3763611,Clear,Daylight,Dry,Local,45.0,23,August,8:00am-8:59am,1,Four-Way Intersection,1
32.77931389,-116.9848611,Clear,Dark - Not Lighted,Dry,Interstate,65.0,25,August,0:00am-0:59am,2,Not an Intersection,1
34.56170556,-119.9209111,Clear,Dark - Not Lighted,Dry,Minor Arterial,55.0,30,September,9:00pm-9:59pm,1,Not an Intersection,1
34.07607778,-118.3637278,Clear,Dark - Lighted,Wet,Other Principal Arterial,25.0,4,February,1:00am-1:59am,2,Four-Way Intersection,1
37.44301944,-122.1399083,Rain,Dark - Lighted,Wet,Minor Arterial,25.0,19,February,9:00pm-9:59pm,2,Four-Way Intersection,1
33.94148333,-117.2436556,Clear,Dark - Lighted,Dry,Interstate,35.0,4,March,0:00am-0:59am,1,Four-Way Intersection,1
33.16700278,-117.247175,Clear,Dark - Lighted,Dry,Other Principal Arterial,45.0,7,March,10:00pm-10:59pm,2,T-Intersection,1
33.67743333,-116.18175,Clear,Daylight,Non-Trafficway or Driveway Access,Other Principal Arterial,49.0,29,March,5:00pm-5:59pm,1,Not an Intersection,1
38.01252778,-121.8289611,Clear,Daylight,Dry,Other Principal Arterial,35.0,14,April,4:00pm-4:59pm,2,Four-Way Intersection,1
34.10064167,-117.3293917,Clear,Dark - Lighted,Dry,Local,45.0,31,May,9:00pm-9:59pm,1,Not an Intersection,1
34.14665278,-117.2970583,Clear,Dark - Not Lighted,Dry,Local,45.0,8,June,10:00pm-10:59pm,1,Not an Intersection,1
34.14580833,-117.3001194,Clear,Dark - Not Lighted,Dry,Other Freeways and Expressways,65.0,7,October,10:00pm-10:59pm,1,Not an Intersection,1
36.21075833,-119.1876083,"Fog, Smog, Smoke",Dark - Not Lighted,Dry,Other Principal Arterial,55.0,6,December,8:00pm-8:59pm,2,Not an Intersection,1
37.92347778,-121.2047972,Clear,Dark - Not Lighted,Dry,Major Collector,55.0,10,August,4:00am-4:59am,1,Not an Intersection,1
38.11550556,-121.3161389,Clear,Dark - Not Lighted,Dry,Other Principal Arterial,45.0,3,November,7:00pm-7:59pm,1,Not an Intersection,1
33.91716389,-118.0639444,Clear,Daylight,Dry,Other Principal Arterial,40.0,13,October,3:00pm-3:59pm,2,Four-Way Intersection,1
33.951425,-118.1257417,Clear,Dark - Lighted,Dry,Other Principal Arterial,40.0,11,October,10:00pm-10:59pm,2,Four-Way Intersection,2
34.01871389,-117.9201167,Clear,Dark - Lighted,Dry,Other Principal Arterial,45.0,29,June,10:00pm-10:59pm,1,T-Intersection,1
32.63845,-117.0408444,Clear,Daylight,Dry,Minor Arterial,50.0,23,June,3:00pm-3:59pm,1,Not an Intersection,1
37.488025,-121.9422194,Clear,Dark - Not Lighted,Dry,Interstate,55.0,12,June,10:00pm-10:59pm,5,Not an Intersection,1
37.48328333,-121.9363417,Cloudy,Daylight,Dry,Interstate,65.0,18,August,5:00am-5:59am,1,Not an Intersection,3
32.88359167,-117.1097528,Clear,Dark - Lighted,Dry,Interstate,65.0,16,March,2:00am-2:59am,2,Not an Intersection,2
32.77331667,-117.0440417,Clear,Dark - Unknown Lighting,Dry,Interstate,65.0,18,May,11:00pm-11:59pm,1,Not an Intersection,1
32.83747778,-117.1581,Cloudy,Dark - Not Lighted,Dry,Other Freeways and Expressways,65.0,1,June,2:00am-2:59am,1,Not an Intersection,1
37.08344722,-120.3827361,"Fog, Smog, Smoke",Dark - Not Lighted,Dry,Other Principal Arterial,65.0,18,January,5:00am-5:59am,6,Four-Way Intersection,1
33.94318889,-118.3686972,Clear,Dark - Not Lighted,Dry,Interstate,65.0,10,March,3:00am-3:59am,1,Not an Intersection,1
34.02436944,-117.3352639,Clear,Dark - Not Lighted,Dry,Interstate,65.0,20,October,2:00am-2:59am,2,Not an Intersection,1
32.966525,-117.2674889,Clear,Dark - Not Lighted,Dry,Major Collector,25.0,18,June,11:00pm-11:59pm,3,Not an Intersection,1
34.60219722,-118.1012,Clear,Dark - Not Lighted,Dry,Other Principal Arterial,60.0,27,July,2:00am-2:59am,2,Not an Intersection,1
33.45240278,-117.1294472,"Fog, Smog, Smoke",Dark - Not Lighted,Wet,Major Collector,50.0,30,December,0:00am-0:59am,1,Not an Intersection,1
38.53807778,-121.5508833,Rain,Daylight,Wet,Other Principal Arterial,45.0,22,November,10:00am-10:59am,1,T-Intersection,1
32.73008611,-117.1547667,Clear,Dark - Not Lighted,Dry,Other Freeways and Expressways,55.0,27,February,11:00pm-11:59pm,1,Not an Intersection,1
39.2419,-122.0311611,Clear,Dark - Not Lighted,Dry,Minor Arterial,55.0,9,November,11:00pm-11:59pm,2,Not an Intersection,1
36.92280278,-121.7615611,Clear,Daylight,Dry,Other Principal Arterial,35.0,11,October,9:00am-9:59am,1,Not an Intersection,1
37.772625,-122.1997083,Clear,Dark - Lighted,Dry,Minor Arterial,25.0,1,September,2:00am-2:59am,1,Not Reported,1
33.21428889,-117.2939556,Clear,Dusk,Dry,Local,35.0,15,October,6:00pm-6:59pm,1,Not an Intersection,1
34.10637222,-117.5777028,Cloudy,Dark - Lighted,Dry,Other Principal Arterial,45.0,16,October,0:00am-0:59am,2,Not an Intersection,1
34.09243333,-117.6983,Clear,Dark - Lighted,Dry,Other Principal Arterial,45.0,30,August,4:00am-4:59am,2,Four-Way Intersection,1
33.81036944,-118.0959361,Clear,Dark - Lighted,Dry,Minor Arterial,40.0,16,October,10:00pm-10:59pm,1,Not an Intersection,1
34.08124444,-117.3318889,Clear,Dark - Lighted,Dry,Major Collector,35.0,5,October,8:00pm-8:59pm,3,Not an Intersection,1
34.14585833,-118.1397361,Cloudy,Dark - Lighted,Dry,Other Principal Arterial,25.0,16,October,8:00pm-8:59pm,1,Four-Way Intersection,1
33.95333611,-118.2420222,Clear,Daylight,Dry,Local,30.0,16,October,6:00am-6:59am,1,Not an Intersection,1
32.863025,-116.9214611,Clear,Daylight,Dry,Minor Arterial,25.0,30,August,11:00am-11:59am,1,Four-Way Intersection,1
32.82090556,-117.1620694,Clear,Dark - Lighted,Dry,Interstate,65.0,28,January,4:00am-4:59am,4,Not an Intersection,1
37.97106667,-121.5096806,Clear,Daylight,Dry,Local,25.0,24,June,5:00pm-5:59pm,3,Not an Intersection,2
33.85751389,-118.0304056,Clear,Dark - Not Lighted,Dry,Other Freeways and Expressways,65.0,15,November,2:00am-2:59am,2,Not an Intersection,1
34.83196111,-116.7179111,Clear,Daylight,Dry,Interstate,70.0,4,October,12:00pm-12:59pm,1,Not an Intersection,1
38.64760833,-121.4547889,Clear,Dark - Not Lighted,Dry,Major Collector,40.0,6,November,6:00pm-6:59pm,1,Not an Intersection,1
32.91615556,-117.1300278,Clear,Dark - Lighted,Dry,Other Principal Arterial,45.0,9,November,1:00am-1:59am,1,Four-Way Intersection,1
32.80796944,-117.2011917,Clear,Dark - Lighted,Dry,Minor Arterial,35.0,10,November,1:00am-1:59am,2,Not an Intersection,1
33.93802778,-118.3525528,Clear,Dark - Lighted,Dry,Other Principal Arterial,35.0,10,January,11:00pm-11:59pm,1,Four-Way Intersection,1
32.85369722,-117.1196028,Clear,Dark - Lighted,Dry,Other Principal Arterial,55.0,11,November,6:00pm-6:59pm,2,Four-Way Intersection,1
33.92636111,-118.304075,Rain,Dark - Lighted,Wet,Interstate,65.0,2,February,2:00am-2:59am,1,Not an Intersection,2
33.951775,-118.2918833,Clear,Dark - Lighted,Dry,Other Principal Arterial,40.0,31,March,8:00pm-8:59pm,1,Not an Intersection,1
33.94073889,-118.2918722,Clear,Dark - Lighted,Dry,Other Principal Arterial,45.0,15,April,9:00pm-9:59pm,1,Not an Intersection,1
33.96434444,-118.1691583,Clear,Dark - Not Lighted,Dry,Interstate,65.0,18,April,1:00am-1:59am,1,Not an Intersection,1
33.828625,-118.2085889,Clear,Dark - Lighted,Dry,Interstate,65.0,27,May,2:00am-2:59am,1,Not an Intersection,1
33.90514722,-118.1838972,Clear,Dark - Not Lighted,Dry,Interstate,65.0,21,July,0:00am-0:59am,1,Not an Intersection,1
33.88358889,-117.9654278,Clear,Dark - Lighted,Dry,Minor Arterial,50.0,15,November,1:00am-1:59am,1,Not an Intersection,1
34.42675556,-117.4153583,Clear,Dark - Not Lighted,Dry,Major Collector,55.0,21,November,11:00pm-11:59pm,1,Not an Intersection,1
34.24081944,-118.4422639,Clear,Dark - Lighted,Dry,Minor Arterial,35.0,27,November,9:00pm-9:59pm,1,Four-Way Intersection,1
34.09829722,-117.7034528,Clear,Dark - Lighted,Wet,Other Principal Arterial,40.0,30,November,11:00pm-11:59pm,1,Not an Intersection,1
34.035825,-118.3003722,Clear,Dark - Lighted,Dry,Minor Arterial,35.0,27,October,9:00pm-9:59pm,1,Not an Intersection,1
39.13576389,-121.6143167,Clear,Dark - Lighted,Dry,Minor Arterial,35.0,28,October,8:00pm-8:59pm,1,Not an Intersection,1
34.06914167,-118.2867861,Clear,Dark - Lighted,Dry,Minor Arterial,35.0,29,October,5:00am-5:59am,1,Four-Way Intersection,1
34.06305556,-117.2522167,Clear,Dark - Lighted,Dry,Minor Arterial,45.0,6,December,7:00pm-7:59pm,1,Not an Intersection,1
33.71075,-116.2009917,Clear,Dark - Lighted,Dry,Other Principal Arterial,45.0,29,October,6:00pm-6:59pm,2,T-Intersection,1
38.74501944,-121.2743361,Clear,Daylight,Dry,Minor Arterial,30.0,29,October,3:00pm-3:59pm,1,Not an Intersection,1
33.85933333,-117.9399194,Clear,Dark - Lighted,Dry,Other Principal Arterial,45.0,9,December,7:00pm-7:59pm,1,Not an Intersection,1
34.59435,-117.4539222,Clear,Daylight,Dry,Other Principal Arterial,55.0,31,October,1:00pm-1:59pm,3,Not an Intersection,1
32.73734722,-117.2307194,Cloudy,Dark - Lighted,Dry,Other Principal Arterial,40.0,12,December,6:00am-6:59am,1,Four-Way Intersection,1
37.27463333,-121.9336667,Clear,Dark - Lighted,Dry,Other Principal Arterial,35.0,24,November,10:00pm-10:59pm,1,Four-Way Intersection,1
37.92893333,-122.0094028,Cloudy,Dark - Not Lighted,Dry,Other Principal Arterial,55.0,13,December,6:00am-6:59am,1,Not an Intersection,1
34.03676111,-118.3164972,Clear,Dark - Lighted,Dry,Interstate,65.0,21,July,3:00am-3:59am,2,Not an Intersection,1
37.95044444,-121.3031944,Clear,Dark - Lighted,Dry,Interstate,65.0,27,November,3:00am-3:59am,1,Not an Intersection,1
37.75116944,-121.4802917,Clear,Dark - Not Lighted,Dry,Minor Arterial,55.0,13,October,Unknown Hours,1,Not an Intersection,1
33.99325278,-118.3001944,Clear,Dark - Lighted,Dry,Minor Arterial,35.0,18,October,11:00pm-11:59pm,2,Four-Way Intersection,1
34.488925,-117.3826139,Clear,Daylight,Dry,Minor Arterial,50.0,19,October,7:00am-7:59am,1,Not an Intersection,1
34.06312778,-117.2446361,Clear,Dark - Lighted,Dry,Minor Arterial,45.0,19,October,8:00pm-8:59pm,1,Not an Intersection,1
34.67481667,-118.2375139,Clear,Dark - Lighted,Dry,Major Collector,55.0,20,October,2:00am-2:59am,1,Not an Intersection,2
38.79536111,-121.3414417,Clear,Dark - Lighted,Dry,Minor Arterial,45.0,20,October,7:00pm-7:59pm,1,Not an Intersection,1
37.75324722,-122.4024361,Cloudy,Dark - Lighted,Wet,Other Principal Arterial,25.0,23,November,2:00am-2:59am,1,Not an Intersection,1
33.20161111,-117.34275,Clear,Daylight,Dry,Other Principal Arterial,45.0,21,October,2:00pm-2:59pm,1,Not an Intersection,1
35.35261667,-118.9781861,Cloudy,Daylight,Dry,Other Freeways and Expressways,65.0,28,March,12:00pm-12:59pm,2,Not an Intersection,1
39.09686111,-120.9505667,Clear,Daylight,Dry,Interstate,65.0,18,May,11:00am-11:59am,1,Not an Intersection,1
37.901175,-121.2565528,Rain,Dark - Lighted,Wet,Other Principal Arterial,45.0,23,November,1:00am-1:59am,1,Not an Intersection,1
37.96080278,-121.2724361,Cloudy,Dark - Lighted,Dry,Local,30.0,23,December,5:00pm-5:59pm,1,Not an Intersection,1
33.99025833,-117.3418833,Clear,Daylight,Dry,Minor Arterial,40.0,16,December,8:00am-8:59am,1,Not an Intersection,1
33.61939722,-117.6884389,Clear,Dark - Lighted,Dry,Other Principal Arterial,50.0,17,December,5:00pm-5:59pm,2,Not an Intersection,1
32.89144167,-117.1400028,Clear,Dark - Lighted,Dry,Other Principal Arterial,50.0,19,December,8:00pm-8:59pm,2,Not an Intersection,1
34.17947222,-118.4362222,Clear,Dark - Lighted,Dry,Minor Arterial,35.0,24,December,9:00pm-9:59pm,4,Not an Intersection,1
37.77185278,-122.4791667,Cloudy,Daylight,Dry,Other Principal Arterial,35.0,25,December,3:00pm-3:59pm,1,Not an Intersection,1
34.68999722,-118.0071889,Clear,Dark - Not Lighted,Dry,Major Collector,55.0,12,October,6:00am-6:59am,2,Not an Intersection,1
32.7014,-117.0639028,Clear,Dark - Lighted,Dry,Minor Arterial,35.0,28,December,11:00pm-11:59pm,1,Not an Intersection,1
33.92431389,-118.2918028,Clear,Dark - Lighted,Dry,Other Principal Arterial,40.0,11,February,1:00am-1:59am,2,Not an Intersection,1
34.03662778,-118.0900917,Clear,Dark - Lighted,Dry,Other Freeways and Expressways,65.0,12,February,0:00am-0:59am,2,Not an Intersection,1
34.07218056,-118.0862,Clear,Dark - Not Lighted,Dry,Interstate,65.0,15,February,3:00am-3:59am,4,Not an Intersection,1
37.06293889,-120.9263556,Clear,Dark - Not Lighted,Dry,Major Collector,55.0,10,November,7:00pm-7:59pm,2,Not an Intersection,1
33.99826667,-117.8575722,Clear,Dark - Not Lighted,Dry,Other Freeways and Expressways,65.0,29,June,3:00am-3:59am,2,Not an Intersection,1
36.93742778,-121.8312278,"Fog, Smog, Smoke",Dark - Not Lighted,Wet,Other Freeways and Expressways,55.0,13,October,11:00pm-11:59pm,1,Not an Intersection,1
33.87630556,-118.1026056,Clear,Dawn,Dry,Other Freeways and Expressways,65.0,1,September,6:00am-6:59am,2,Not an Intersection,2
34.00975556,-118.0536722,Clear,Dark - Not Lighted,Dry,Minor Arterial,45.0,18,August,0:00am-0:59am,1,Not an Intersection,1
38.08474722,-120.9601556,Clear,Daylight,Dry,Minor Arterial,55.0,5,October,10:00am-10:59am,2,Not an Intersection,1
34.1449,-117.3196472,Clear,Daylight,Dry,Interstate,65.0,8,May,1:00pm-1:59pm,3,Not an Intersection,1
34.07211389,-117.8799,Clear,Dark - Lighted,Dry,Interstate,65.0,14,December,4:00am-4:59am,1,Not an Intersection,2
34.00046944,-117.835925,Clear,Dark - Lighted,Dry,Other Freeways and Expressways,65.0,3,July,1:00am-1:59am,1,Not an Intersection,1
33.87630278,-118.1050333,Clear,Dark - Not Lighted,Dry,Other Freeways and Expressways,65.0,5,July,1:00am-1:59am,2,Not an Intersection,1
34.23614167,-118.4730222,Clear,Dark - Lighted,Dry,Interstate,65.0,2,August,2:00am-2:59am,2,Not an Intersection,1
33.81240556,-118.2961167,Clear,Dark - Lighted,Dry,Other Principal Arterial,40.0,29,April,9:00pm-9:59pm,2,T-Intersection,1
34.54411389,-118.3528944,Clear,Dark - Not Lighted,Dry,Unknown,49.0,1,August,10:00pm-10:59pm,1,Not an Intersection,1
33.9123,-118.1789111,Clear,Daylight,Dry,Interstate,65.0,19,July,5:00pm-5:59pm,3,Not an Intersection,1
33.988125,-117.9011194,Clear,Daylight,Dry,Minor Arterial,45.0,16,September,9:00pm-9:59pm,1,Four-Way Intersection,1
33.91499167,-118.185925,Clear,Dark - Not Lighted,Dry,Interstate,65.0,1,August,1:00am-1:59am,1,Not an Intersection,1
34.03853889,-118.2760167,Clear,Dark - Lighted,Dry,Interstate,55.0,21,September,5:00am-5:59am,1,Not an Intersection,1
33.92609444,-118.1041167,Cloudy,Dark - Not Lighted,Dry,Interstate,65.0,24,November,11:00pm-11:59pm,1,Not an Intersection,2
33.95267778,-118.3700639,Cloudy,Dark - Lighted,Wet,Other Principal Arterial,40.0,2,February,0:00am-0:59am,2,Four-Way Intersection,1
36.85979722,-121.6060528,Clear,Daylight,Dry,Other Freeways and Expressways,65.0,15,March,7:00am-7:59am,1,Not an Intersection,1
33.73684167,-117.9121833,Clear,Dark - Not Lighted,Dry,Minor Arterial,40.0,28,August,10:00pm-10:59pm,1,Not an Intersection,1
34.01785556,-118.1580528,Clear,Dark - Lighted,Dry,Other Principal Arterial,35.0,7,May,10:00pm-10:59pm,1,Not an Intersection,1
41.28689722,-123.8591417,Clear,Dark - Not Lighted,Dry,Major Collector,55.0,4,November,Unknown Hours,1,Not an Intersection,1
37.17325278,-118.2903278,Clear,Dark - Not Lighted,Dry,Other Principal Arterial,45.0,14,December,5:00pm-5:59pm,1,Not an Intersection,1
33.21129722,-117.2449667,Clear,Daylight,Dry,Minor Arterial,25.0,23,October,5:00pm-5:59pm,1,Four-Way Intersection,1
37.78301944,-122.4413194,Clear,Dark - Lighted,Dry,Other Principal Arterial,25.0,25,October,6:00am-6:59am,1,Not an Intersection,1
34.25758333,-118.51065,Clear,Dark - Lighted,Dry,Other Principal Arterial,40.0,17,October,9:00pm-9:59pm,2,Not an Intersection,1
38.35833611,-121.9909861,Clear,Daylight,Dry,Local,25.0,23,October,2:00pm-2:59pm,1,Not an Intersection,1
37.50598889,-120.8529556,Clear,Dark - Lighted,Dry,Local,30.0,26,October,8:00pm-8:59pm,1,Not an Intersection,1
32.71503056,-117.1176722,Cloudy,Dark - Lighted,Dry,Other Freeways and Expressways,65.0,31,December,Unknown Hours,1,Not an Intersection,1
35.12602222,-117.9566139,Clear,Daylight,Dry,Other Principal Arterial,45.0,23,October,4:00pm-4:59pm,2,Not an Intersection,2
32.77795,-117.1029694,Cloudy,Dark - Not Lighted,Dry,Major Collector,40.0,25,October,9:00pm-9:59pm,3,Not an Intersection,1
34.14630278,-118.3693083,Clear,Dark - Lighted,Dry,Other Freeways and Expressways,55.0,25,August,4:00am-4:59am,3,Not an Intersection,1
33.25073889,-117.2675111,Clear,Dark - Lighted,Dry,Other Freeways and Expressways,55.0,26,October,9:00pm-9:59pm,2,Not an Intersection,1
34.03165833,-118.1853972,Clear,Dark - Not Lighted,Dry,Other Freeways and Expressways,65.0,14,September,5:00am-5:59am,1,Not an Intersection,1
33.02143611,-117.1424028,Clear,Dark - Not Lighted,Dry,Minor Arterial,55.0,22,November,6:00pm-6:59pm,1,Not an Intersection,1
37.764925,-122.4213528,Clear,Dark - Lighted,Dry,Other Principal Arterial,25.0,24,November,2:00am-2:59am,1,Not an Intersection,1
34.21159722,-118.5273222,Cloudy,Dark - Lighted,Wet,Minor Arterial,35.0,23,November,5:00pm-5:59pm,1,Not an Intersection,1
33.92333333,-118.0435944,Clear,Daylight,Dry,Minor Arterial,35.0,11,September,5:00pm-5:59pm,3,Not an Intersection,1
34.55791667,-117.9573028,Clear,Dark - Lighted,Dry,Minor Arterial,55.0,16,September,7:00pm-7:59pm,3,Not an Intersection,1
33.70850556,-117.8502639,Clear,Dark - Lighted,Dry,Other Principal Arterial,40.0,20,October,6:00am-6:59am,1,Not an Intersection,1
32.58667222,-117.0370611,Clear,Dark - Lighted,Dry,Interstate,65.0,29,May,7:00pm-7:59pm,1,Not an Intersection,1
34.88326667,-120.436725,Clear,Daylight,Dry,Other Principal Arterial,55.0,23,September,11:00am-11:59am,2,Four-Way Intersection,1
34.19246944,-118.4740917,Clear,Dawn,Dry,Interstate,65.0,13,October,5:00am-5:59am,5,Not an Intersection,1
34.05418611,-118.4515278,Clear,Dark - Lighted,Dry,Interstate,65.0,19,October,1:00am-1:59am,1,Not an Intersection,1
34.00861111,-118.1582111,Clear,Dark - Not Lighted,Dry,Interstate,65.0,22,September,4:00am-4:59am,1,Not an Intersection,1
33.993625,-117.9314222,Clear,Daylight,Dry,Other Principal Arterial,45.0,23,September,5:00pm-5:59pm,1,Four-Way Intersection,1
38.05146667,-121.2594556,Clear,Daylight,Dry,Local,55.0,2,November,3:00pm-3:59pm,2,T-Intersection,1
37.97906389,-121.2817278,Clear,Dark - Lighted,Dry,Local,40.0,1,September,4:00am-4:59am,1,Not an Intersection,1
38.20911667,-121.264875,Clear,Dark - Not Lighted,Dry,Other Freeways and Expressways,65.0,13,June,11:00pm-11:59pm,1,Not an Intersection,1
34.13430833,-117.3540056,Clear,Dark - Lighted,Dry,Other Freeways and Expressways,65.0,15,September,9:00pm-9:59pm,2,Not an Intersection,1
38.14649444,-122.2482,Cloudy,Dark - Lighted,Dry,Local,25.0,13,October,0:00am-0:59am,1,Not an Intersection,1
37.97440833,-121.9158806,Clear,Dark - Not Lighted,Dry,Other Principal Arterial,55.0,24,November,10:00pm-10:59pm,1,Not an Intersection,1
37.99170833,-121.1818417,Clear,Daylight,Dry,Minor Arterial,55.0,16,August,4:00pm-4:59pm,2,Not an Intersection,1
34.05616111,-118.2557889,Clear,Dark - Not Lighted,Dry,Interstate,55.0,12,November,4:00am-4:59am,1,Not an Intersection,1
33.96014167,-118.2579167,Clear,Dark - Lighted,Dry,Other Principal Arterial,35.0,30,January,8:00pm-8:59pm,1,Not an Intersection,1
37.92181667,-121.6872361,Clear,Dark - Lighted,Dry,Other Principal Arterial,55.0,27,April,10:00pm-10:59pm,2,T-Intersection,1
34.57213056,-117.365175,Clear,Daylight,Dry,Minor Arterial,60.0,23,October,5:00am-5:59am,1,T-Intersection,1
38.63986667,-121.4292111,Clear,Dark - Lighted,Dry,Other Principal Arterial,35.0,27,October,1:00am-1:59am,2,Four-Way Intersection,1
34.25575833,-118.4405194,Clear,Dark - Lighted,Dry,Other Principal Arterial,40.0,30,October,6:00pm-6:59pm,1,Not an Intersection,1
36.72864722,-119.7403194,Clear,Dark - Lighted,Dry,Major Collector,40.0,30,April,0:00am-0:59am,1,Not an Intersection,1
32.75279444,-117.2048583,Clear,Dark - Lighted,Dry,Other Principal Arterial,35.0,30,October,9:00pm-9:59pm,1,"Five Point, or More",1
34.02554444,-118.3603667,Clear,Dark - Not Lighted,Dry,Minor Arterial,35.0,31,October,7:00pm-7:59pm,1,Not an Intersection,1
37.85516389,-122.2690028,Clear,Dark - Lighted,Dry,Minor Arterial,25.0,1,November,0:00am-0:59am,1,Not an Intersection,1
34.31176667,-117.2756528,Clear,Daylight,Dry,Major Collector,55.0,1,November,2:00pm-2:59pm,2,Not an Intersection,1
34.05184444,-118.0646528,Clear,Dark - Lighted,Dry,Other Principal Arterial,30.0,15,November,8:00pm-8:59pm,1,Four-Way Intersection,1
34.90465278,-120.4514556,Clear,Daylight,Dry,Minor Arterial,25.0,2,May,3:00pm-3:59pm,2,Four-Way Intersection,1
37.80084444,-122.4279389,Clear,Dark - Lighted,Dry,Other Principal Arterial,25.0,21,September,11:00pm-11:59pm,1,Four-Way Intersection,1
33.64134167,-117.9185417,Clear,Dark - Lighted,Dry,Other Freeways and Expressways,40.0,21,October,10:00pm-10:59pm,1,T-Intersection,1
36.605025,-119.7858389,Clear,Dark - Lighted,Dry,Other Principal Arterial,65.0,18,May,8:00pm-8:59pm,3,Four-Way Intersection,1
37.68808333,-122.0958917,Clear,Dark - Lighted,Dry,Other Principal Arterial,35.0,22,May,11:00pm-11:59pm,1,Four-Way Intersection,1
38.69305,-121.2301667,Clear,Daylight,Dry,Major Collector,25.0,19,September,4:00pm-4:59pm,1,Four-Way Intersection,1
33.698575,-117.7382417,Clear,Dark - Lighted,Dry,Minor Arterial,55.0,6,October,6:00pm-6:59pm,2,Four-Way Intersection,1
33.67850278,-117.8804611,Clear,Daylight,Dry,Other Freeways and Expressways,65.0,5,September,3:00pm-3:59pm,4,Not an Intersection,1
33.69204444,-117.7124306,Clear,Dark - Lighted,Dry,Local,55.0,5,December,6:00pm-6:59pm,1,T-Intersection,1
32.67845,-117.1098306,"Fog, Smog, Smoke",Dark - Lighted,Dry,Interstate,65.0,21,December,1:00am-1:59am,2,Not an Intersection,1
37.86996111,-121.0694333,Clear,Dark - Not Lighted,Dry,Major Collector,55.0,1,December,5:00pm-5:59pm,3,Not an Intersection,1
34.14985278,-118.10125,Clear,Dark - Lighted,Dry,Minor Arterial,35.0,11,May,2:00am-2:59am,2,Not an Intersection,3
37.78166389,-122.2129222,Clear,Dark - Lighted,Dry,Major Collector,25.0,24,July,10:00pm-10:59pm,10,Four-Way Intersection,1
34.0105,-118.1602333,Clear,Dark - Lighted,Dry,Interstate,65.0,6,November,7:00pm-7:59pm,2,Not an Intersection,1
34.01610556,-118.1575,Clear,Dark - Lighted,Dry,Other Principal Arterial,40.0,5,November,7:00pm-7:59pm,1,Four-Way Intersection,1
33.93161389,-118.36565,Clear,Daylight,Dry,Interstate,65.0,10,November,10:00am-10:59am,1,Not an Intersection,1
37.76451111,-122.4527056,Clear,Daylight,Dry,Minor Arterial,25.0,22,October,8:00am-8:59am,1,Four-Way Intersection,1
35.62253611,-117.6995583,Clear,Dark - Not Lighted,Dry,Major Collector,55.0,1,July,0:00am-0:59am,1,Not an Intersection,1
36.63300278,-119.4076778,Clear,Dawn,Dry,Minor Collector,55.0,20,September,6:00am-6:59am,2,Not an Intersection,1
33.92416111,-116.4199056,Clear,Dark - Not Lighted,Dry,Other Principal Arterial,55.0,28,December,1:00am-1:59am,1,Not an Intersection,1
34.03311111,-118.1281722,Clear,Dark - Not Lighted,Dry,Other Freeways and Expressways,65.0,17,September,10:00pm-10:59pm,2,Not an Intersection,1
34.55803333,-118.0453278,Clear,Daylight,Dry,Major Collector,55.0,26,November,12:00pm-12:59pm,2,Four-Way Intersection,1
35.29549444,-119.0031528,Clear,Dark - Lighted,Dry,Other Principal Arterial,45.0,24,August,8:00pm-8:59pm,1,Not an Intersection,1
40.21885833,-121.485675,Clear,Daylight,Dry,Minor Arterial,55.0,11,October,5:00pm-5:59pm,1,Not an Intersection,1
33.72861389,-116.4051722,Clear,Dark - Lighted,Dry,Local,45.0,24,May,5:00am-5:59am,1,T-Intersection,2
37.42965,-122.10265,Clear,Dark - Not Lighted,Dry,Other Freeways and Expressways,65.0,31,May,3:00am-3:59am,3,Not an Intersection,1
34.10551389,-118.4782139,Clear,Dusk,Dry,Interstate,65.0,16,June,8:00pm-8:59pm,1,Not an Intersection,1
32.60883611,-117.0907833,Clear,Dark - Lighted,Dry,Interstate,65.0,13,May,9:00pm-9:59pm,1,Not an Intersection,1
34.45243611,-119.9659833,Clear,Daylight,Dry,Other Freeways and Expressways,65.0,15,August,12:00pm-12:59pm,2,Not an Intersection,1
34.47906944,-117.3389306,Clear,Daylight,Dry,Minor Arterial,45.0,23,November,4:00pm-4:59pm,2,Not an Intersection,1
32.77769722,-117.0575139,Clear,Dark - Not Lighted,Dry,Interstate,65.0,30,July,11:00pm-11:59pm,2,Not an Intersection,1
38.18205278,-122.1850444,Clear,Dark - Lighted,Dry,Interstate,65.0,7,August,0:00am-0:59am,2,Not an Intersection,1
34.17610278,-118.3937222,Clear,Dark - Not Lighted,Dry,Other Freeways and Expressways,65.0,21,November,11:00pm-11:59pm,2,Not an Intersection,1
34.13839444,-118.0146556,Clear,Dark - Not Lighted,Dry,Interstate,65.0,29,December,3:00am-3:59am,2,Not an Intersection,1
33.83687222,-117.9937528,Clear,Dark - Lighted,Dry,Minor Arterial,45.0,20,November,8:00pm-8:59pm,1,Not an Intersection,1
37.31703611,-121.8975944,Clear,Dark - Lighted,Dry,Minor Arterial,35.0,18,November,8:00pm-8:59pm,1,Not an Intersection,1
33.81540833,-118.3864,Clear,Dark - Lighted,Dry,Other Principal Arterial,35.0,20,November,11:00pm-11:59pm,2,Four-Way Intersection,1
34.40808611,-117.3169528,Clear,Dark - Lighted,Dry,Major Collector,25.0,21,November,0:00am-0:59am,3,Not an Intersection,1
37.69290556,-122.0607333,Cloudy,Daylight,Dry,Interstate,65.0,15,September,9:00am-9:59am,1,Not an Intersection,1
36.81585278,-119.6865278,Clear,Daylight,Dry,Major Collector,25.0,28,August,10:00am-10:59am,2,T-Intersection,1
33.87017778,-117.9509111,Clear,Daylight,Dry,Minor Arterial,40.0,28,August,3:00pm-3:59pm,3,Four-Way Intersection,1
33.96977222,-118.1827222,Clear,Dark - Lighted,Dry,Other Principal Arterial,35.0,15,September,8:00pm-8:59pm,1,Not an Intersection,1
36.62088056,-121.8412611,Clear,Dark - Lighted,Dry,Minor Arterial,30.0,22,September,10:00pm-10:59pm,1,Not an Intersection,2
33.78217222,-116.4716694,Clear,Dark - Lighted,Dry,Other Principal Arterial,45.0,11,October,0:00am-0:59am,2,Not an Intersection,1
38.73836944,-121.3070222,Rain,Dark - Lighted,Wet,Other Principal Arterial,45.0,1,November,11:00pm-11:59pm,1,Not an Intersection,1
34.52886389,-117.3182861,Clear,Dark - Lighted,Dry,Minor Arterial,40.0,2,November,6:00pm-6:59pm,1,Four-Way Intersection,1
35.36875833,-120.8513083,Clear,Daylight,Dry,Minor Arterial,25.0,7,November,3:00pm-3:59pm,1,Four-Way Intersection,1
37.96891111,-122.5567417,Clear,Daylight,Dry,Local,25.0,12,November,7:00am-7:59am,1,Not an Intersection,1
34.12144722,-117.3434889,Not Reported,Not Reported,Not Reported,Minor Arterial,49.0,18,November,5:00pm-5:59pm,2,Not an Intersection,1
33.78358889,-117.9061194,Clear,Daylight,Dry,Minor Arterial,35.0,7,July,7:00pm-7:59pm,5,Not an Intersection,1
38.52413611,-120.8475472,Clear,Dark - Not Lighted,Dry,Minor Arterial,55.0,7,November,6:00pm-6:59pm,1,Not an Intersection,1
33.73008333,-118.0147694,Clear,Dark - Lighted,Dry,Other Principal Arterial,45.0,9,February,9:00pm-9:59pm,4,Not an Intersection,1
35.76140833,-119.1981083,Clear,Daylight,Dry,Major Collector,55.0,17,June,5:00am-5:59am,1,Not an Intersection,1
36.57634444,-119.6682639,Clear,Dark - Not Lighted,Dry,Local,55.0,2,September,8:00pm-8:59pm,2,Not an Intersection,1
37.46471111,-122.2910917,Clear,Dark - Not Lighted,Dry,Interstate,65.0,14,May,10:00pm-10:59pm,4,Not an Intersection,1
36.54730833,-119.7233806,Cloudy,Dawn,Dry,Major Collector,55.0,24,August,5:00am-5:59am,2,Not an Intersection,1
37.76509722,-121.3658139,Clear,Dark - Not Lighted,Dry,Interstate,55.0,19,August,10:00pm-10:59pm,2,Not an Intersection,1
38.49645278,-121.0986861,Clear,Daylight,Dry,Other Principal Arterial,55.0,29,July,8:00pm-8:59pm,2,Four-Way Intersection,1
38.33533333,-121.9705861,Clear,Daylight,Dry,Other Principal Arterial,40.0,24,July,6:00am-6:59am,2,Four-Way Intersection,1
33.63797778,-115.0905222,Clear,Dark - Not Lighted,Dry,Interstate,55.0,4,February,10:00pm-10:59pm,2,Not an Intersection,1
38.38416944,-121.9337472,Clear,Daylight,Dry,Other Principal Arterial,40.0,11,July,10:00am-10:59am,5,Not Reported,1
39.11055278,-121.6717306,Cloudy,Daylight,Dry,Minor Arterial,55.0,27,January,4:00pm-4:59pm,2,Not an Intersection,1
37.24594167,-121.8683917,Clear,Daylight,Dry,Minor Arterial,60.0,11,July,4:00pm-4:59pm,2,T-Intersection,1
33.92461111,-117.9461278,Cloudy,Dark - Lighted,Wet,Other Principal Arterial,40.0,5,May,5:00am-5:59am,1,Four-Way Intersection,1
35.38733056,-119.04315,Clear,Dark - Lighted,Dry,Minor Arterial,40.0,29,March,9:00pm-9:59pm,1,Not an Intersection,1
32.69436667,-115.4991889,Clear,Dark - Not Lighted,Dry,Other Principal Arterial,49.0,9,March,4:00am-4:59am,1,Not an Intersection,1
34.000425,-118.203475,Clear,Dark - Lighted,Dry,Other Principal Arterial,40.0,17,May,2:00am-2:59am,1,Not an Intersection,1
34.482625,-117.2653833,Clear,Dark - Lighted,Dry,Local,35.0,10,March,1:00am-1:59am,1,Not an Intersection,1
35.23212778,-119.0139778,Clear,Dark - Not Lighted,Dry,Other Freeways and Expressways,70.0,17,November,1:00am-1:59am,1,Not an Intersection,1
36.67585556,-121.8085056,Clear,Dark - Not Lighted,Dry,Other Freeways and Expressways,65.0,3,December,3:00am-3:59am,1,Not an Intersection,1
36.97466667,-120.1284889,Clear,Daylight,Dry,Minor Arterial,55.0,14,February,11:00am-11:59am,2,Four-Way Intersection,1
35.102725,-119.0461111,Clear,Daylight,Dry,Interstate,70.0,26,March,4:00pm-4:59pm,1,Not an Intersection,1
38.22321667,-122.2579833,Clear,Dark - Lighted,Dry,Other Principal Arterial,55.0,17,July,11:00pm-11:59pm,3,Four-Way Intersection,1
36.72363056,-119.1437306,Clear,Daylight,Dry,Minor Collector,55.0,3,April,9:00am-9:59am,2,Not an Intersection,1
38.27216944,-122.0926639,Clear,Daylight,Dry,Major Collector,45.0,25,September,12:00pm-12:59pm,1,T-Intersection,1
36.61840833,-119.3948889,Clear,Daylight,Dry,Major Collector,55.0,5,April,11:00am-11:59am,2,Four-Way Intersection,1
38.06845833,-122.2266222,Clear,Dark - Lighted,Dry,Interstate,55.0,28,September,9:00pm-9:59pm,1,Not an Intersection,1
38.14063611,-122.1099722,Clear,Dark - Not Lighted,Dry,Interstate,65.0,30,September,3:00am-3:59am,1,Not an Intersection,1
38.51739444,-122.4874278,Clear,Daylight,Dry,Minor Arterial,45.0,4,August,9:00am-9:59am,1,Not an Intersection,1
34.008575,-117.9700167,Clear,Dark - Not Lighted,Dry,Other Freeways and Expressways,65.0,28,December,0:00am-0:59am,1,Not an Intersection,1
36.64785556,-119.9889056,Clear,Daylight,Dry,Major Collector,55.0,28,August,11:00am-11:59am,2,Four-Way Intersection,2
34.11334722,-117.7651722,Clear,Dark - Lighted,Dry,Other Principal Arterial,45.0,27,July,0:00am-0:59am,1,Four-Way Intersection,1
33.81595278,-116.4756278,Clear,Dark - Lighted,Dry,Other Principal Arterial,45.0,8,May,11:00pm-11:59pm,1,T-Intersection,1
36.73039167,-119.2866806,Cloudy,Daylight,Dry,Other Principal Arterial,65.0,15,September,4:00pm-4:59pm,2,Y-Intersection,1
33.78515278,-116.9718583,Clear,Daylight,Dry,Local,45.0,30,October,12:00pm-12:59pm,1,Four-Way Intersection,1
33.82358056,-117.0335583,Clear,Dark - Not Lighted,Dry,Local,55.0,16,November,1:00am-1:59am,1,T-Intersection,1
34.34016111,-117.4824222,Clear,Daylight,Dry,Interstate,70.0,2,October,11:00am-11:59am,1,Not an Intersection,1
36.75436111,-119.77575,Rain,Dark - Not Lighted,Wet,Other Freeways and Expressways,65.0,26,November,5:00am-5:59am,1,Not an Intersection,1
37.09075556,-121.9497,Clear,Daylight,Dry,Major Collector,40.0,18,December,9:00am-9:59am,2,Not an Intersection,1
39.15755,-123.57405,Clear,Daylight,Dry,Minor Arterial,55.0,21,March,2:00pm-2:59pm,1,Not an Intersection,1
33.96739722,-118.2810389,Clear,Daylight,Dry,Interstate,65.0,3,April,10:00am-10:59am,3,Not an Intersection,1
38.55161389,-121.4315417,Clear,Daylight,Dry,Other Freeways and Expressways,55.0,4,June,8:00pm-8:59pm,2,Not an Intersection,1
41.42697778,-122.3995139,Clear,Daylight,Dry,Interstate,65.0,30,June,12:00pm-12:59pm,2,Not an Intersection,1
36.87594722,-119.9113444,Clear,Daylight,Dry,Major Collector,55.0,7,July,7:00am-7:59am,1,Not an Intersection,1
36.99768889,-120.0742944,Clear,Dark - Not Lighted,Dry,Minor Arterial,45.0,31,July,4:00am-4:59am,2,T-Intersection,1
32.71965556,-114.9167889,Clear,Daylight,Dry,Interstate,70.0,20,September,6:00am-6:59am,2,Not an Intersection,1
33.55043611,-117.2864917,Clear,Daylight,Dry,Local,50.0,28,September,6:00pm-6:59pm,1,Not an Intersection,1
40.76430556,-122.31875,Clear,Dark - Not Lighted,Dry,Interstate,65.0,16,August,11:00pm-11:59pm,6,Not an Intersection,1
38.05991111,-122.5316306,Clear,Dark - Lighted,Dry,Other Freeways and Expressways,65.0,5,October,8:00pm-8:59pm,1,Not an Intersection,1
33.98934722,-118.2497861,Clear,Dark - Lighted,Dry,Other Principal Arterial,40.0,26,September,11:00pm-11:59pm,3,Not an Intersection,1
33.28639722,-116.8003944,Clear,Daylight,Wet,Major Collector,45.0,3,November,12:00pm-12:59pm,1,Not an Intersection,1
35.35043889,-118.9852528,Clear,Dark - Lighted,Dry,Minor Arterial,40.0,22,December,7:00pm-7:59pm,1,Four-Way Intersection,1
37.92548611,-121.6226611,Clear,Dark - Lighted,Dry,Minor Arterial,50.0,6,December,11:00pm-11:59pm,1,Four-Way Intersection,1
32.75713889,-117.2037,Clear,Dark - Lighted,Dry,Interstate,65.0,11,May,11:00pm-11:59pm,1,Not an Intersection,1
36.930075,-121.4735028,Clear,Dusk,Dry,Other Principal Arterial,55.0,30,August,8:00pm-8:59pm,2,Not an Intersection,1
33.95588333,-117.4700444,Clear,Daylight,Dry,Local,25.0,21,October,4:00pm-4:59pm,1,Four-Way Intersection,1
33.88716944,-117.3314139,Clear,Dark - Lighted,Dry,Minor Arterial,40.0,2,November,5:00am-5:59am,2,Four-Way Intersection,2
37.89587222,-121.2836194,Clear,Dark - Lighted,Dry,Interstate,65.0,20,October,7:00pm-7:59pm,3,Not an Intersection,1
33.95871111,-117.4185583,Clear,Dark - Lighted,Dry,Minor Arterial,35.0,26,October,7:00pm-7:59pm,1,Not an Intersection,1
38.414175,-121.3913833,Cloudy,Dark - Lighted,Dry,Other Freeways and Expressways,65.0,6,March,5:00am-5:59am,1,Not an Intersection,1
34.07037222,-117.4429889,Cloudy,Dark - Lighted,Wet,Minor Arterial,45.0,3,February,10:00pm-10:59pm,4,Not an Intersection,3
39.24628889,-120.7440778,Snow,Daylight,Wet,Interstate,65.0,26,April,9:00am-9:59am,1,Not an Intersection,1
38.92015556,-122.6125278,Clear,Dark - Not Lighted,Dry,Other Principal Arterial,55.0,26,May,1:00am-1:59am,1,Not an Intersection,1
38.678275,-121.2257111,Clear,Daylight,Dry,Other Principal Arterial,45.0,1,July,7:00am-7:59am,1,Four-Way Intersection,1
39.71103056,-122.1784667,Clear,Daylight,Dry,Major Collector,55.0,24,June,8:00am-8:59am,2,Four-Way Intersection,1
37.607725,-120.4502111,Clear,Dark - Not Lighted,Wet,Major Collector,55.0,3,February,0:00am-0:59am,1,Not an Intersection,1
33.84703333,-118.3878917,Clear,Daylight,Dry,Local,35.0,10,January,2:00pm-2:59pm,2,Four-Way Intersection,1
39.76448056,-122.0290667,Clear,Daylight,Dry,Major Collector,45.0,19,July,Unknown Hours,1,Not an Intersection,2
38.68202778,-122.4462306,Clear,Daylight,Dry,Major Collector,50.0,13,October,11:00am-11:59am,1,Not an Intersection,1
38.82706667,-121.3070194,Clear,Dark - Not Lighted,Dry,Major Collector,45.0,4,August,4:00am-4:59am,1,Not an Intersection,1
38.75856667,-121.2613111,Clear,Dark - Lighted,Dry,Interstate,65.0,24,October,9:00pm-9:59pm,1,Not an Intersection,1
38.67776667,-121.36165,Clear,Daylight,Not Reported,Minor Arterial,45.0,15,June,8:00pm-8:59pm,1,Not an Intersection,1
34.29696667,-118.1644056,Clear,Daylight,Dry,Major Collector,55.0,9,November,2:00pm-2:59pm,2,Not an Intersection,1
33.70700833,-116.182475,Clear,Dark - Lighted,Dry,Other Principal Arterial,55.0,24,January,9:00pm-9:59pm,1,Not an Intersection,1
32.717775,-117.1142194,Clear,Dark - Not Lighted,Dry,Other Freeways and Expressways,65.0,29,March,11:00pm-11:59pm,1,Not an Intersection,1
32.76031389,-117.1718417,Clear,Dark - Lighted,Dry,Interstate,65.0,30,May,2:00am-2:59am,1,Not an Intersection,1
36.05322222,-119.5236028,Clear,Daylight,Dry,Minor Arterial,55.0,8,June,5:00pm-5:59pm,1,Not an Intersection,1
36.98134722,-120.02925,Clear,Dark - Not Lighted,Dry,Minor Arterial,55.0,18,August,11:00pm-11:59pm,2,Not an Intersection,1
32.56429722,-116.9983806,Clear,Dark - Not Lighted,Dry,Other Freeways and Expressways,65.0,24,June,0:00am-0:59am,1,Not an Intersection,1
32.56113056,-117.0672917,Clear,Dark - Not Lighted,Dry,Interstate,65.0,1,August,3:00am-3:59am,1,Not an Intersection,1
39.18619167,-123.211325,Clear,Dark - Not Lighted,Dry,Other Principal Arterial,65.0,8,August,Unknown Hours,1,Not an Intersection,1
32.75084167,-117.0016333,Clear,Daylight,Dry,Other Freeways and Expressways,65.0,24,August,6:00pm-6:59pm,1,Four-Way Intersection,2
32.78043056,-117.08415,Clear,Reported as Unknown,Dry,Interstate,65.0,28,June,6:00pm-6:59pm,2,Not an Intersection,1
33.70280556,-117.7767278,Clear,Dark - Not Lighted,Dry,Interstate,65.0,25,August,0:00am-0:59am,2,Not an Intersection,2
36.84163333,-121.4709139,Cloudy,Dawn,Dry,Other Principal Arterial,55.0,25,August,6:00am-6:59am,2,Not an Intersection,1
32.71368889,-117.1470472,Clear,Dark - Lighted,Dry,Other Freeways and Expressways,65.0,25,August,9:00pm-9:59pm,1,Not an Intersection,1
35.77593056,-119.2577806,Clear,Daylight,Dry,Minor Arterial,35.0,8,November,2:00pm-2:59pm,2,Not an Intersection,1
36.27235278,-121.4463194,Cloudy,Dark - Not Lighted,Dry,Minor Collector,55.0,13,December,6:00pm-6:59pm,2,Not an Intersection,1
32.83430556,-117.1756111,Clear,Dark - Lighted,Dry,Other Principal Arterial,25.0,26,August,11:00pm-11:59pm,5,Four-Way Intersection,3
34.03303333,-118.1345667,Clear,Dark - Not Lighted,Dry,Other Freeways and Expressways,65.0,11,August,8:00pm-8:59pm,3,Not an Intersection,1
36.9232,-119.8151694,Not Reported,Dawn,Not Reported,Minor Arterial,55.0,30,August,5:00am-5:59am,3,Not Reported,1
33.86775,-117.7262667,Clear,Dark - Not Lighted,Dry,Other Freeways and Expressways,65.0,30,August,11:00pm-11:59pm,2,Not an Intersection,1
33.68805278,-117.9114528,Clear,Daylight,Dry,Interstate,65.0,6,September,6:00pm-6:59pm,4,Not an Intersection,1
33.85585833,-117.7172861,Clear,Dark - Lighted,Dry,Other Freeways and Expressways,65.0,22,September,2:00am-2:59am,1,Not an Intersection,1
33.86653889,-117.0359361,Clear,Daylight,Dry,Major Collector,55.0,9,September,2:00pm-2:59pm,4,Not an Intersection,5
32.74675278,-117.1920861,Clear,Dark - Lighted,Dry,Interstate,65.0,11,September,0:00am-0:59am,1,Not an Intersection,1
33.65995278,-117.8717528,Cloudy,Dark - Lighted,Dry,Other Freeways and Expressways,65.0,15,September,9:00pm-9:59pm,2,Not an Intersection,1
36.31740556,-120.1033528,Clear,Dark - Not Lighted,Dry,Minor Arterial,55.0,10,August,1:00am-1:59am,2,Not Reported,1
34.27022222,-118.6492806,Cloudy,Dark - Not Lighted,Dry,Other Freeways and Expressways,65.0,27,October,6:00am-6:59am,1,Not an Intersection,2
33.72048889,-117.7964417,Clear,Dark - Not Lighted,Dry,Interstate,65.0,25,November,3:00am-3:59am,2,Not an Intersection,1
32.68841389,-117.1150917,Clear,Dark - Not Lighted,Dry,Interstate,65.0,2,August,10:00pm-10:59pm,1,Not an Intersection,1
33.91640278,-118.2544583,Clear,Dark - Lighted,Dry,Other Principal Arterial,35.0,6,July,0:00am-0:59am,2,Four-Way Intersection,1
32.63401667,-117.0462111,Cloudy,Daylight,Dry,Interstate,65.0,16,August,6:00am-6:59am,1,Not an Intersection,1
32.56501389,-116.9911694,Clear,Daylight,Dry,Other Freeways and Expressways,65.0,22,October,2:00pm-2:59pm,2,Not an Intersection,2
34.76678889,-118.8002861,Clear,Daylight,Dry,Interstate,65.0,23,October,3:00pm-3:59pm,1,Not an Intersection,1
38.06946111,-121.2601139,Clear,Dark - Not Lighted,Dry,Local,55.0,28,October,8:00pm-8:59pm,1,Not an Intersection,1
38.16311389,-122.6808028,Cloudy,Daylight,Dry,Major Collector,45.0,28,October,3:00pm-3:59pm,1,Not an Intersection,1
33.24819167,-116.9647444,Clear,Daylight,Dry,Local,25.0,4,November,8:00am-8:59am,1,Not an Intersection,1
32.80917222,-117.1528806,Clear,Dark - Lighted,Dry,Other Freeways and Expressways,65.0,19,July,1:00am-1:59am,2,Not an Intersection,4
36.50134167,-119.2866278,Clear,Dark - Not Lighted,Dry,Minor Arterial,55.0,27,September,5:00am-5:59am,1,Four-Way Intersection,1
33.85440833,-117.7900139,Clear,Dark - Lighted,Dry,Other Freeways and Expressways,65.0,26,October,6:00pm-6:59pm,4,Not an Intersection,1
33.84406944,-116.4346917,Clear,Dark - Not Lighted,Dry,Major Collector,55.0,29,September,11:00pm-11:59pm,1,Not an Intersection,1
39.95957778,-122.0626139,Clear,Daylight,Dry,Other Principal Arterial,65.0,15,October,1:00pm-1:59pm,3,Not an Intersection,1
32.56877778,-116.9277472,"Fog, Smog, Smoke",Dark - Lighted,Dry,Not Reported,65.0,30,September,4:00am-4:59am,2,Not an Intersection,1
38.6785,-121.2662722,Clear,Daylight,Dry,Other Principal Arterial,40.0,9,July,12:00pm-12:59pm,2,Four-Way Intersection,1
34.89475278,-120.4400417,Clear,Dark - Lighted,Dry,Minor Arterial,55.0,25,August,1:00am-1:59am,2,Not an Intersection,1
33.92322222,-117.2956444,Clear,Dark - Lighted,Dry,Minor Arterial,45.0,12,November,6:00pm-6:59pm,2,Not an Intersection,1
37.93126111,-121.295975,Clear,Dark - Not Lighted,Dry,Interstate,65.0,21,October,0:00am-0:59am,2,Not an Intersection,1
37.09056111,-121.0023111,Cloudy,Dark - Not Lighted,Dry,Interstate,55.0,5,March,3:00am-3:59am,2,Not an Intersection,1
34.42239722,-119.6352056,Clear,Dark - Not Lighted,Dry,Other Freeways and Expressways,55.0,6,December,9:00pm-9:59pm,2,Not an Intersection,1
37.80567778,-121.2980528,Clear,Dark - Not Lighted,Dry,Interstate,70.0,9,December,11:00pm-11:59pm,1,Not an Intersection,1
40.39435556,-122.2847667,Clear,Dark - Not Lighted,Dry,Interstate,70.0,3,October,Unknown Hours,1,Not an Intersection,1
36.54725,-119.8111806,Clear,Dark - Not Lighted,Dry,Major Collector,55.0,6,October,7:00pm-7:59pm,2,Not an Intersection,1
39.5608,-121.6887861,Clear,Dark - Not Lighted,Dry,Other Principal Arterial,65.0,29,September,0:00am-0:59am,2,Not an Intersection,1
33.93238611,-116.8244694,Clear,Dark - Unknown Lighting,Dry,Local,40.0,3,October,9:00pm-9:59pm,2,T-Intersection,1
33.83731667,-118.2615444,Clear,Dark - Not Lighted,Dry,Interstate,65.0,28,October,9:00pm-9:59pm,4,Not an Intersection,1
36.86424444,-121.6677472,Clear,Dark - Not Lighted,Dry,Major Collector,55.0,20,December,5:00pm-5:59pm,3,Not an Intersection,1
34.48626944,-118.1512333,Clear,Dusk,Dry,Major Collector,55.0,30,September,6:00pm-6:59pm,2,Not an Intersection,1
35.47422222,-119.2609472,Clear,Dark - Not Lighted,Dry,Minor Arterial,55.0,2,November,11:00pm-11:59pm,1,Not an Intersection,1
36.15519167,-119.3320917,Clear,Dark - Not Lighted,Dry,Other Freeways and Expressways,70.0,27,October,10:00pm-10:59pm,3,Not an Intersection,1
37.91998889,-121.4389583,Clear,Dark - Not Lighted,Dry,Other Principal Arterial,55.0,2,November,5:00am-5:59am,1,Not an Intersection,1
33.92701667,-118.3030944,Clear,Dark - Not Lighted,Dry,Interstate,65.0,2,May,10:00pm-10:59pm,2,Not an Intersection,1
34.37155833,-118.9333222,Clear,Daylight,Dry,Major Collector,45.0,8,June,6:00pm-6:59pm,2,Four-Way Intersection,1
34.07585833,-117.0662861,Cloudy,Daylight,Dry,Other Principal Arterial,55.0,27,December,8:00am-8:59am,3,Not an Intersection,2
37.83218056,-121.4503556,Clear,Daylight,Dry,Major Collector,55.0,17,October,3:00pm-3:59pm,2,Not an Intersection,2
33.92354722,-116.6991222,Clear,Dark - Not Lighted,Dry,Interstate,70.0,27,October,8:00pm-8:59pm,1,Not an Intersection,1
33.80643056,-116.387975,Clear,Daylight,Dry,Interstate,70.0,9,October,5:00pm-5:59pm,2,Not an Intersection,1
32.65473611,-117.0452583,Clear,Dark - Lighted,Dry,Minor Arterial,40.0,11,October,7:00pm-7:59pm,1,Not an Intersection,1
37.53661667,-120.8396111,Clear,Dark - Lighted,Dry,Minor Arterial,55.0,16,October,2:00am-2:59am,1,Not an Intersection,1
33.833975,-117.7173278,Clear,Daylight,Dry,Other Freeways and Expressways,65.0,7,October,2:00pm-2:59pm,2,Not an Intersection,1
36.60306667,-119.3408417,Clear,Dark - Not Lighted,Dry,Major Collector,55.0,19,October,11:00pm-11:59pm,3,Four-Way Intersection,1
32.8153,-117.219175,Clear,Daylight,Dry,Major Collector,40.0,19,July,12:00pm-12:59pm,2,Not an Intersection,1
37.935725,-122.3588222,Clear,Daylight,Dry,Minor Arterial,25.0,7,July,5:00pm-5:59pm,1,Four-Way Intersection,1
37.93053611,-121.2780167,Clear,Dusk,Dry,Major Collector,35.0,5,July,8:00pm-8:59pm,1,T-Intersection,1
38.38872222,-121.3745694,Clear,Daylight,Dry,Major Collector,45.0,5,July,6:00pm-6:59pm,1,Not an Intersection,1
37.77316111,-122.2162306,Clear,Dark - Lighted,Dry,Other Principal Arterial,30.0,1,January,0:00am-0:59am,1,Four-Way Intersection,1
37.30175,-120.5014472,Clear,Dark - Lighted,Dry,Minor Arterial,35.0,8,March,7:00pm-7:59pm,1,Four-Way Intersection,1
33.16153889,-117.2706917,Clear,Dark - Lighted,Dry,Minor Arterial,45.0,9,March,10:00pm-10:59pm,1,Not an Intersection,1
33.84460556,-117.2171472,Clear,Daylight,Dry,Minor Arterial,55.0,5,July,4:00pm-4:59pm,2,Four-Way Intersection,1
37.80975833,-122.1846889,Clear,Dark - Lighted,Dry,Minor Arterial,35.0,10,March,4:00am-4:59am,2,Not an Intersection,1
34.34608056,-119.0900528,Clear,Daylight,Dry,Minor Arterial,35.0,14,March,6:00pm-6:59pm,2,Four-Way Intersection,1
33.72275556,-118.0214861,Clear,Dark - Lighted,Dry,Minor Arterial,40.0,18,March,6:00am-6:59am,2,Not an Intersection,1
36.90646667,-121.7550167,Rain,Daylight,Wet,Other Principal Arterial,25.0,27,March,5:00pm-5:59pm,1,Four-Way Intersection,1
33.21234444,-117.3033,Clear,Dark - Lighted,Dry,Other Principal Arterial,45.0,9,April,3:00am-3:59am,1,T-Intersection,1
37.25324722,-121.789775,Clear,Dark - Not Lighted,Dry,Other Freeways and Expressways,65.0,20,July,5:00am-5:59am,1,Not an Intersection,1
33.76092222,-117.989575,Clear,Dark - Lighted,Dry,Other Principal Arterial,45.0,21,June,5:00am-5:59am,1,Not an Intersection,1
34.08436389,-117.6286778,Clear,Dark - Lighted,Dry,Minor Arterial,45.0,22,June,0:00am-0:59am,8,Not an Intersection,2
33.75419722,-118.0860028,Clear,Dark - Lighted,Dry,Other Principal Arterial,50.0,22,June,0:00am-0:59am,2,T-Intersection,1
32.780425,-116.9661167,Clear,Dark - Not Lighted,Dry,Minor Arterial,40.0,27,June,10:00pm-10:59pm,1,Not an Intersection,1
40.79904167,-124.161875,Clear,Daylight,Dry,Other Principal Arterial,30.0,22,May,1:00pm-1:59pm,5,Four-Way Intersection,1
37.93075833,-122.3501611,Clear,Dark - Lighted,Dry,Major Collector,25.0,15,July,0:00am-0:59am,6,Four-Way Intersection,1
36.77186944,-119.8427083,Clear,Dark - Not Lighted,Dry,Minor Arterial,40.0,7,June,11:00pm-11:59pm,1,Not an Intersection,1
34.09168611,-117.5935417,Clear,Daylight,Dry,Other Principal Arterial,45.0,13,May,2:00pm-2:59pm,3,Four-Way Intersection,1
32.63313611,-117.0458583,Clear,Dark - Not Lighted,Dry,Interstate,65.0,18,May,11:00pm-11:59pm,3,Not an Intersection,1
34.43081111,-119.7147306,Clear,Daylight,Dry,Other Principal Arterial,30.0,21,May,1:00pm-1:59pm,1,Four-Way Intersection,1
32.65998611,-117.0732083,Clear,Dark - Lighted,Dry,Minor Arterial,35.0,28,September,2:00am-2:59am,1,Not an Intersection,1
33.708425,-117.9790056,Not Reported,Daylight,Not Reported,Minor Arterial,45.0,12,May,7:00am-7:59am,1,Not an Intersection,1
36.63298889,-119.6781389,Clear,Daylight,Dry,Local,25.0,28,September,12:00pm-12:59pm,1,Four-Way Intersection,1
33.72918889,-116.2518167,Clear,Dark - Lighted,Dry,Minor Arterial,40.0,1,October,11:00pm-11:59pm,1,T-Intersection,1
33.90560278,-118.3091778,Cloudy,Daylight,Dry,Other Principal Arterial,40.0,5,October,6:00pm-6:59pm,4,Four-Way Intersection,1
41.70181111,-122.6458528,Clear,Daylight,Non-Trafficway or Driveway Access,Other Principal Arterial,49.0,8,October,12:00pm-12:59pm,2,Not an Intersection,1
33.96862778,-117.6396111,Clear,Daylight,Dry,Other Principal Arterial,45.0,13,October,7:00am-7:59am,1,Not an Intersection,1
33.75930278,-117.9765472,Clear,Dark - Lighted,Dry,Other Principal Arterial,40.0,25,August,10:00pm-10:59pm,1,Not an Intersection,1
37.7484,-122.1621639,Clear,Daylight,Dry,Minor Arterial,25.0,29,August,9:00pm-9:59pm,1,Four-Way Intersection,1
35.38095,-119.0382611,Clear,Dark - Lighted,Dry,Other Principal Arterial,40.0,4,July,8:00pm-8:59pm,4,Four-Way Intersection,1
32.75016389,-116.9272111,Clear,Daylight,Dry,Other Principal Arterial,40.0,1,September,11:00am-11:59am,1,Four-Way Intersection,1
37.10107778,-121.6248917,Rain,Daylight,Wet,Other Principal Arterial,50.0,22,December,8:00am-8:59am,2,Not an Intersection,2
32.79176111,-115.5355833,Clear,Dark - Not Lighted,Dry,Other Principal Arterial,25.0,14,June,5:00pm-5:59pm,3,T-Intersection,1
37.75422222,-121.4388778,Not Reported,Dark - Lighted,Dry,Other Principal Arterial,40.0,17,August,8:00pm-8:59pm,1,Not an Intersection,1
34.12139167,-117.2981444,Clear,Dark - Lighted,Dry,Minor Arterial,40.0,23,August,7:00pm-7:59pm,2,Not an Intersection,1
37.05485833,-120.7206972,Cloudy,Dusk,Dry,Other Principal Arterial,65.0,14,May,8:00pm-8:59pm,1,Not an Intersection,1
35.39810556,-119.1149444,Clear,Dark - Lighted,Dry,Other Principal Arterial,45.0,18,May,8:00pm-8:59pm,1,Not an Intersection,1
32.74436667,-116.978175,Clear,Dark - Not Lighted,Dry,Other Freeways and Expressways,65.0,3,September,3:00am-3:59am,1,Not an Intersection,1
33.87265833,-118.2775444,Clear,Dark - Lighted,Dry,Other Freeways and Expressways,65.0,9,November,6:00pm-6:59pm,2,Not an Intersection,1
34.18451389,-117.2777389,Clear,Daylight,Dry,Minor Arterial,65.0,4,September,6:00pm-6:59pm,1,Not an Intersection,1
37.59253333,-122.3805306,Clear,Dark - Lighted,Dry,Other Principal Arterial,35.0,5,September,11:00pm-11:59pm,1,Four-Way Intersection,1
40.56742778,-122.3530833,Clear,Daylight,Dry,Minor Arterial,40.0,27,August,3:00pm-3:59pm,2,Four-Way Intersection,1
34.13591389,-117.2705583,Clear,Dark - Lighted,Dry,Minor Arterial,55.0,7,September,7:00pm-7:59pm,1,Not an Intersection,1
32.67275278,-116.3216083,Clear,Dark - Not Lighted,Dry,Minor Collector,55.0,28,June,1:00am-1:59am,2,Not an Intersection,2
33.68209722,-117.8573583,Clear,Daylight,Dry,Other Principal Arterial,45.0,1,August,1:00pm-1:59pm,1,Not an Intersection,1
35.41411389,-119.0510111,Clear,Dark - Not Lighted,Dry,Minor Arterial,45.0,27,December,Unknown Hours,1,Not an Intersection,1
34.12976111,-117.315075,Clear,Dark - Not Lighted,Dry,Local,25.0,8,September,9:00pm-9:59pm,1,Not an Intersection,1
34.00480833,-117.8679444,Clear,Daylight,Dry,Other Principal Arterial,45.0,12,September,11:00am-11:59am,2,Not an Intersection,1
37.58042222,-122.3345361,Clear,Daylight,Dry,Minor Arterial,25.0,12,September,6:00pm-6:59pm,1,Four-Way Intersection,1
34.27143889,-119.2755056,Cloudy,Dark - Not Lighted,Dry,Other Freeways and Expressways,65.0,8,June,2:00am-2:59am,2,Not an Intersection,2
32.67274444,-116.3215833,Clear,Dark - Not Lighted,Dry,Minor Collector,55.0,28,June,1:00am-1:59am,2,Not an Intersection,1
36.469575,-118.0363917,Clear,Daylight,Dry,Other Principal Arterial,65.0,2,September,1:00pm-1:59pm,1,Not an Intersection,2
36.96932778,-122.0374361,Clear,Dark - Lighted,Dry,Other Principal Arterial,25.0,3,July,3:00am-3:59am,1,Not an Intersection,1
40.56521944,-122.4071417,Clear,Dark - Not Lighted,Dry,Minor Arterial,45.0,25,August,0:00am-0:59am,1,Not an Intersection,1
34.23096667,-119.1138278,Clear,Daylight,Dry,Minor Arterial,55.0,27,July,4:00pm-4:59pm,3,Not an Intersection,1
33.94044167,-118.0552306,Clear,Dark - Lighted,Dry,Minor Arterial,49.0,26,September,7:00pm-7:59pm,2,Four-Way Intersection,1
35.68866667,-119.4017417,Clear,Daylight,Dry,Local,55.0,14,October,4:00pm-4:59pm,2,Four-Way Intersection,3
35.60165,-119.3393583,Clear,Dusk,Dry,Other Principal Arterial,40.0,12,August,8:00pm-8:59pm,1,Not an Intersection,1
33.93888611,-118.0962139,Clear,Dark - Not Lighted,Dry,Interstate,65.0,27,November,11:00pm-11:59pm,1,Not an Intersection,1
33.818575,-118.0816583,Clear,Daylight,Dry,Interstate,65.0,18,December,11:00am-11:59am,2,Not an Intersection,1
38.00843333,-121.8651444,Clear,Dark - Lighted,Dry,Other Principal Arterial,35.0,9,December,6:00pm-6:59pm,1,Not an Intersection,1
36.94556389,-121.5064111,Clear,Daylight,Dry,Other Principal Arterial,55.0,26,August,9:00am-9:59am,2,Not an Intersection,1
33.02763333,-116.8902028,Cloudy,Dark - Not Lighted,Dry,Other Principal Arterial,45.0,28,October,7:00pm-7:59pm,3,Not an Intersection,1
34.41588611,-117.3889806,Clear,Dark - Not Lighted,Dry,Interstate,60.0,13,December,11:00pm-11:59pm,2,Not an Intersection,1
36.89944167,-119.995375,Clear,Daylight,Dry,Other Freeways and Expressways,55.0,25,July,12:00pm-12:59pm,2,Not an Intersection,1
33.94406389,-118.2797361,Clear,Dark - Lighted,Dry,Interstate,55.0,2,November,10:00pm-10:59pm,5,Not an Intersection,1
33.71585278,-117.8505167,Clear,Daylight,Dry,Other Principal Arterial,45.0,7,November,6:00am-6:59am,6,Four-Way Intersection,1
34.41311944,-118.5585722,Clear,Daylight,Dry,Other Principal Arterial,45.0,1,August,10:00pm-10:59pm,1,Four-Way Intersection,1
32.73193333,-117.0428944,Clear,Dark - Lighted,Dry,Minor Arterial,40.0,31,July,10:00pm-10:59pm,3,Not an Intersection,1
34.06449167,-118.0112556,Clear,Dark - Lighted,Dry,Interstate,65.0,1,November,3:00am-3:59am,3,Not an Intersection,1
33.98848611,-118.2808306,Clear,Dark - Lighted,Dry,Interstate,65.0,4,November,1:00am-1:59am,3,Not an Intersection,1
34.14178056,-118.0734389,Clear,Daylight,Non-Trafficway or Driveway Access,Other Principal Arterial,49.0,4,November,2:00pm-2:59pm,3,Not an Intersection,1
34.93834444,-120.4194417,Clear,Daylight,Not Reported,Minor Arterial,35.0,1,August,9:00am-9:59am,2,Four-Way Intersection,2
33.86375833,-118.323825,Clear,Dark - Lighted,Dry,Interstate,65.0,11,November,11:00pm-11:59pm,2,Not an Intersection,2
33.01401944,-116.907375,Clear,Daylight,Dry,Other Principal Arterial,55.0,13,November,12:00pm-12:59pm,2,Not an Intersection,1
34.14701667,-118.2270194,Clear,Daylight,Dry,Other Freeways and Expressways,65.0,13,November,1:00pm-1:59pm,2,Not an Intersection,1
37.48623056,-122.2364306,Clear,Daylight,Dry,Major Collector,25.0,16,August,6:00pm-6:59pm,1,T-Intersection,1
34.03433889,-117.6695806,Not Reported,Dark - Lighted,Dry,Other Principal Arterial,50.0,31,August,10:00pm-10:59pm,1,Not an Intersection,1
34.09213889,-117.4352306,Clear,Dark - Lighted,Dry,Minor Arterial,40.0,3,November,5:00pm-5:59pm,1,Not an Intersection,1
36.58124444,-121.9021278,Clear,Daylight,Dry,Other Freeways and Expressways,65.0,10,November,9:00am-9:59am,2,Not an Intersection,1
34.24808889,-119.1929472,Clear,Dark - Not Lighted,Dry,Other Principal Arterial,49.0,11,November,7:00pm-7:59pm,1,Not an Intersection,1
32.81406111,-116.5230639,Clear,Dark - Not Lighted,Dry,Interstate,70.0,13,November,11:00pm-11:59pm,1,Not an Intersection,1
38.27096389,-122.051575,Clear,Dark - Not Lighted,Dry,Interstate,65.0,14,November,4:00am-4:59am,1,Not an Intersection,1
33.85346944,-118.0635306,Clear,Daylight,Dry,Minor Arterial,45.0,30,July,9:00am-9:59am,2,Four-Way Intersection,1
33.85636111,-118.0408722,Clear,Dark - Lighted,Dry,Local,25.0,26,July,10:00pm-10:59pm,2,Not an Intersection,1
33.75537222,-117.9724556,Clear,Dark - Lighted,Dry,Other Principal Arterial,45.0,26,July,8:00pm-8:59pm,1,T-Intersection,1
33.06538611,-116.7473667,Clear,Daylight,Dry,Minor Arterial,55.0,18,October,4:00pm-4:59pm,2,Not an Intersection,1
36.97466111,-120.0774,Clear,Dawn,Dry,Minor Arterial,40.0,18,November,6:00am-6:59am,1,Not an Intersection,1
32.92580278,-116.9462111,Clear,Daylight,Dry,Minor Arterial,55.0,31,October,5:00pm-5:59pm,2,Not an Intersection,1
32.77490833,-117.0102861,Cloudy,Dark - Lighted,Dry,Interstate,65.0,29,September,9:00pm-9:59pm,1,Not an Intersection,1
34.63078333,-118.2363083,Clear,Dark - Lighted,Dry,Major Collector,50.0,28,November,1:00am-1:59am,1,Four-Way Intersection,1
33.776375,-116.4535694,Clear,Daylight,Dry,Other Principal Arterial,50.0,25,July,6:00pm-6:59pm,1,Not an Intersection,1
33.75891944,-117.8026167,Clear,Dark - Lighted,Dry,Other Principal Arterial,45.0,21,September,11:00pm-11:59pm,1,Not an Intersection,1
34.21772778,-119.0520917,Clear,Dark - Not Lighted,Dry,Other Freeways and Expressways,65.0,22,September,0:00am-0:59am,1,Not an Intersection,1
34.13325556,-119.0772528,Cloudy,Dark - Not Lighted,Dry,Major Collector,55.0,29,August,Unknown Hours,1,Not an Intersection,1
40.61495556,-122.3880167,Clear,Daylight,Dry,Minor Arterial,45.0,28,November,1:00pm-1:59pm,1,Not an Intersection,1
34.21153056,-118.8500472,Clear,Daylight,Dry,Other Freeways and Expressways,65.0,25,October,8:00am-8:59am,1,Not an Intersection,1
39.10817778,-122.305125,Cloudy,Daylight,Wet,Other Principal Arterial,55.0,23,December,8:00am-8:59am,2,Not an Intersection,1
34.06854722,-117.36515,Clear,Daylight,Dry,Interstate,65.0,15,December,4:00pm-4:59pm,1,Not an Intersection,4
33.965925,-117.3266917,Cloudy,Dawn,Wet,Interstate,65.0,3,March,6:00am-6:59am,2,Not an Intersection,1
34.08739167,-117.6785528,Clear,Daylight,Not Reported,Interstate,65.0,24,April,9:00am-9:59am,2,Not an Intersection,1
33.89203889,-116.5016833,Clear,Daylight,Dry,Major Collector,60.0,30,November,6:00am-6:59am,2,Not an Intersection,2
34.342125,-117.5240361,Clear,Dark - Not Lighted,Dry,Other Principal Arterial,65.0,12,November,5:00pm-5:59pm,1,Not an Intersection,1
37.48971389,-121.9297667,Clear,Dawn,Dry,Other Principal Arterial,45.0,3,October,5:00am-5:59am,1,Four-Way Intersection,1
33.71384722,-117.7871583,Clear,Dark - Lighted,Dry,Interstate,65.0,19,October,8:00pm-8:59pm,1,Not an Intersection,1
36.73043333,-119.7999083,Clear,Dark - Lighted,Dry,Minor Arterial,35.0,10,October,6:00am-6:59am,1,Not an Intersection,1
33.81023333,-118.0323694,Clear,Daylight,Dry,Minor Arterial,45.0,7,November,9:00am-9:59am,1,Not an Intersection,1
33.20748889,-116.7292194,Clear,Daylight,Dry,Minor Arterial,55.0,16,October,4:00pm-4:59pm,1,Not an Intersection,1
32.73918056,-117.1133778,Clear,Dark - Not Lighted,Dry,Other Freeways and Expressways,65.0,28,December,11:00pm-11:59pm,1,Not an Intersection,1
34.03265278,-117.3261583,Clear,Dark - Not Lighted,Dry,Interstate,65.0,18,October,4:00am-4:59am,3,Not an Intersection,1
33.77941667,-117.8744,Clear,Daylight,Dry,Interstate,65.0,30,November,8:00am-8:59am,1,Not an Intersection,1
33.89885278,-116.6230389,Clear,Dark - Not Lighted,Dry,Other Principal Arterial,65.0,16,November,2:00am-2:59am,1,Not an Intersection,1
34.63079722,-118.3964,Clear,Dawn,Dry,Major Collector,55.0,19,November,6:00am-6:59am,1,Not an Intersection,1
37.68343889,-122.4894056,Clear,Daylight,Dry,Local,25.0,19,October,8:00am-8:59am,1,Four-Way Intersection,1
34.57976944,-118.1271667,Clear,Daylight,Dry,Other Principal Arterial,40.0,6,May,9:00pm-9:59pm,1,Not an Intersection,1
33.21974722,-117.3191611,Clear,Daylight,Dry,Minor Arterial,45.0,29,July,7:00am-7:59am,1,T-Intersection,1
34.06788889,-118.0260639,Cloudy,Dark - Not Lighted,Dry,Interstate,65.0,23,November,4:00am-4:59am,1,Not an Intersection,1
38.492225,-122.7020194,Clear,Dawn,Dry,Minor Arterial,35.0,26,July,6:00am-6:59am,1,Not an Intersection,1
37.73044444,-122.1800389,Clear,Dark - Lighted,Dry,Local,25.0,20,June,11:00pm-11:59pm,1,Not an Intersection,1
37.82681667,-121.2191889,Clear,Daylight,Dry,Other Principal Arterial,50.0,1,August,9:00am-9:59am,1,Four-Way Intersection,1
33.99481944,-118.1648667,Clear,Dark - Lighted,Dry,Other Principal Arterial,45.0,8,August,3:00am-3:59am,1,Not an Intersection,1
34.12766389,-117.2896389,Clear,Dark - Lighted,Dry,Minor Arterial,35.0,9,August,8:00pm-8:59pm,2,Not an Intersection,1
37.58772778,-120.9534361,Clear,Daylight,Dry,Minor Arterial,35.0,23,August,11:00am-11:59am,1,Not an Intersection,1
34.05991944,-117.6954944,Clear,Daylight,Dry,Major Collector,45.0,26,August,5:00pm-5:59pm,1,Not an Intersection,1
32.97869722,-115.5444306,Cloudy,Dark - Lighted,Dry,Other Principal Arterial,40.0,4,September,5:00am-5:59am,1,Four-Way Intersection,1
33.70728333,-117.8854583,Clear,Dark - Lighted,Dry,Other Principal Arterial,40.0,11,April,2:00am-2:59am,2,Not an Intersection,1
33.78049167,-116.4669667,Clear,Daylight,Dry,Other Principal Arterial,45.0,28,November,11:00am-11:59am,3,Four-Way Intersection,1
33.48569722,-117.1422306,Clear,Dark - Lighted,Dry,Interstate,55.0,14,September,9:00pm-9:59pm,2,Not an Intersection,1
33.80552222,-117.9757333,Cloudy,Dark - Lighted,Dry,Other Principal Arterial,40.0,26,November,5:00pm-5:59pm,2,Not an Intersection,1
33.78726111,-118.0910667,Clear,Dark - Lighted,Dry,Interstate,65.0,27,December,4:00pm-4:59pm,1,Not an Intersection,1
32.74220278,-117.0506417,Clear,Dark - Lighted,Dry,Other Freeways and Expressways,65.0,1,October,1:00am-1:59am,1,Not an Intersection,1
35.39855,-115.8066667,Clear,Daylight,Dry,Interstate,70.0,12,October,4:00pm-4:59pm,1,Not an Intersection,3
34.42657222,-117.5033389,Clear,Dark - Not Lighted,Dry,Major Collector,55.0,16,September,7:00pm-7:59pm,1,Four-Way Intersection,1
34.45378889,-117.3588944,Clear,Dusk,Dry,Interstate,60.0,14,September,7:00pm-7:59pm,1,Not an Intersection,1
34.45521667,-117.6527306,Clear,Daylight,Dry,Local,55.0,9,October,5:00pm-5:59pm,1,Not an Intersection,1
34.13466389,-117.3344222,Clear,Dawn,Dry,Other Freeways and Expressways,65.0,27,October,6:00am-6:59am,2,Not an Intersection,1
32.77425556,-117.0294944,Clear,Daylight,Dry,Local,35.0,4,October,10:00am-10:59am,3,Not an Intersection,1
34.09610556,-117.6472917,Clear,Dark - Lighted,Dry,Major Collector,35.0,11,March,0:00am-0:59am,1,Four-Way Intersection,1
34.01179722,-117.4623528,Clear,Dark - Not Lighted,Dry,Minor Arterial,45.0,11,October,8:00pm-8:59pm,1,Four-Way Intersection,1
37.7838,-122.2386167,Clear,Dark - Lighted,Dry,Minor Arterial,35.0,7,October,2:00am-2:59am,2,Four-Way Intersection,1
37.567075,-121.9738917,Clear,Daylight,Dry,Other Principal Arterial,35.0,12,September,7:00pm-7:59pm,2,Not an Intersection,1
36.771975,-119.8221889,Clear,Daylight,Dry,Major Collector,40.0,8,October,4:00pm-4:59pm,2,Four-Way Intersection,1
38.359425,-121.97885,Clear,Daylight,Dry,Other Principal Arterial,30.0,24,September,8:00am-8:59am,1,Not an Intersection,1
36.78948333,-119.7002361,Clear,Daylight,Dry,Other Principal Arterial,50.0,18,September,12:00pm-12:59pm,1,T-Intersection,1
36.94818333,-121.7655083,Clear,Dawn,Dry,Major Collector,35.0,19,November,6:00am-6:59am,1,T-Intersection,1
33.74443056,-117.9809778,Clear,Daylight,Dry,Minor Arterial,40.0,17,September,4:00pm-4:59pm,1,Not an Intersection,1
36.74366667,-119.6821833,Clear,Daylight,Dry,Minor Arterial,40.0,10,September,3:00pm-3:59pm,2,T-Intersection,1
33.2321,-117.3015417,Clear,Daylight,Dry,Minor Arterial,45.0,14,October,12:00pm-12:59pm,1,T-Intersection,1
36.74600833,-119.7542667,Clear,Dark - Lighted,Dry,Minor Arterial,25.0,16,October,9:00pm-9:59pm,1,T-Intersection,2
33.71201944,-117.9197806,Clear,Daylight,Dry,Local,40.0,21,December,9:00am-9:59am,2,T-Intersection,1
38.96284722,-121.1036028,Cloudy,Dark - Not Lighted,Wet,Other Principal Arterial,55.0,23,December,5:00am-5:59am,2,Not an Intersection,1
34.55408056,-117.2892472,Rain,Dark - Lighted,Wet,Interstate,70.0,5,April,7:00pm-7:59pm,1,Not an Intersection,2
34.05235833,-118.2853694,Clear,Dark - Lighted,Dry,Other Principal Arterial,30.0,28,October,1:00am-1:59am,2,Four-Way Intersection,1
33.91746667,-117.9156389,Clear,Dawn,Dry,Minor Arterial,45.0,27,May,5:00am-5:59am,2,Four-Way Intersection,1
33.75931944,-117.9770722,Cloudy,Dark - Lighted,Dry,Other Principal Arterial,40.0,21,October,10:00pm-10:59pm,1,T-Intersection,1
34.15767222,-117.3271139,Clear,Dark - Not Lighted,Dry,Interstate,65.0,14,September,11:00pm-11:59pm,3,Not an Intersection,3
34.10529444,-118.3153444,Clear,Dark - Lighted,Dry,Minor Arterial,35.0,7,November,9:00pm-9:59pm,1,Not an Intersection,1
37.96966111,-121.7906806,Clear,Dark - Lighted,Dry,Other Principal Arterial,45.0,23,June,10:00pm-10:59pm,1,Four-Way Intersection,1
33.94549167,-118.325375,Cloudy,Dark - Lighted,Dry,Other Principal Arterial,40.0,8,October,11:00pm-11:59pm,1,Other Intersection Type,1
37.96156944,-121.7471944,Clear,Dark - Lighted,Dry,Other Principal Arterial,45.0,12,October,8:00pm-8:59pm,1,Four-Way Intersection,1
34.12144167,-117.6609417,Clear,Daylight,Dry,Minor Arterial,45.0,12,November,3:00pm-3:59pm,1,Four-Way Intersection,1
33.06865278,-117.0680861,Clear,Dark - Lighted,Dry,Minor Arterial,45.0,6,November,5:00am-5:59am,1,Not Reported,1
36.73526111,-119.9197972,Clear,Dark - Not Lighted,Dry,Other Principal Arterial,55.0,22,November,6:00pm-6:59pm,3,Not an Intersection,1
37.00564444,-121.5388361,Clear,Dark - Not Lighted,Dry,Local,35.0,21,November,9:00pm-9:59pm,1,Not an Intersection,1
33.96374444,-118.1695194,Clear,Dark - Lighted,Dry,Interstate,65.0,21,November,5:00pm-5:59pm,3,Not an Intersection,1
36.04583333,-117.9472028,Clear,Dark - Lighted,Dry,Other Principal Arterial,65.0,11,July,11:00pm-11:59pm,2,Four-Way Intersection,1
34.06316667,-117.3942222,Clear,Daylight,Dry,Major Collector,50.0,13,October,9:00am-9:59am,2,Not an Intersection,1
32.73675278,-117.0558194,Cloudy,Dark - Lighted,Dry,Other Freeways and Expressways,65.0,30,September,0:00am-0:59am,2,Not an Intersection,1
36.87996389,-121.5631556,Clear,Dawn,Dry,Other Freeways and Expressways,65.0,3,November,5:00am-5:59am,1,Not an Intersection,1
37.99836944,-122.0384889,Clear,Dark - Lighted,Dry,Other Freeways and Expressways,65.0,24,November,8:00pm-8:59pm,1,Not an Intersection,1
36.77854444,-119.7001361,Clear,Dawn,Dry,Minor Arterial,50.0,2,December,6:00am-6:59am,1,Not an Intersection,1
33.70004722,-117.8716444,Clear,Dark - Lighted,Dry,Local,40.0,22,March,6:00am-6:59am,2,Four-Way Intersection,1
33.92279722,-117.4277583,Clear,Dark - Not Lighted,Dry,Other Freeways and Expressways,55.0,29,September,3:00am-3:59am,3,Not an Intersection,1
32.74031944,-117.1794861,Clear,Dark - Not Lighted,Dry,Interstate,65.0,7,December,8:00pm-8:59pm,1,Not an Intersection,1
34.01512222,-118.1705667,Clear,Dark - Lighted,Dry,Interstate,65.0,30,November,1:00am-1:59am,1,Not an Intersection,1
32.83043056,-116.9617611,Clear,Daylight,Dry,Other Freeways and Expressways,65.0,1,December,1:00pm-1:59pm,1,Not an Intersection,1
37.95293889,-121.274175,Clear,Dark - Lighted,Dry,Other Freeways and Expressways,65.0,2,December,11:00pm-11:59pm,1,Not an Intersection,1
33.79115833,-116.4872444,Clear,Dark - Not Lighted,Dry,Other Principal Arterial,50.0,14,October,8:00pm-8:59pm,2,Not an Intersection,1
38.79562222,-121.3145167,Rain,Dark - Lighted,Wet,Other Principal Arterial,45.0,22,November,11:00pm-11:59pm,1,Not an Intersection,1
38.01991944,-121.9147833,Clear,Dark - Not Lighted,Dry,Other Freeways and Expressways,65.0,29,November,5:00am-5:59am,2,Not an Intersection,1
33.59116111,-117.4975278,Clear,Daylight,Dry,Minor Arterial,55.0,30,November,12:00pm-12:59pm,2,Not an Intersection,1
36.80822778,-120.7448333,Clear,Dark - Not Lighted,Dry,Interstate,55.0,1,December,11:00pm-11:59pm,3,Not an Intersection,1
34.13562778,-117.3814639,Clear,Dark - Lighted,Dry,Other Freeways and Expressways,65.0,3,December,10:00pm-10:59pm,1,Not an Intersection,1
34.00506667,-116.5765778,Clear,Daylight,Dry,Other Principal Arterial,55.0,4,December,11:00am-11:59am,2,Four-Way Intersection,1
34.27916944,-118.4205639,Clear,Dark - Unknown Lighting,Dry,Other Freeways and Expressways,65.0,4,December,7:00pm-7:59pm,2,Not an Intersection,1
34.20839167,-118.5797917,Cloudy,Daylight,Dry,Minor Arterial,35.0,23,November,1:00pm-1:59pm,4,Four-Way Intersection,1
38.13635833,-121.2608083,Clear,Daylight,Dry,Other Principal Arterial,25.0,14,November,9:00am-9:59am,1,T-Intersection,1
32.80280833,-117.1498694,Clear,Dark - Not Lighted,Dry,Interstate,65.0,17,December,9:00pm-9:59pm,1,Not an Intersection,1
34.12131667,-117.2941361,Clear,Dark - Lighted,Dry,Minor Arterial,55.0,9,November,8:00pm-8:59pm,2,Four-Way Intersection,1
33.78770556,-117.8246694,Clear,Daylight,Dry,Other Principal Arterial,40.0,6,September,1:00pm-1:59pm,3,Not an Intersection,1
33.94730833,-118.1315778,Cloudy,Dawn,Dry,Local,35.0,27,November,6:00am-6:59am,1,Four-Way Intersection,1
38.37829167,-121.9975333,Clear,Dark - Not Lighted,Dry,Minor Arterial,45.0,7,December,9:00pm-9:59pm,1,Not an Intersection,1
38.63438611,-121.4755083,Clear,Dark - Lighted,Dry,Other Principal Arterial,40.0,29,November,7:00pm-7:59pm,1,T-Intersection,1
34.17483611,-119.1426528,Clear,Daylight,Dry,Other Principal Arterial,50.0,7,December,9:00am-9:59am,1,Not Reported,1
34.71726667,-120.4334444,Clear,Daylight,Dry,Major Collector,55.0,20,November,3:00pm-3:59pm,2,Not an Intersection,2
34.0614,-118.1644611,Clear,Dark - Not Lighted,Dry,Interstate,65.0,5,December,1:00am-1:59am,1,Not Reported,1
33.78555,-117.8797389,Clear,Daylight,Dry,Other Freeways and Expressways,65.0,20,November,2:00pm-2:59pm,2,Not an Intersection,1
32.72081944,-116.9724861,Clear,Dark - Lighted,Dry,Minor Arterial,50.0,19,November,6:00pm-6:59pm,1,Four-Way Intersection,1
38.72432222,-121.2257361,Clear,Dark - Not Lighted,Dry,Other Principal Arterial,45.0,16,November,11:00pm-11:59pm,2,T-Intersection,1
33.75217222,-117.8472583,Clear,Dark - Lighted,Dry,Interstate,65.0,12,July,11:00pm-11:59pm,1,Not an Intersection,1
37.64493333,-122.406125,Clear,Dark - Lighted,Dry,Other Freeways and Expressways,65.0,10,December,4:00am-4:59am,2,Not an Intersection,1
32.70604444,-117.0821639,Clear,Dark - Not Lighted,Dry,Minor Arterial,35.0,3,November,8:00pm-8:59pm,1,Not an Intersection,1
34.12138056,-117.3324306,Clear,Dark - Lighted,Dry,Minor Arterial,55.0,5,November,7:00pm-7:59pm,1,Four-Way Intersection,1
33.96653889,-118.0825389,Clear,Daylight,Dry,Minor Arterial,35.0,8,December,3:00pm-3:59pm,1,Not an Intersection,1
34.21665,-119.0364472,Cloudy,Dark - Lighted,Dry,Other Freeways and Expressways,65.0,8,December,10:00pm-10:59pm,1,Not an Intersection,1
38.46447222,-121.8040306,Clear,Dark - Not Lighted,Dry,Major Collector,55.0,8,December,11:00pm-11:59pm,1,Not an Intersection,1
34.99826944,-120.4358083,Clear,Dark - Lighted,Dry,Other Freeways and Expressways,65.0,10,December,2:00am-2:59am,1,Not an Intersection,1
34.04738333,-118.0642083,Clear,Dark - Not Lighted,Dry,Other Principal Arterial,40.0,10,December,5:00pm-5:59pm,1,Not an Intersection,1
33.37016944,-117.2512528,Cloudy,Dark - Lighted,Wet,Minor Arterial,25.0,15,November,7:00pm-7:59pm,2,Y-Intersection,1
34.17058611,-118.5752306,Clear,Dark - Not Lighted,Dry,Other Freeways and Expressways,65.0,16,November,0:00am-0:59am,3,Not an Intersection,1
34.07963889,-117.5501639,Clear,Daylight,Dry,Local,45.0,17,November,3:00pm-3:59pm,2,Not an Intersection,1
38.13191389,-122.2560889,Rain,Dark - Lighted,Wet,Other Principal Arterial,40.0,26,November,1:00am-1:59am,1,Not an Intersection,1
32.84035556,-117.2207361,Clear,Daylight,Dry,Other Freeways and Expressways,65.0,18,November,2:00pm-2:59pm,2,Not an Intersection,1
34.12839722,-118.228575,Clear,Dark - Not Lighted,Dry,Other Freeways and Expressways,65.0,25,November,9:00pm-9:59pm,3,Not an Intersection,1
39.56316389,-122.2135778,Clear,Dark - Not Lighted,Dry,Interstate,70.0,29,July,11:00pm-11:59pm,3,Not an Intersection,1
37.888925,-122.0934111,Cloudy,Daylight,Dry,Minor Arterial,40.0,24,November,3:00pm-3:59pm,1,Not an Intersection,1
33.91325278,-118.4259444,"Fog, Smog, Smoke",Dark - Lighted,Dry,Other Principal Arterial,40.0,27,November,11:00pm-11:59pm,1,Not an Intersection,1
33.98793333,-117.3626972,Clear,Dark - Lighted,Dry,Other Freeways and Expressways,65.0,10,December,11:00pm-11:59pm,1,Not an Intersection,1
38.127125,-122.2117056,Rain,Dusk,Wet,Local,40.0,25,November,4:00pm-4:59pm,3,T-Intersection,1
34.12137778,-117.3732556,Clear,Dark - Lighted,Dry,Minor Arterial,35.0,10,December,5:00pm-5:59pm,1,Not an Intersection,1
34.06323333,-117.6703111,Clear,Daylight,Dry,Other Principal Arterial,45.0,19,December,9:00am-9:59am,6,Four-Way Intersection,1
33.70547778,-118.00635,Clear,Daylight,Dry,Other Principal Arterial,50.0,14,July,1:00pm-1:59pm,2,Not an Intersection,1
34.02551667,-117.3339361,Clear,Dark - Not Lighted,Dry,Interstate,65.0,16,December,4:00am-4:59am,3,Not an Intersection,1
33.75790556,-116.3976778,Clear,Daylight,Dry,Minor Arterial,50.0,1,October,8:00am-8:59am,2,T-Intersection,1
34.02445278,-117.7735667,Clear,Dark - Not Lighted,Dry,Interstate,65.0,6,December,10:00pm-10:59pm,3,Not an Intersection,1
36.90658889,-120.8161389,Clear,Dark - Not Lighted,Dry,Interstate,70.0,20,December,6:00pm-6:59pm,2,Not an Intersection,2
32.81034722,-116.9445778,Clear,Daylight,Dry,Major Collector,30.0,21,December,8:00am-8:59am,1,Not an Intersection,1
34.11138056,-118.1800389,Clear,Dark - Not Lighted,Dry,Other Freeways and Expressways,55.0,22,December,4:00am-4:59am,1,Not an Intersection,1
34.14938333,-118.2797917,Cloudy,Daylight,Dry,Interstate,49.0,21,December,7:00am-7:59am,2,Not an Intersection,1
32.74223056,-117.0506,Cloudy,Daylight,Wet,Other Principal Arterial,55.0,21,December,11:00am-11:59am,2,Not an Intersection,1
34.97098333,-118.9402,Cloudy,Dark - Not Lighted,Dry,Interstate,55.0,22,December,4:00am-4:59am,1,Not an Intersection,1
33.94576111,-118.2796056,Clear,Dark - Lighted,Dry,Interstate,65.0,22,December,4:00am-4:59am,1,Not an Intersection,1
33.28359722,-114.7760778,Clear,Daylight,Dry,Other Principal Arterial,65.0,19,December,3:00pm-3:59pm,2,Not an Intersection,3
34.03130833,-118.0530333,Clear,Daylight,Dry,Minor Arterial,40.0,18,December,3:00pm-3:59pm,1,T-Intersection,1
34.10296389,-118.2374694,Clear,Dark - Lighted,Dry,Other Principal Arterial,30.0,17,March,7:00pm-7:59pm,1,Not an Intersection,1
34.50685556,-117.5258222,Clear,Dark - Not Lighted,Dry,Other Principal Arterial,55.0,18,December,6:00pm-6:59pm,2,Not an Intersection,1
37.68672222,-122.130175,Clear,Dark - Lighted,Dry,Other Principal Arterial,35.0,7,December,0:00am-0:59am,1,Four-Way Intersection,1
36.47313889,-120.7431389,Clear,Dark - Not Lighted,Dry,Minor Collector,55.0,17,November,5:00pm-5:59pm,1,Not an Intersection,1
38.16312778,-121.6835278,Clear,Dark - Not Lighted,Dry,Major Collector,35.0,20,August,2:00am-2:59am,1,Not an Intersection,1
37.30983056,-121.8449722,Clear,Dusk,Dry,Other Principal Arterial,40.0,25,July,6:00pm-6:59pm,1,Not Reported,1
33.99342778,-118.448475,Cloudy,Daylight,Dry,Major Collector,25.0,23,August,9:00am-9:59am,1,Four-Way Intersection,1
34.28525278,-117.9931889,Clear,Daylight,Dry,Minor Arterial,45.0,8,December,10:00am-10:59am,1,Not an Intersection,1
37.77448056,-120.8517111,Clear,Daylight,Dry,Other Principal Arterial,45.0,14,August,7:00am-7:59am,3,Not an Intersection,1
34.58003889,-117.8862611,Clear,Dusk,Dry,Major Collector,55.0,9,December,5:00pm-5:59pm,1,Not an Intersection,1
37.95754722,-121.2231083,Cloudy,Dark - Lighted,Wet,Minor Arterial,55.0,23,December,2:00am-2:59am,1,T-Intersection,1
33.57069722,-117.6722889,Clear,Dark - Lighted,Dry,Interstate,55.0,24,December,Unknown Hours,1,Not an Intersection,2
37.90034444,-121.2847139,Clear,Dark - Lighted,Dry,Interstate,65.0,25,December,0:00am-0:59am,1,Not an Intersection,1
36.964325,-121.3940778,Clear,Daylight,Dry,Other Principal Arterial,55.0,9,December,4:00pm-4:59pm,2,Not an Intersection,1
34.11393333,-117.4314778,Clear,Daylight,Dry,Major Collector,40.0,28,August,7:00pm-7:59pm,2,Four-Way Intersection,1
34.06585556,-118.3097472,Clear,Daylight,Dry,Local,15.0,16,August,7:00am-7:59am,1,Not an Intersection,1
33.89621111,-117.5508444,Clear,Daylight,Dry,Minor Arterial,45.0,8,July,10:00am-10:59am,2,Not an Intersection,1
37.31639167,-121.9264806,Rain,Dark - Not Lighted,Wet,Interstate,65.0,13,December,10:00pm-10:59pm,1,Not an Intersection,1
33.65051389,-117.969,Clear,Dusk,Dry,Minor Arterial,45.0,14,September,7:00pm-7:59pm,2,Not Reported,1
33.13046944,-117.0854,Clear,Dark - Lighted,Dry,Other Principal Arterial,35.0,17,September,6:00am-6:59am,1,Not Reported,1
32.58226667,-117.1056972,Clear,Daylight,Dry,Minor Arterial,30.0,1,August,8:00am-8:59am,2,Four-Way Intersection,1
32.80783611,-116.9621917,Clear,Dark - Not Lighted,Dry,Other Freeways and Expressways,65.0,13,December,9:00pm-9:59pm,1,Not an Intersection,1
33.7294,-116.9664361,Clear,Dark - Lighted,Dry,Minor Arterial,25.0,8,November,10:00pm-10:59pm,2,T-Intersection,1
37.67459167,-122.4688972,Clear,Dark - Lighted,Dry,Interstate,65.0,28,November,10:00pm-10:59pm,2,Not an Intersection,1
37.467325,-120.8490694,Clear,Daylight,Dry,Minor Arterial,55.0,15,December,9:00am-9:59am,2,Four-Way Intersection,5
34.18950833,-118.3265333,Clear,Daylight,Dry,Trafficway Not in State Inventory,49.0,21,April,1:00pm-1:59pm,1,Not an Intersection,1
35.3542,-119.0399056,Clear,Dark - Lighted,Dry,Other Principal Arterial,40.0,22,August,4:00am-4:59am,1,Not an Intersection,1
33.69435556,-117.7714417,Clear,Dark - Lighted,Dry,Interstate,65.0,30,October,7:00pm-7:59pm,2,Not an Intersection,1
37.33209444,-120.4638583,Clear,Dark - Lighted,Dry,Minor Arterial,45.0,26,August,8:00pm-8:59pm,2,Not an Intersection,1
36.77958056,-119.7724,Clear,Dark - Lighted,Dry,Minor Arterial,25.0,26,October,1:00am-1:59am,1,Not an Intersection,1
35.62978333,-117.6768639,Not Reported,Dark - Not Lighted,Dry,Major Collector,40.0,26,October,2:00am-2:59am,1,Not an Intersection,1
33.43224722,-117.6153361,Clear,Daylight,Dry,Interstate,65.0,22,July,9:00am-9:59am,3,Not an Intersection,1
33.18645556,-117.3716389,Clear,Daylight,Dry,Minor Arterial,35.0,28,September,1:00pm-1:59pm,4,Not an Intersection,1
38.58737778,-121.3538556,Clear,Dark - Lighted,Dry,Other Principal Arterial,35.0,12,December,0:00am-0:59am,2,Four-Way Intersection,1
32.56813333,-117.0583361,Clear,Dark - Lighted,Dry,Other Freeways and Expressways,65.0,25,December,9:00pm-9:59pm,1,Not an Intersection,1
33.71335833,-116.2926472,Clear,Dark - Not Lighted,Dry,Other Principal Arterial,45.0,14,May,9:00pm-9:59pm,2,Not an Intersection,1
34.03045,-117.6758667,Clear,Dark - Not Lighted,Dry,Other Freeways and Expressways,55.0,13,January,2:00am-2:59am,4,Not an Intersection,1
34.396,-118.8676639,Clear,Daylight,Dry,Other Principal Arterial,60.0,24,December,2:00pm-2:59pm,2,Not Reported,2
36.31352778,-119.7179944,Cloudy,Dark - Not Lighted,Dry,Major Collector,55.0,24,December,7:00pm-7:59pm,2,Not an Intersection,1
33.92566111,-118.317925,Clear,Dark - Lighted,Dry,Interstate,65.0,7,August,2:00am-2:59am,9,Not an Intersection,1
33.51678611,-117.1613444,Clear,Daylight,Dry,Minor Arterial,40.0,7,December,11:00am-11:59am,1,Four-Way Intersection,1
34.00395,-118.2783306,Cloudy,Dark - Lighted,Dry,Other Principal Arterial,35.0,14,April,5:00am-5:59am,1,Not Reported,1
34.43692222,-117.1033611,Clear,Dark - Not Lighted,Dry,Local,55.0,5,September,7:00pm-7:59pm,2,Not an Intersection,1
38.45283889,-121.3958167,Clear,Daylight,Dry,Other Principal Arterial,45.0,10,September,8:00am-8:59am,1,Four-Way Intersection,1
33.74444167,-118.0329167,Clear,Daylight,Dry,Minor Arterial,45.0,8,September,10:00am-10:59am,2,Four-Way Intersection,2
38.00491389,-121.3076139,Clear,Daylight,Dry,Other Principal Arterial,35.0,25,August,7:00am-7:59am,1,Not an Intersection,1
37.98806667,-121.3260778,Clear,Daylight,Dry,Other Principal Arterial,40.0,10,September,6:00pm-6:59pm,1,Four-Way Intersection,1
37.39361111,-121.9474694,Clear,Dark - Lighted,Dry,Local,35.0,20,September,4:00am-4:59am,1,Not an Intersection,1
37.21970833,-121.7619167,Clear,Daylight,Dry,Other Principal Arterial,45.0,29,September,3:00pm-3:59pm,2,Four-Way Intersection,1
37.37421944,-121.9795056,Clear,Dark - Lighted,Dry,Minor Arterial,40.0,4,October,10:00pm-10:59pm,1,Not an Intersection,1
33.71447222,-117.9078861,Clear,Dark - Lighted,Dry,Other Principal Arterial,45.0,7,October,7:00pm-7:59pm,1,Not an Intersection,1
37.34683611,-121.8377,Clear,Dark - Lighted,Dry,Local,25.0,8,October,0:00am-0:59am,2,Not an Intersection,1
37.37011667,-121.8716556,Clear,Dark - Lighted,Dry,Minor Arterial,45.0,16,October,8:00pm-8:59pm,1,Not Reported,1
37.99593611,-121.3146278,Clear,Dusk,Dry,Other Principal Arterial,35.0,24,October,6:00pm-6:59pm,3,Not an Intersection,1
38.56400556,-121.5414444,Clear,Daylight,Dry,Other Principal Arterial,45.0,28,October,2:00pm-2:59pm,1,Not an Intersection,1
37.66803056,-122.0801694,Clear,Dark - Not Lighted,Dry,Other Principal Arterial,30.0,26,January,8:00pm-8:59pm,1,Not an Intersection,1
34.02331111,-118.0710222,Cloudy,Dark - Lighted,Dry,Other Principal Arterial,45.0,26,December,9:00pm-9:59pm,1,Not an Intersection,1
33.73814722,-117.8678,Clear,Dark - Lighted,Dry,Other Principal Arterial,35.0,21,April,2:00am-2:59am,1,Not an Intersection,1
35.28873611,-119.0605472,Clear,Dark - Lighted,Dry,Local,40.0,27,December,7:00pm-7:59pm,2,T-Intersection,1
32.79540278,-115.5184611,Clear,Daylight,Dry,Other Principal Arterial,55.0,23,July,9:00am-9:59am,2,Not Reported,1
38.45256667,-121.3300639,Clear,Daylight,Dry,Minor Arterial,55.0,5,July,12:00pm-12:59pm,1,T-Intersection,1
34.07306944,-117.2954194,Clear,Dark - Lighted,Dry,Interstate,65.0,28,December,3:00am-3:59am,2,Not an Intersection,1
37.82003056,-122.2542833,Clear,Daylight,Dry,Other Principal Arterial,30.0,3,July,12:00pm-12:59pm,1,"Five Point, or More",1
33.84480278,-116.4829111,Clear,Daylight,Dry,Minor Arterial,55.0,15,August,1:00pm-1:59pm,3,T-Intersection,1
37.29365833,-121.8333194,Clear,Daylight,Dry,Other Principal Arterial,45.0,7,May,7:00am-7:59am,3,Four-Way Intersection,1
38.39334722,-121.3784611,Clear,Dark - Not Lighted,Dry,Major Collector,55.0,28,October,10:00pm-10:59pm,1,Not an Intersection,1
37.32334167,-121.9522,Clear,Dark - Lighted,Dry,Other Principal Arterial,49.0,19,September,8:00pm-8:59pm,1,T-Intersection,1
34.21797778,-119.0526472,Clear,Dark - Not Lighted,Dry,Other Freeways and Expressways,65.0,31,December,0:00am-0:59am,2,Not an Intersection,1
35.41059167,-119.0587778,Clear,Dark - Not Lighted,Dry,Local,50.0,22,August,4:00am-4:59am,1,Not an Intersection,1
38.49634167,-121.2674167,Rain,Dawn,Wet,Minor Arterial,55.0,28,December,7:00am-7:59am,3,Not an Intersection,1
33.71410278,-118.0657639,Clear,Daylight,Dry,Other Principal Arterial,45.0,4,July,11:00am-11:59am,3,Not Reported,1
39.15512222,-123.2082833,Clear,Daylight,Dry,Minor Arterial,30.0,29,October,3:00pm-3:59pm,2,T-Intersection,1
37.74747222,-122.196225,Clear,Dark - Lighted,Dry,Other Principal Arterial,40.0,23,November,8:00pm-8:59pm,1,Four-Way Intersection,1
37.39812222,-121.9130639,Clear,Daylight,Dry,Other Principal Arterial,45.0,27,May,1:00pm-1:59pm,2,Four-Way Intersection,1
37.34341389,-121.9286028,Clear,Daylight,Dry,Other Principal Arterial,25.0,24,June,6:00am-6:59am,2,Four-Way Intersection,1
37.33400278,-121.8746139,Clear,Daylight,Wet,Minor Arterial,25.0,28,July,6:00am-6:59am,1,Not an Intersection,1
37.34506111,-121.8842917,Clear,Daylight,Dry,Minor Arterial,30.0,26,July,12:00pm-12:59pm,2,Four-Way Intersection,1
33.78986667,-118.1872,Clear,Dark - Lighted,Dry,Other Principal Arterial,35.0,19,September,11:00pm-11:59pm,2,T-Intersection,1
33.50206389,-117.1495139,Clear,Daylight,Dry,Minor Arterial,40.0,5,July,5:00pm-5:59pm,3,Not an Intersection,1
33.70874444,-117.9195889,Clear,Dark - Lighted,Dry,Other Principal Arterial,40.0,5,May,8:00pm-8:59pm,2,Four-Way Intersection,1
37.52165,-121.9850639,Clear,Dark - Lighted,Dry,Interstate,65.0,11,May,Unknown Hours,1,Not an Intersection,1
37.68843056,-122.1044667,Clear,Dark - Lighted,Dry,Other Freeways and Expressways,25.0,16,November,9:00pm-9:59pm,1,T-Intersection,1
37.39122778,-121.8843583,Clear,Dark - Lighted,Dry,Local,49.0,22,August,8:00pm-8:59pm,1,Not an Intersection,1
37.90551944,-121.2757639,Clear,Daylight,Dry,Minor Arterial,50.0,10,November,3:00pm-3:59pm,2,Not an Intersection,1
32.62711944,-117.0336028,Clear,Daylight,Dry,Minor Arterial,45.0,14,November,4:00pm-4:59pm,2,Not an Intersection,1
35.37313333,-118.9851583,Clear,Dark - Lighted,Dry,Minor Arterial,45.0,28,September,11:00pm-11:59pm,6,Not an Intersection,2
33.72257222,-117.8505806,Clear,Dark - Lighted,Dry,Other Principal Arterial,45.0,12,November,5:00pm-5:59pm,1,Not an Intersection,1
34.09243611,-117.6584472,Clear,Dark - Lighted,Dry,Minor Arterial,35.0,30,November,5:00pm-5:59pm,2,Not an Intersection,1
32.60174722,-116.68755,Clear,Daylight,Dry,Other Principal Arterial,55.0,8,December,11:00am-11:59am,4,Not an Intersection,1
38.09268611,-122.2343944,Clear,Daylight,Dry,Interstate,65.0,13,July,5:00pm-5:59pm,6,Four-Way Intersection,1
38.50571111,-121.7859972,Clear,Dark - Not Lighted,Dry,Interstate,65.0,7,July,10:00pm-10:59pm,1,Not an Intersection,2
37.70076111,-121.0127472,Clear,Dark - Lighted,Dry,Minor Arterial,50.0,11,November,2:00am-2:59am,1,Four-Way Intersection,1
38.43583333,-121.43945,Cloudy,Daylight,Wet,Minor Arterial,40.0,20,November,1:00pm-1:59pm,1,Not an Intersection,1
33.758425,-116.9716972,Clear,Dark - Lighted,Dry,Major Collector,35.0,21,December,8:00pm-8:59pm,1,Four-Way Intersection,1
33.69409444,-117.9716194,Clear,Dark - Lighted,Dry,Other Principal Arterial,45.0,2,December,10:00pm-10:59pm,2,Four-Way Intersection,1
33.70140833,-117.9685028,Clear,Dark - Lighted,Dry,Other Principal Arterial,45.0,3,December,3:00am-3:59am,2,Not an Intersection,1
32.75110556,-117.2360444,Clear,Dark - Lighted,Dry,Other Principal Arterial,45.0,5,December,5:00am-5:59am,1,Four-Way Intersection,1
34.13590833,-117.2290278,Clear,Dark - Lighted,Dry,Minor Arterial,45.0,8,December,5:00pm-5:59pm,1,T-Intersection,1
34.06386667,-117.8116472,Clear,Daylight,Dry,Interstate,65.0,4,October,4:00pm-4:59pm,3,Not an Intersection,2
35.60420556,-119.3579833,"Fog, Smog, Smoke",Not Reported,Dry,Local,35.0,7,December,3:00am-3:59am,2,Not an Intersection,1
34.07781111,-117.3528417,Clear,Daylight,Dry,Other Principal Arterial,45.0,8,December,10:00am-10:59am,2,Four-Way Intersection,1
37.67822222,-121.0467361,Clear,Daylight,Dry,Minor Arterial,40.0,5,December,11:00am-11:59am,2,Not an Intersection,1
32.79891111,-116.9319306,Clear,Dark - Lighted,Dry,Minor Arterial,40.0,8,December,5:00pm-5:59pm,1,Not an Intersection,1
37.35129167,-120.6244028,Clear,Dark - Not Lighted,Wet,Other Principal Arterial,50.0,8,December,9:00pm-9:59pm,1,Not an Intersection,1
34.59674722,-118.1205417,Clear,Dark - Not Lighted,Dry,Other Principal Arterial,55.0,9,December,9:00pm-9:59pm,3,Not an Intersection,1
34.12265,-117.3660333,Clear,Dark - Lighted,Dry,Major Collector,40.0,12,December,11:00pm-11:59pm,1,Not an Intersection,1
33.61101667,-117.7236028,Clear,Daylight,Dry,Other Principal Arterial,45.0,15,December,1:00pm-1:59pm,2,T-Intersection,1
33.42025278,-117.6184472,Clear,Dark - Lighted,Dry,Local,25.0,22,November,11:00pm-11:59pm,1,Not an Intersection,1
34.14125,-118.3722417,Rain,Dark - Lighted,Wet,Other Principal Arterial,49.0,7,February,6:00pm-6:59pm,1,Not an Intersection,1
34.05838889,-118.2747444,Clear,Dark - Lighted,Dry,Local,15.0,2,December,11:00pm-11:59pm,1,Not an Intersection,1
34.67481111,-118.1501472,Clear,Daylight,Dry,Other Principal Arterial,35.0,3,December,9:00pm-9:59pm,1,Not an Intersection,1
34.00125833,-118.3552972,Clear,Daylight,Dry,Other Principal Arterial,25.0,15,December,4:00pm-4:59pm,2,T-Intersection,1
35.60157778,-119.3552222,Clear,Dark - Unknown Lighting,Dry,Other Principal Arterial,40.0,15,December,5:00pm-5:59pm,1,Not an Intersection,1
34.11776667,-117.4707583,Clear,Dark - Lighted,Dry,Local,35.0,15,December,6:00pm-6:59pm,1,Four-Way Intersection,1
36.71036389,-119.6909889,Clear,Dark - Lighted,Dry,Major Collector,40.0,15,December,8:00pm-8:59pm,2,T-Intersection,2
33.88364722,-118.3959028,Clear,Dark - Lighted,Dry,Other Principal Arterial,35.0,16,December,6:00am-6:59am,1,Four-Way Intersection,1
35.27955,-119.039,Clear,Dark - Lighted,Dry,Minor Arterial,50.0,25,February,6:00pm-6:59pm,1,Not an Intersection,1
34.23159167,-118.5886139,Clear,Dusk,Dry,Minor Arterial,40.0,6,December,5:00pm-5:59pm,1,Not an Intersection,1
34.23371944,-118.4056944,Clear,Dark - Lighted,Dry,Other Principal Arterial,45.0,7,December,5:00pm-5:59pm,1,Not an Intersection,1
37.30117222,-120.4628,Cloudy,Dark - Lighted,Dry,Minor Arterial,35.0,13,December,8:00pm-8:59pm,1,Four-Way Intersection,1
34.202875,-119.1727417,Clear,Daylight,Dry,Local,25.0,13,December,7:00am-7:59am,1,Four-Way Intersection,1
37.73825556,-122.4069611,Clear,Daylight,Dry,Other Principal Arterial,35.0,12,December,6:00am-6:59am,1,Four-Way Intersection,1
37.27401389,-121.8389222,Clear,Daylight,Dry,Other Principal Arterial,35.0,9,December,9:00am-9:59am,1,Not an Intersection,1
34.25383889,-118.3444444,Clear,Daylight,Dry,Other Principal Arterial,35.0,19,May,2:00pm-2:59pm,2,Four-Way Intersection,1
37.79491667,-122.2495944,Cloudy,Dark - Lighted,Wet,Minor Arterial,25.0,12,December,5:00am-5:59am,1,Four-Way Intersection,1
36.58251111,-119.4557167,Clear,Dark - Not Lighted,Dry,Local,25.0,10,December,6:00am-6:59am,3,Not an Intersection,1
33.55556389,-117.1492389,Clear,Daylight,Dry,Minor Arterial,45.0,5,July,5:00pm-5:59pm,2,Not an Intersection,1
34.27287222,-118.3907167,Clear,Dark - Lighted,Dry,Other Principal Arterial,40.0,10,December,8:00pm-8:59pm,1,Not an Intersection,1
34.03173611,-118.4575861,Clear,Dark - Lighted,Dry,Other Principal Arterial,35.0,12,December,7:00pm-7:59pm,6,T-Intersection,1
38.10098056,-121.2787667,Clear,Daylight,Dry,Other Principal Arterial,45.0,17,April,4:00pm-4:59pm,3,Four-Way Intersection,1
34.09205,-117.3262,Clear,Dark - Lighted,Dry,Minor Arterial,40.0,15,November,11:00pm-11:59pm,1,Not an Intersection,1
37.34814722,-121.9325361,Clear,Daylight,Dry,Other Principal Arterial,35.0,21,November,11:00am-11:59am,1,Not an Intersection,1
37.92916944,-121.2661194,Clear,Dusk,Dry,Other Principal Arterial,45.0,3,November,8:00pm-8:59pm,1,Not an Intersection,2
34.8828,-117.0918972,Clear,Dark - Not Lighted,Dry,Other Principal Arterial,55.0,17,December,11:00pm-11:59pm,1,Not an Intersection,1
34.390525,-117.3380556,Clear,Daylight,Dry,Minor Arterial,55.0,18,December,1:00pm-1:59pm,2,T-Intersection,1
34.12131389,-117.3485944,Clear,Dark - Lighted,Dry,Minor Arterial,35.0,19,December,3:00am-3:59am,1,T-Intersection,1
34.69676111,-118.1303139,Clear,Dark - Lighted,Dry,Minor Arterial,45.0,3,August,3:00am-3:59am,1,Four-Way Intersection,1
34.07404444,-117.6896306,Clear,Dark - Lighted,Dry,Other Principal Arterial,49.0,5,August,5:00am-5:59am,1,Four-Way Intersection,1
33.93962778,-117.9679917,Clear,Daylight,Dry,Other Principal Arterial,45.0,19,December,7:00am-7:59am,1,Four-Way Intersection,1
37.33632778,-121.8849583,Clear,Daylight,Dry,Major Collector,25.0,1,October,6:00pm-6:59pm,1,Four-Way Intersection,1
34.03113889,-118.282625,Clear,Daylight,Dry,Local,35.0,17,December,12:00pm-12:59pm,1,T-Intersection,1
35.41249722,-119.17215,Clear,Daylight,Dry,Local,50.0,13,November,11:00am-11:59am,2,Four-Way Intersection,1
36.96893611,-121.4137611,Cloudy,Daylight,Dry,Other Principal Arterial,55.0,18,August,6:00am-6:59am,2,Not an Intersection,1
32.71139722,-117.1477889,Clear,Dark - Lighted,Dry,Interstate,65.0,2,April,4:00am-4:59am,1,Not an Intersection,1
37.376925,-121.9403056,Clear,Dark - Not Lighted,Dry,Other Freeways and Expressways,65.0,7,May,8:00pm-8:59pm,1,Not an Intersection,1
37.96171944,-121.6777528,Clear,Daylight,Dry,Minor Arterial,50.0,6,December,4:00pm-4:59pm,1,Not an Intersection,1
33.89308889,-118.0842972,Clear,Dark - Lighted,Dry,Major Collector,25.0,19,December,7:00pm-7:59pm,2,Four-Way Intersection,1
32.91944444,-117.1251222,Clear,Dark - Lighted,Dry,Minor Arterial,35.0,20,December,5:00am-5:59am,1,Four-Way Intersection,1
33.71469722,-118.0238917,Clear,Dark - Lighted,Dry,Minor Arterial,49.0,19,December,5:00pm-5:59pm,3,Not an Intersection,1
33.84624167,-118.0460778,Clear,Daylight,Dry,Other Principal Arterial,40.0,18,December,12:00pm-12:59pm,4,Four-Way Intersection,1
33.70012778,-117.8824389,Clear,Dark - Lighted,Non-Trafficway or Driveway Access,Other Principal Arterial,49.0,28,August,7:00pm-7:59pm,1,Not an Intersection,1
34.11655,-116.4579278,Clear,Daylight,Dry,Other Principal Arterial,45.0,18,April,11:00am-11:59am,1,Four-Way Intersection,1
38.63698611,-121.3836639,Clear,Dark - Lighted,Dry,Minor Arterial,40.0,4,July,3:00am-3:59am,1,Not an Intersection,1
32.78476389,-116.9622889,Clear,Dark - Lighted,Dry,Minor Arterial,40.0,5,November,5:00pm-5:59pm,1,Not an Intersection,1
37.71561944,-122.1432556,Cloudy,Dark - Lighted,Dry,Other Principal Arterial,25.0,15,July,1:00am-1:59am,2,Not an Intersection,1
33.67454722,-117.336825,Clear,Dusk,Dry,Major Collector,30.0,17,July,6:00pm-6:59pm,2,Four-Way Intersection,1
34.47859167,-117.4082722,Clear,Dark - Lighted,Dry,Local,45.0,20,August,8:00pm-8:59pm,1,Not an Intersection,1
33.66170833,-117.7437083,Clear,Daylight,Dry,Major Collector,55.0,20,December,2:00pm-2:59pm,2,Four-Way Intersection,1
37.72001389,-122.4612889,Clear,Dark - Lighted,Dry,Local,25.0,25,November,1:00am-1:59am,5,Four-Way Intersection,2
33.81886111,-118.1078806,Clear,Daylight,Dry,Minor Arterial,35.0,26,November,7:00am-7:59am,2,Four-Way Intersection,1
34.47066389,-117.3994667,Clear,Dark - Lighted,Dry,Other Principal Arterial,55.0,21,December,11:00pm-11:59pm,2,Four-Way Intersection,2
33.96476111,-118.0326111,Clear,Dark - Lighted,Dry,Other Principal Arterial,49.0,22,December,0:00am-0:59am,1,Not an Intersection,1
37.12750278,-121.6518361,Rain,Dark - Lighted,Wet,Other Principal Arterial,25.0,22,December,3:00am-3:59am,1,Not an Intersection,1
33.93281667,-118.282775,Clear,Dark - Lighted,Dry,Other Principal Arterial,25.0,22,December,4:00am-4:59am,1,Four-Way Intersection,1
34.21893611,-119.1564306,Clear,Dusk,Dry,Other Principal Arterial,45.0,22,December,5:00pm-5:59pm,1,Not an Intersection,1
33.96542778,-118.2871222,Clear,Dark - Lighted,Dry,Minor Arterial,35.0,22,December,6:00pm-6:59pm,1,Four-Way Intersection,1
37.62977778,-122.0891583,Rain,Dark - Lighted,Wet,Major Collector,25.0,23,December,6:00am-6:59am,1,Not an Intersection,1
37.71811667,-121.4397528,Clear,Daylight,Wet,Minor Arterial,35.0,23,December,9:00am-9:59am,2,Not an Intersection,1
36.19986389,-119.3132056,Clear,Dark - Lighted,Dry,Minor Arterial,55.0,23,December,11:00pm-11:59pm,2,Not an Intersection,1
33.95468889,-118.3090694,Clear,Dark - Not Lighted,Dry,Other Principal Arterial,35.0,24,December,6:00pm-6:59pm,2,Four-Way Intersection,1
38.10505,-122.2565167,Clear,Dark - Lighted,Dry,Minor Arterial,25.0,24,December,11:00pm-11:59pm,2,Four-Way Intersection,1
32.80348056,-115.5786333,Clear,Dark - Lighted,Dry,Minor Arterial,55.0,25,December,1:00am-1:59am,1,T-Intersection,1
33.99611389,-118.0729556,"Fog, Smog, Smoke",Dark - Lighted,Dry,Other Principal Arterial,35.0,25,December,3:00am-3:59am,1,Not an Intersection,1
34.08360556,-118.2221111,Cloudy,Dark - Lighted,Dry,Minor Arterial,35.0,26,December,11:00pm-11:59pm,1,Not an Intersection,1
37.75013333,-122.4433917,Clear,Daylight,Dry,Other Principal Arterial,25.0,25,December,1:00pm-1:59pm,2,T-Intersection,1
35.44156111,-119.1763583,Clear,Dark - Not Lighted,Dry,Local,65.0,26,September,0:00am-0:59am,2,Not an Intersection,1
34.05466667,-118.2772806,Clear,Dark - Lighted,Dry,Minor Arterial,35.0,25,December,7:00pm-7:59pm,1,Not an Intersection,1
35.39766389,-118.9615583,Not Reported,Daylight,Not Reported,Minor Arterial,45.0,13,November,2:00pm-2:59pm,1,T-Intersection,1
35.36526667,-118.9941389,Not Reported,Dark - Unknown Lighting,Not Reported,Major Collector,25.0,16,October,7:00pm-7:59pm,1,Not Reported,1
33.78020833,-118.2961167,Clear,Dark - Lighted,Dry,Other Principal Arterial,45.0,26,December,10:00pm-10:59pm,2,Not an Intersection,2
33.88060556,-118.2912222,Clear,Dark - Lighted,Dry,Other Principal Arterial,35.0,28,December,0:00am-0:59am,1,Four-Way Intersection,1
36.02227222,-119.0534528,Clear,Dark - Not Lighted,Dry,Major Collector,55.0,27,December,11:00pm-11:59pm,2,Four-Way Intersection,1
33.75533333,-117.9548861,Not Reported,Dark - Unknown Lighting,Not Reported,Other Principal Arterial,55.0,17,July,11:00pm-11:59pm,1,Not an Intersection,1
33.71565556,-117.9891194,Not Reported,Dark - Unknown Lighting,Not Reported,Other Principal Arterial,55.0,5,July,10:00pm-10:59pm,2,Four-Way Intersection,1
33.99435,-117.9238806,Clear,Dark - Lighted,Dry,Local,35.0,27,December,5:00pm-5:59pm,1,Not an Intersection,1
37.73995278,-122.5073278,Cloudy,Dark - Not Lighted,Wet,Local,30.0,27,December,5:00am-5:59am,1,Not an Intersection,1
38.109925,-122.2546861,Clear,Dark - Lighted,Dry,Other Principal Arterial,30.0,6,July,0:00am-0:59am,3,Four-Way Intersection,1
34.080575,-117.3011639,Cloudy,Dark - Lighted,Dry,Local,25.0,23,December,8:00pm-8:59pm,1,T-Intersection,1
37.16736667,-121.6888972,Clear,Daylight,Dry,Other Principal Arterial,55.0,14,November,1:00pm-1:59pm,4,T-Intersection,1
33.9942,-118.2782472,Clear,Dark - Lighted,Dry,Other Principal Arterial,25.0,25,December,1:00am-1:59am,3,Four-Way Intersection,1
39.68123333,-122.1781389,Clear,Daylight,Dry,Minor Collector,55.0,26,October,6:00pm-6:59pm,1,Not an Intersection,1
36.19628611,-119.0731889,Clear,Daylight,Dry,Major Collector,55.0,3,November,4:00pm-4:59pm,2,Four-Way Intersection,2
37.97985833,-121.7628278,Clear,Daylight,Dry,Minor Arterial,45.0,28,October,10:00am-10:59am,1,Not an Intersection,1
34.11951944,-117.9087944,Clear,Dark - Not Lighted,Dry,Interstate,65.0,25,December,5:00am-5:59am,4,Not an Intersection,1
34.14938333,-118.132375,Clear,Dark - Lighted,Dry,Minor Arterial,25.0,12,July,0:00am-0:59am,1,Not an Intersection,1
37.30964167,-121.831125,Cloudy,Daylight,Dry,Minor Arterial,25.0,28,December,4:00pm-4:59pm,2,T-Intersection,1
33.95512222,-118.2782472,"Fog, Smog, Smoke",Dark - Unknown Lighting,Dry,Other Principal Arterial,35.0,29,December,2:00am-2:59am,1,T-Intersection,1
34.13990278,-117.2787611,Clear,Daylight,Dry,Other Principal Arterial,40.0,29,December,9:00am-9:59am,4,Not an Intersection,1
36.29410833,-119.3052361,Clear,Daylight,Dry,Local,40.0,31,December,12:00pm-12:59pm,2,T-Intersection,1
34.35478333,-119.0635556,Clear,Daylight,Dry,Major Collector,25.0,31,December,3:00pm-3:59pm,1,Four-Way Intersection,1
38.95447778,-122.6456972,Clear,Dark - Not Lighted,Dry,Minor Arterial,30.0,30,December,3:00am-3:59am,1,Not an Intersection,1
33.94554167,-118.2826306,Clear,Dark - Lighted,Dry,Other Principal Arterial,35.0,31,December,11:00pm-11:59pm,1,Four-Way Intersection,1
33.92806111,-116.9336611,Clear,Daylight,Dry,Minor Arterial,45.0,30,December,3:00pm-3:59pm,4,Four-Way Intersection,1
37.64324167,-121.0302667,Clear,Dark - Lighted,Dry,Other Principal Arterial,25.0,5,December,8:00pm-8:59pm,2,Four-Way Intersection,1
33.60919167,-117.7315278,Clear,Dark - Lighted,Dry,Other Principal Arterial,45.0,14,December,5:00pm-5:59pm,2,Not an Intersection,1
32.58387222,-117.1133694,Clear,Daylight,Dry,Other Principal Arterial,35.0,2,August,3:00pm-3:59pm,1,Not an Intersection,1
35.30333333,-119.0748694,Clear,Daylight,Dry,Other Principal Arterial,45.0,27,March,4:00pm-4:59pm,3,Four-Way Intersection,1
38.53618611,-121.1872,Clear,Dark - Not Lighted,Not Reported,Other Principal Arterial,55.0,28,November,4:00am-4:59am,2,Not an Intersection,1
33.90469167,-117.8284778,Clear,Daylight,Dry,Local,35.0,8,October,5:00pm-5:59pm,1,Not an Intersection,1
35.382425,-118.9926278,Clear,Dark - Lighted,Dry,Local,25.0,13,October,5:00am-5:59am,3,Four-Way Intersection,2
37.79743889,-121.2011639,Clear,Dark - Lighted,Dry,Other Principal Arterial,35.0,6,November,8:00pm-8:59pm,1,Not an Intersection,1
34.20190278,-117.8240917,Clear,Dark - Not Lighted,Dry,Minor Collector,55.0,11,March,0:00am-0:59am,1,Not an Intersection,1
32.71732222,-117.1187,Clear,Dark - Lighted,Dry,Other Freeways and Expressways,65.0,20,August,7:00pm-7:59pm,1,Not an Intersection,1
33.89403889,-117.5014972,Clear,Dark - Not Lighted,Dry,Other Freeways and Expressways,65.0,12,September,11:00pm-11:59pm,3,Not an Intersection,1
38.16436111,-122.2074361,Clear,Dark - Not Lighted,Dry,Interstate,65.0,10,December,5:00am-5:59am,2,Not an Intersection,1
37.73531667,-122.4069417,Clear,Dark - Lighted,Dry,Other Freeways and Expressways,50.0,21,December,2:00am-2:59am,1,Not an Intersection,1
38.20828889,-122.1485222,Clear,Dark - Lighted,Dry,Other Freeways and Expressways,55.0,27,October,3:00am-3:59am,1,Not an Intersection,1
33.98181111,-117.4389972,Clear,Dark - Lighted,Dry,Other Principal Arterial,50.0,30,September,7:00pm-7:59pm,2,Not an Intersection,1
33.71406111,-117.9161167,Cloudy,Dark - Lighted,Dry,Local,25.0,26,September,5:00am-5:59am,1,T-Intersection,1
34.01716667,-118.2642722,Clear,Dark - Lighted,Dry,Local,25.0,28,January,0:00am-0:59am,1,Four-Way Intersection,1
34.11072222,-118.1777361,Clear,Dark - Unknown Lighting,Dry,Other Principal Arterial,30.0,7,November,9:00pm-9:59pm,1,Not an Intersection,1
34.20123611,-118.4508639,Clear,Dark - Lighted,Dry,Other Principal Arterial,35.0,8,November,9:00pm-9:59pm,4,Four-Way Intersection,1
35.31136111,-118.9854639,Clear,Dark - Not Lighted,Dry,Minor Arterial,55.0,15,February,2:00am-2:59am,1,Not an Intersection,1
32.82904444,-117.1552083,Clear,Dark - Not Lighted,Dry,Major Collector,30.0,10,November,5:00pm-5:59pm,1,Not an Intersection,1
34.52302778,-117.3643083,Clear,Dark - Lighted,Dry,Minor Arterial,50.0,12,November,9:00pm-9:59pm,2,Not an Intersection,1
34.11226389,-116.4146667,Clear,Daylight,Dry,Minor Arterial,40.0,13,November,8:00am-8:59am,2,T-Intersection,1
37.72321111,-122.4359833,Clear,Daylight,Dry,Other Principal Arterial,20.0,29,November,1:00pm-1:59pm,2,Four-Way Intersection,1
33.74373889,-116.9986111,Clear,Daylight,Dry,Local,35.0,5,December,7:00am-7:59am,2,Not an Intersection,1
37.32338056,-121.9579917,Clear,Daylight,Dry,Other Principal Arterial,40.0,10,December,12:00pm-12:59pm,2,Not an Intersection,1
34.18223611,-118.5535194,Clear,Dark - Lighted,Dry,Minor Arterial,40.0,23,April,10:00pm-10:59pm,1,Four-Way Intersection,1
37.81193889,-121.2278417,Clear,Daylight,Dry,Other Principal Arterial,40.0,5,November,3:00pm-3:59pm,2,T-Intersection,1
33.89556389,-117.2261111,Clear,Dark - Lighted,Dry,Major Collector,25.0,28,March,1:00am-1:59am,4,Not an Intersection,1
34.42578056,-119.2890111,Clear,Daylight,Dry,Other Principal Arterial,45.0,31,July,7:00am-7:59am,1,T-Intersection,1
37.64962222,-120.9937,Clear,Dark - Lighted,Dry,Other Principal Arterial,30.0,2,November,7:00pm-7:59pm,1,T-Intersection,1
40.53165,-122.3742556,Cloudy,Daylight,Wet,Other Principal Arterial,40.0,14,November,12:00pm-12:59pm,3,Four-Way Intersection,1
37.51404444,-122.2560889,Clear,Daylight,Dry,Minor Arterial,35.0,16,November,10:00am-10:59am,1,Not an Intersection,1
37.65205,-121.0234361,Clear,Dark - Not Lighted,Dry,Other Freeways and Expressways,65.0,17,November,2:00am-2:59am,1,Not an Intersection,1
34.69016389,-117.8807083,Clear,Daylight,Dry,Major Collector,55.0,19,November,7:00am-7:59am,3,Four-Way Intersection,1
37.61209167,-120.9806167,Clear,Dark - Not Lighted,Dry,Other Principal Arterial,40.0,23,November,9:00pm-9:59pm,1,Not an Intersection,1
32.97429167,-115.5436722,Clear,Dark - Not Lighted,Dry,Major Collector,25.0,2,December,6:00pm-6:59pm,1,Four-Way Intersection,1
38.42046389,-122.3373083,Clear,Dark - Not Lighted,Dry,Major Collector,55.0,8,December,1:00am-1:59am,1,Not an Intersection,1
40.580125,-122.353025,Clear,Dark - Lighted,Dry,Local,25.0,9,December,11:00pm-11:59pm,1,Not an Intersection,1
37.40557222,-121.7794333,Clear,Dark - Not Lighted,Dry,Local,25.0,20,December,8:00pm-8:59pm,1,Not an Intersection,1
33.1843,-117.2862333,Clear,Daylight,Dry,Major Collector,40.0,9,May,1:00pm-1:59pm,2,Not an Intersection,1
33.67615556,-117.6746667,Clear,Dark - Lighted,Dry,Local,40.0,16,June,0:00am-0:59am,1,T-Intersection,1
33.78843333,-117.984125,Clear,Dark - Lighted,Dry,Other Principal Arterial,40.0,26,June,11:00pm-11:59pm,1,Four-Way Intersection,1
33.66198889,-117.3118306,Clear,Daylight,Dry,Major Collector,25.0,7,July,9:00am-9:59am,2,T-Intersection,1
34.37609167,-117.3353444,Clear,Dark - Lighted,Dry,Major Collector,25.0,10,June,8:00pm-8:59pm,2,Not an Intersection,1
34.30802778,-118.4706917,Clear,Dark - Lighted,Dry,Other Principal Arterial,40.0,6,November,5:00pm-5:59pm,1,Not an Intersection,1
33.13464444,-117.1642167,Clear,Dark - Lighted,Dry,Other Principal Arterial,45.0,6,September,9:00pm-9:59pm,1,T-Intersection,1
34.201025,-118.5615111,Clear,Daylight,Dry,Other Principal Arterial,35.0,7,November,8:00am-8:59am,2,Not an Intersection,1
32.74562778,-117.0350083,Clear,Daylight,Dry,Major Collector,30.0,5,August,8:00am-8:59am,1,Not an Intersection,1
34.13968889,-117.9589056,Clear,Dark - Lighted,Dry,Other Principal Arterial,40.0,7,November,7:00pm-7:59pm,1,Not an Intersection,1
33.89590278,-118.2344194,Clear,Dark - Lighted,Dry,Other Principal Arterial,35.0,22,February,9:00pm-9:59pm,1,T-Intersection,1
33.75598333,-117.8676778,Clear,Daylight,Dry,Other Principal Arterial,30.0,7,August,5:00pm-5:59pm,1,Not an Intersection,1
34.03611944,-118.2385361,Clear,Daylight,Dry,Other Principal Arterial,35.0,7,July,4:00pm-4:59pm,2,T-Intersection,1
37.76595833,-122.2117333,Clear,Dark - Unknown Lighting,Dry,Minor Arterial,30.0,5,October,3:00am-3:59am,1,Not an Intersection,1
34.47144722,-117.2132361,Clear,Daylight,Dry,Other Principal Arterial,55.0,4,November,3:00pm-3:59pm,2,T-Intersection,1
34.51648056,-117.2086278,Clear,Dark - Not Lighted,Dry,Major Collector,55.0,5,November,5:00am-5:59am,1,Not an Intersection,1
33.88298889,-118.2053972,Clear,Dark - Not Lighted,Dry,Other Principal Arterial,40.0,6,November,5:00pm-5:59pm,1,Four-Way Intersection,1
34.10678889,-117.9047278,Clear,Dark - Lighted,Dry,Other Principal Arterial,40.0,9,November,8:00pm-8:59pm,1,Not an Intersection,1
34.30695833,-118.4297694,Clear,Dark - Lighted,Dry,Other Principal Arterial,40.0,11,November,7:00pm-7:59pm,1,Not an Intersection,1
33.8959,-118.2344167,Clear,Dark - Lighted,Dry,Other Principal Arterial,35.0,8,March,7:00pm-7:59pm,1,Not Reported,1
32.66084167,-117.0281806,Clear,Daylight,Dry,Local,25.0,29,June,12:00pm-12:59pm,1,Not an Intersection,1
37.88130556,-122.2751694,Clear,Dark - Lighted,Dry,Local,25.0,14,November,5:00pm-5:59pm,1,Four-Way Intersection,1
37.30015556,-120.4665917,Clear,Dark - Lighted,Dry,Minor Arterial,35.0,25,July,8:00pm-8:59pm,2,Four-Way Intersection,1
37.63818611,-120.971375,Clear,Daylight,Dry,Other Principal Arterial,35.0,30,July,12:00pm-12:59pm,2,T-Intersection,1
34.04195556,-118.2147306,Clear,Dark - Lighted,Dry,Minor Arterial,30.0,19,October,6:00pm-6:59pm,1,Not an Intersection,1
33.96691667,-118.1559389,Clear,Daylight,Dry,Other Principal Arterial,25.0,24,November,3:00pm-3:59pm,2,Four-Way Intersection,1
34.05856389,-118.2401528,Clear,Dark - Lighted,Dry,Minor Arterial,35.0,30,November,0:00am-0:59am,2,Four-Way Intersection,1
34.05600556,-117.7130833,Not Reported,Dark - Lighted,Dry,Other Principal Arterial,45.0,26,November,2:00am-2:59am,1,Not an Intersection,1
33.24388056,-117.3227306,Clear,Dawn,Dry,Minor Arterial,50.0,27,November,6:00am-6:59am,2,Not an Intersection,1
34.02990278,-118.3246778,Clear,Dark - Lighted,Dry,Major Collector,35.0,27,November,5:00pm-5:59pm,1,Not an Intersection,1
33.65251389,-117.9174556,Clear,Dark - Lighted,Dry,Minor Arterial,40.0,29,November,5:00pm-5:59pm,1,T-Intersection,1
33.94554167,-118.3846,Clear,Dark - Lighted,Dry,Other Principal Arterial,35.0,29,November,10:00pm-10:59pm,1,Not an Intersection,1
34.29736111,-118.4192639,Clear,Dark - Lighted,Dry,Other Principal Arterial,40.0,14,November,6:00pm-6:59pm,1,Not an Intersection,1
34.55841389,-118.0941083,Clear,Dark - Lighted,Dry,Minor Arterial,50.0,29,November,10:00pm-10:59pm,2,T-Intersection,1
34.55362222,-117.1906417,Clear,Dark - Not Lighted,Dry,Local,55.0,8,December,7:00pm-7:59pm,1,Not an Intersection,1
33.64451111,-117.9812778,"Fog, Smog, Smoke",Dark - Lighted,Dry,Other Principal Arterial,50.0,19,December,11:00pm-11:59pm,1,Four-Way Intersection,1
34.67508889,-118.0943222,Clear,Dark - Lighted,Non-Trafficway or Driveway Access,Other Principal Arterial,49.0,20,December,5:00pm-5:59pm,3,Not an Intersection,1
37.32699722,-121.0192972,Clear,Daylight,Dry,Local,40.0,23,November,3:00pm-3:59pm,1,Not an Intersection,1
34.50063889,-117.1795194,Clear,Dark - Lighted,Dry,Other Principal Arterial,50.0,23,December,8:00pm-8:59pm,2,Not an Intersection,1
34.20833611,-118.5388667,Clear,Dark - Lighted,Dry,Minor Arterial,40.0,27,December,9:00pm-9:59pm,1,Not an Intersection,1
37.89165278,-122.062825,Cloudy,Dark - Lighted,Dry,Major Collector,30.0,29,December,2:00am-2:59am,1,Not an Intersection,1
37.67806667,-120.9394972,Clear,Dark - Lighted,Dry,Minor Arterial,40.0,17,October,1:00am-1:59am,3,Roundabout,1
37.64799444,-120.9261806,Clear,Dark - Lighted,Dry,Major Collector,35.0,18,October,2:00am-2:59am,1,Not an Intersection,1
34.19290556,-118.6016917,Clear,Daylight,Non-Trafficway or Driveway Access,Trafficway Not in State Inventory,49.0,28,December,10:00am-10:59am,1,Not an Intersection,1
37.52229167,-122.0134611,Clear,Daylight,Dry,Other Principal Arterial,45.0,19,September,8:00am-8:59am,1,Not an Intersection,1
36.31286667,-119.3306639,Clear,Dark - Lighted,Non-Trafficway or Driveway Access,Minor Arterial,49.0,21,November,5:00pm-5:59pm,2,Not an Intersection,1
32.62344444,-117.0162778,Clear,Dark - Lighted,Dry,Minor Arterial,50.0,26,September,10:00pm-10:59pm,1,Not an Intersection,1
33.97371111,-118.2189861,Clear,Dark - Lighted,Dry,Other Principal Arterial,25.0,21,November,10:00pm-10:59pm,1,T-Intersection,1
34.09054722,-117.9976639,Cloudy,Dark - Lighted,Dry,Minor Arterial,45.0,21,January,7:00pm-7:59pm,1,Not an Intersection,1
37.666925,-120.9656972,Clear,Daylight,Dry,Other Principal Arterial,45.0,1,September,11:00am-11:59am,1,Not an Intersection,1
32.82153889,-117.0991528,Clear,Daylight,Dry,Trafficway Not in State Inventory,15.0,3,April,12:00pm-12:59pm,1,Not an Intersection,1
33.79526667,-118.2394028,Clear,Dark - Lighted,Dry,Other Principal Arterial,40.0,27,May,2:00am-2:59am,1,Not an Intersection,2
34.00125,-118.3591667,"Fog, Smog, Smoke",Dawn,Dry,Other Principal Arterial,45.0,5,October,6:00am-6:59am,1,Not an Intersection,1
33.98244167,-118.2767528,Clear,Dark - Not Lighted,Dry,Minor Arterial,35.0,29,July,1:00am-1:59am,1,Not an Intersection,1
37.64940278,-122.0915611,Rain,Dark - Not Lighted,Wet,Other Freeways and Expressways,50.0,25,November,9:00pm-9:59pm,1,Not Reported,1
33.92928611,-118.2335389,Clear,Dark - Lighted,Dry,Local,25.0,12,October,7:00pm-7:59pm,1,Four-Way Intersection,1
34.73318056,-118.1839667,Clear,Daylight,Dry,Minor Arterial,55.0,26,August,10:00pm-10:59pm,2,Four-Way Intersection,1
34.47161944,-117.1812833,Clear,Daylight,Dry,Other Principal Arterial,55.0,6,August,6:00am-6:59am,2,Not an Intersection,1
33.90180833,-118.0641861,Cloudy,Dark - Lighted,Wet,Minor Arterial,40.0,27,November,3:00am-3:59am,1,Not an Intersection,1
33.71555556,-118.0297389,Not Reported,Not Reported,Not Reported,Other Principal Arterial,49.0,1,November,5:00am-5:59am,1,Not an Intersection,1
34.55079444,-117.1557028,Clear,Daylight,Dry,Minor Arterial,55.0,20,October,5:00pm-5:59pm,1,Not an Intersection,1
37.68456389,-122.4703278,Clear,Daylight,Dry,Local,15.0,30,October,7:00am-7:59am,2,Not Reported,1
